tipo_logradouro,nome_logradouro,numero,bairro,cep,lat,lng
Rua,Paulo Roberto da Silva Noqueira,629,Vila Militar,21746090,-22.878488,-43.403945
Rua,Paulo Roberto da Silva Noqueira,631,Vila Militar,21746090,-22.878622,-43.403817
Rua,Paulo Roberto da Silva Noqueira,634,Vila Militar,21746090,-22.878825,-43.403633
Rua,Paulo Roberto da Silva Noqueira,637,Vila Militar,21746090,-22.879023,-43.403461
Rua,Jacks Maritain,141,Penha,21072150,-22.850151,-43.286524
Rua,Jacks Maritain,135,Penha,21072150,-22.850377,-43.286350
Rua,Paulo Roberto da Silva Noqueira,639,Vila Militar,21746090,-22.879239,-43.403357
Rua,Paulo Roberto da Silva Noqueira,640,Vila Militar,21746090,-22.879262,-43.403324
Rua,Paulo Roberto da Silva Noqueira,643,Vila Militar,21746090,-22.879485,-43.403098
Rua,Januario,55,Inhauma,20765140,-22.873304,-43.282575
Rua,Januario,77,Inhauma,20765140,-22.873343,-43.282884
Rua,Januario,83,Inhauma,20765140,-22.873746,-43.282690
Rua,Januario,95,Inhauma,20765140,-22.873459,-43.282926
Rua,Januario,119,Inhauma,20765140,-22.873538,-43.283205
Rua,Januario,175,Inhauma,20765140,-22.873778,-43.283629
Rua,Januario,191,Inhauma,20765140,-22.873864,-43.283694
Rua,Januario,225,Inhauma,20765140,-22.874019,-43.284047
Rua,Francisco de Paula,570,Jacarepagua,22775120,-22.969413,-43.395370
Rua,Cosmos,15,Cosmos,23060400,-22.911676,-43.614559
Rua,Cosmos,67,Cosmos,23060400,-22.911181,-43.614480
Rua,Cosmos,93,Cosmos,23060400,-22.911198,-43.614513
Rua,Paulino do Sacramento,85,Vila Kennedy,21853060,-22.850792,-43.491272
Travessa,Do Rio Branco,24,Penha Circular,20010020,-22.819263,-43.270098
Praca,Barbosa de Oliveira,17,Madureira,21360420,-22.865892,-43.328186
Avenida,De Copacabana,30,Leme,22010122,-22.964547,-43.173667
Avenida,De Copacabana,40,Leme,22010122,-22.963716,-43.173704
Rua,Itapicuru Coelho,149,Tomas Coelho,21370550,-22.862785,-43.308595
Rua,Itapicuru Coelho,133,Tomas Coelho,21370550,-22.862643,-43.308407
Rua,Itapicuru Coelho,53,Tomas Coelho,21370550,-22.863043,-43.307858
Rua,Itapicuru Coelho,163,Tomas Coelho,21370550,-22.862430,-43.308577
Rua,Itapicuru Coelho,115,Tomas Coelho,21370550,-22.862763,-43.308269
Rua,Itapicuru Coelho,125,Tomas Coelho,21370550,-22.862645,-43.308334
Rua,Correa Dias,364,Vigario Geral,21241310,-22.809011,-43.307874
Rua,Correa Dias,402,Vigario Geral,21241310,-22.809292,-43.308575
Rua,Correa Dias,422,Vigario Geral,21241310,-22.808807,-43.308674
Avenida,De Copacabana,36,Leme,22010122,-22.963709,-43.173437
Avenida,De Copacabana,44,Leme,22010122,-22.963996,-43.173754
Rua,Do Silencio,1,Santa Marta,22260140,-22.946214,-43.193505
Rua,Do Silencio,8,Santa Marta,22260140,-22.946326,-43.193840
Rua,Antonio Rego,1338,Olaria,21073312,-22.853196,-43.272085
Rua,Antonio Rego,1300,Olaria,21073312,-22.854025,-43.272322
Rua,Antonio Rego,1310,Olaria,21073312,-22.854276,-43.272226
Rua,Candido Benicio,217,Campinho,21320060,-22.885698,-43.343086
Rua,Candido Benicio,211,Campinho,21320060,-22.885553,-43.342946
Rua,Candido Benicio,159,Campinho,21320060,-22.884985,-43.342695
Travessa,Outeiro,44,Senador Camara,21843164,-22.869971,-43.495954
Travessa,Outeiro,48,Senador Camara,21843164,-22.870076,-43.496222
Travessa,Outeiro,50,Senador Camara,21843164,-22.870058,-43.496522
Travessa,Outeiro,60,Senador Camara,21843164,-22.870249,-43.496574
Rua,Maria Goncalves da Conceicao,21,Santissimo,21730210,-22.862910,-43.510395
Rua,Maria Goncalves da Conceicao,3,Santissimo,21730210,-22.862499,-43.508787
Avenida,Helder Camara,2693,Maria da Graca,21050453,-22.878673,-43.260826
Avenida,Helder Camara,2661,Maria da Graca,21050453,-22.879042,-43.260636
Avenida,Helder Camara,2651,Maria da Graca,21050453,-22.879071,-43.260602
Avenida,Helder Camara,2631,Maria da Graca,21050453,-22.879234,-43.260387
Rua,Passinhos,17,Senador Vasconcelos,23012330,-22.888045,-43.524960
Avenida,Helder Camara,2575,Maria da Graca,21050453,-22.879766,-43.260175
Rua,Geraldo Ireneo Joffily,315,Recreio dos Bandeirantes,22795050,-23.027147,-43.477198
Rua,Antonio Galvao,513,Realengo,21765280,-22.885522,-43.431106
Rua,Antonio Galvao,495,Realengo,21765280,-22.885493,-43.431305
Rua,Antonio Galvao,479,Realengo,21765280,-22.885480,-43.431523
Rua,Antonio Galvao,451,Realengo,21765280,-22.885635,-43.431840
Rua,Antonio Galvao,415,Realengo,21765280,-22.885739,-43.432188
Rua,Antonio Galvao,359,Realengo,21765280,-22.885880,-43.432596
Rua,Antonio Galvao,311,Realengo,21765280,-22.886178,-43.432802
Rua,Antonio Galvao,303,Realengo,21765280,-22.886235,-43.432868
Rua,Antonio Galvao,239,Realengo,21765280,-22.886478,-43.433359
Travessa,Sete,114,Campo Grande,23097650,-22.858109,-43.521113
Travessa,Sete,116,Campo Grande,23097650,-22.858078,-43.520983
Rua,Antonio Galvao,407,Realengo,21765280,-22.885605,-43.432411
Rua,Antonio Galvao,325,Realengo,21765280,-22.886052,-43.432843
Rua,Sergio de Siqueira Macedo,126,Costa Barros,21510640,-22.818018,-43.367580
Rua,Da Jaqueira,100,Vargem Grande,22785155,-22.967615,-43.499088
Avenida,Lucio Costa,5200,Barra da Tijuca,22630012,-23.009607,-43.348287
Rua,Botocudos,91,Freguesia,21911160,-22.788739,-43.170412
Rua,Botocudos,81,Freguesia,21911160,-22.788871,-43.170373
Rua,Botocudos,103,Freguesia,21911160,-22.788765,-43.170506
Rua,Botocudos,19,Freguesia,21911160,-22.789288,-43.169956
Rua,Benilda,8,Taquara,22720005,-22.916772,-43.392027
Rua,Fernandes Valdez,21,Higienopolis,21050770,-22.870321,-43.259820
Rua,Fernandes Valdez,1,Higienopolis,21050770,-22.870978,-43.259781
Rua,Artur Moura,268,Bonsucesso,21041190,-22.871657,-43.252359
Travessa,Erasmo,10,Bairro Sao Geraldo,23095682,-22.865847,-43.561397
Travessa,Erasmo,12,Bairro Sao Geraldo,23095682,-22.866101,-43.561311
Rua,Fernandes Valdez,25,Higienopolis,21050770,-22.870204,-43.259908
Rua,Fernandes Valdez,17,Higienopolis,21050770,-22.871252,-43.259253
Rua,Fernandes Valdez,5,Higienopolis,21050770,-22.870763,-43.259724
Travessa,Das Torres,710,Complexo do Alemao,21061300,-22.861055,-43.283061
Travessa,Das Torres,712,Complexo do Alemao,21061300,-22.861002,-43.282970
Rua,Acataia,179,Costa Barros,21650510,-22.823880,-43.373309
Rua,Acataia,173,Costa Barros,21650510,-22.823932,-43.372183
Rua,Acataia,185,Costa Barros,21650510,-22.824602,-43.373514
Rua,Acataia,182,Costa Barros,21650510,-22.824072,-43.373594
Rua,Acataia,181,Costa Barros,21650510,-22.824053,-43.373443
Rua,Acataia,175,Costa Barros,21650510,-22.823707,-43.372974
Rua,Clodomiro,0,Santa Cruz,23550117,-22.922272,-43.697677
Rua,Acataia,180,Costa Barros,21650510,-22.824030,-43.373449
Travessa,Nove,70,Rocinha,22451455,-22.987958,-43.243087
Travessa,Nove,80,Rocinha,22451455,-22.987958,-43.243087
Travessa,Nove,120,Rocinha,22451455,-22.987958,-43.243087
Travessa,Nove,180,Rocinha,22451455,-22.987958,-43.243087
Travessa,Nove,200,Rocinha,22451455,-22.987958,-43.243087
Rua,Salvador,2004,Barros Filho,21515000,-22.834938,-43.361175
Rua,Orlando Dantas,16,Botafogo,22231010,-22.939932,-43.180841
Rua,Orlando Dantas,12,Botafogo,22231010,-22.939854,-43.179888
Rua,Orlando Dantas,14,Botafogo,22231010,-22.939903,-43.180722
Rua,Orlando Dantas,20,Botafogo,22231010,-22.940249,-43.181192
Rua,Piraua,10,Cosmos,23060060,-22.892885,-43.605941
Elevado,Isaac Zaidmann,1,Costa Barros,21532215,-22.819091,-43.364528
Elevado,Isaac Zaidmann,15,Costa Barros,21532215,-22.818727,-43.364312
Elevado,Isaac Zaidmann,7,Costa Barros,21532215,-22.818731,-43.364734
Rua,Guilherme Veloso,406,Chacrinha,22733040,-22.901012,-43.360135
Rua,Guilherme Veloso,392,Chacrinha,22733040,-22.900731,-43.359406
Rua,Guilherme Veloso,394,Chacrinha,22733040,-22.900820,-43.359520
Rua,Guilherme Veloso,404,Chacrinha,22733040,-22.900920,-43.360097
Beco,Da Liberdade,16,Vicente de Carvalho,21371030,-22.859000,-43.313548
Beco,Da Liberdade,25,Vicente de Carvalho,21371030,-22.858960,-43.313582
Beco,Da Liberdade,27,Vicente de Carvalho,21371030,-22.859305,-43.313565
Beco,Da Liberdade,29,Vicente de Carvalho,21371030,-22.859348,-43.313635
Beco,Da Liberdade,31,Vicente de Carvalho,21371030,-22.859393,-43.313637
Beco,Da Liberdade,47,Vicente de Carvalho,21371030,-22.859265,-43.313390
Beco,Da Liberdade,49,Vicente de Carvalho,21371030,-22.859262,-43.313385
Beco,Da Liberdade,57,Vicente de Carvalho,21371030,-22.859262,-43.313385
Beco,Da Liberdade,68,Vicente de Carvalho,21371030,-22.859097,-43.313197
Beco,Da Liberdade,93,Vicente de Carvalho,21371030,-22.859130,-43.313155
Rua,Joao Olintho,746,Recreio,22790170,-23.013484,-43.459016
Rua,Joao Olintho,730,Recreio,22790170,-23.013540,-43.459229
Rua,Joao Olintho,850,Recreio,22790170,-23.013763,-43.460013
Rua,Joao Olintho,880,Recreio,22790170,-23.013811,-43.460342
Travessa,Das Torres,32,Complexo do Alemao,21061300,-22.861607,-43.283044
Travessa,Das Torres,35,Complexo do Alemao,21061300,-22.861455,-43.283800
Travessa,Das Torres,36,Complexo do Alemao,21061300,-22.861462,-43.283842
Travessa,Das Torres,19,Complexo do Alemao,21061300,-22.861445,-43.283754
Travessa,Das Torres,23,Complexo do Alemao,21061300,-22.861353,-43.281406
Travessa,55 Bloco 72,39,Antares,23510360,-22.919276,-43.657045
Travessa,55 Bloco 72,55,Antares,23510360,-22.919361,-43.656736
Travessa,55 Bloco 72,15,Antares,23510360,-22.919144,-43.657496
Travessa,55 Bloco 72,57,Antares,23510360,-22.919258,-43.656779
Rua,Vasco Barcelos,155,Magalhaes Bastos,21750210,-22.876388,-43.415043
Rua,Vasco Barcelos,95,Magalhaes Bastos,21750210,-22.876456,-43.414613
Rua,Vasco Barcelos,35,Magalhaes Bastos,21750210,-22.876533,-43.414144
Rua,Antonio Ravaiole,112,Santa Cruz,23560120,-22.873935,-43.672930
Estrada,Do Sertao,3021,Anil,22753630,-22.963483,-43.318762
Estrada,Do Sertao,3071,Anil,22753630,-22.963917,-43.318951
Rua,Solivana,54,Cosmos,23587602,-22.918682,-43.622448
Rua,Das Acacias,111,Vargem Grande,22785125,-22.992624,-43.511908
Rua,Das Acacias,112,Vargem Grande,22785125,-22.992600,-43.511905
Rua,Dias Ferreira,325,Leblon,22431050,-22.983263,-43.226491
Rua,Dias Ferreira,321,Leblon,22431050,-22.983632,-43.226878
Rua,Dias Ferreira,297,Leblon,22431050,-22.983746,-43.226920
Estrada,Do Guerengue,1126,Taquara,22713004,-22.931719,-43.380646
Estrada,Do Guerengue,1142,Taquara,22713004,-22.932172,-43.380992
Rua,Geraldo Ireneo Joffily,300,Recreio dos Bandeirantes,22795050,-23.027333,-43.477243
Rua,Dez,85,Mare,21046585,-22.870459,-43.242029
Quadra,Sete Travessa 4,89,Bangu,21863425,-22.849463,-43.468351
Quadra,Sete Travessa 4,88,Bangu,21863425,-22.849533,-43.468365
Estrada,Do Guerengue,1270,Taquara,22713004,-22.932239,-43.381623
Rua,Dias Ferreira,309,Leblon,22431050,-22.983623,-43.226913
Rua,Irani,229,Penha,21020200,-22.831506,-43.278317
Rua,Gregorio de Matos,484,Vigario Geral,21240670,-22.809179,-43.316582
Rua,Pontes Miranda,16,Santa Cruz,23525210,-22.938710,-43.683929
Rua,Pontes Miranda,22,Santa Cruz,23525210,-22.938871,-43.684182
Rua,Pontes Miranda,24,Santa Cruz,23525210,-22.938829,-43.684324
Rua,Pontes Miranda,40,Santa Cruz,23525210,-22.939209,-43.684876
Rua,Pontes Miranda,6,Santa Cruz,23525210,-22.938266,-43.683299
Rua,Pontes Miranda,28,Santa Cruz,23525210,-22.938914,-43.684422
Ladeira,Do Barroso,174,Providencia,23085575,-22.899119,-43.193945
Rua,Gregorio de Matos,500,Vigario Geral,21240670,-22.809509,-43.316987
Rua,Gregorio de Matos,490,Vigario Geral,21240670,-22.809699,-43.316807
Rua,Gregorio de Matos,488,Vigario Geral,21240670,-22.809472,-43.316715
Rua,Rego,405,Ricardo de Albuquerque,21640340,-22.829181,-43.392840
Rua,Domingos Alves Meira,410,Praia da Brisa,23028030,-22.976798,-43.667640
Estrada,Do Guandu,144,Campo Grande,23097200,-22.841323,-43.532051
Estrada,Do Guandu,152,Campo Grande,23097200,-22.842377,-43.532060
Rua,Das Pranchas,20,Paciencia,23587610,-22.930479,-43.629201
Rua,Nilo Sergio,0,Santissimo,23098195,-22.869564,-43.511715
Ladeira,Do Barroso,176,Providencia,23085575,-22.899380,-43.194072
Ladeira,Do Barroso,182,Providencia,23085575,-22.899278,-43.193833
Ladeira,Do Barroso,196,Providencia,23085575,-22.899933,-43.194536
Rua,Fernandes Valdez,41,Higienopolis,21050770,-22.869963,-43.259965
Rua,Pontes Miranda,30,Santa Cruz,23525210,-22.938990,-43.684457
Rua,Mar Del Plata,26,Turiacu,21540280,-22.860816,-43.338127
Travessa,55 Bloco 72,5,Antares,23510360,-22.919223,-43.657548
Travessa,55 Bloco 72,31,Antares,23510360,-22.919235,-43.657187
Rua,Vasco Barcelos,145,Magalhaes Bastos,21750210,-22.876367,-43.415086
Rua,Vasco Barcelos,105,Magalhaes Bastos,21750210,-22.876413,-43.414671
Rua,Vasco Barcelos,65,Magalhaes Bastos,21750210,-22.876549,-43.414278
Rua,Theotonio dos Santos,63,Costa Barros,21532280,-22.819963,-43.359102
Beco,Da Liberdade,51,Vicente de Carvalho,21371030,-22.859262,-43.313385
Beco,Da Liberdade,36,Vicente de Carvalho,21371030,-22.859315,-43.313535
Rua,Antonio Galvao,487,Realengo,21765280,-22.885612,-43.431840
Rua,Antonio Galvao,405,Realengo,21765280,-22.885698,-43.432295
Travessa,Nove,160,Rocinha,22451455,-22.987958,-43.243087
Avenida,De Copacabana,28,Leme,22010122,-22.963972,-43.173662
Rua,Theotonio dos Santos,125,Costa Barros,21532280,-22.820319,-43.359509
Rua,Theotonio dos Santos,11,Costa Barros,21532280,-22.820278,-43.359801
Rua,Cosmos,57,Cosmos,23060400,-22.911285,-43.614449
Rua,Luis Camara,458,Ramos,21031175,-22.842794,-43.256016
Beco,Da Liberdade,58,Vicente de Carvalho,21371030,-22.859262,-43.313385
Rua,Betinho,41,Vila Kennedy,21854066,-22.848515,-43.489475
Rua,Monte Brasil,44,Costa Barros,21532240,-22.822415,-43.356871
Rua,Antonio Galvao,467,Realengo,21765280,-22.885556,-43.431640
Rua,Gregorio de Matos,85,Vigario Geral,21240670,-22.809958,-43.317254
Travessa,Sete,130,Campo Grande,23097650,-22.857945,-43.520553
Rua,Irani,205,Penha,21020200,-22.831699,-43.278075
Rua,Joao Crispim de Barros,4,Acari,21531020,-22.824625,-43.345515
Rua,Paulo Roberto da Silva Noqueira,644,Vila Militar,21746090,-22.879533,-43.403021
Rua,Orlando Dantas,56,Botafogo,22231010,-22.940805,-43.181672
Rua,Orlando Dantas,62,Botafogo,22231010,-22.940579,-43.181996
Rua,Orlando Dantas,6,Botafogo,22231010,-22.939709,-43.180435
Rua,Itapicuru Coelho,59,Tomas Coelho,21370550,-22.863015,-43.307890
Quadra,Sete Travessa 4,86,Bangu,21863425,-22.849631,-43.468275
Elevado,Isaac Zaidmann,3,Costa Barros,21532215,-22.819025,-43.364258
Rua,Frederico de Albuquerque,36,Higienopolis,21050840,-22.876847,-43.259045
Beco,Da Liberdade,48,Vicente de Carvalho,21371030,-22.859262,-43.313385
Rua,Correa Dias,412,Vigario Geral,21241310,-22.809166,-43.308341
Rua,Antonio Galvao,273,Realengo,21765280,-22.886309,-43.433148
Rua,Antonio Galvao,523,Realengo,21765280,-22.885333,-43.430957
Travessa,Nove,90,Rocinha,22451455,-22.987958,-43.243087
Travessa,Nove,130,Rocinha,22451455,-22.987958,-43.243087
Rua,Fragoso,4400,Guaratiba,23031260,-22.955406,-43.610206
Rua,Fernandes Valdez,31,Higienopolis,21050770,-22.870089,-43.259905
Rua,Fernandes Valdez,9,Higienopolis,21050770,-22.870610,-43.259637
Rua,Guilherme Veloso,396,Chacrinha,22733040,-22.900699,-43.359595
Rua,Maria Goncalves da Conceicao,6,Santissimo,21730210,-22.862547,-43.509015
Travessa,Das Torres,40,Complexo do Alemao,21061300,-22.861368,-43.282022
Quadra,Sete Travessa 4,93,Bangu,21863425,-22.849224,-43.468477
Quadra,Sete Travessa 4,94,Bangu,21863425,-22.849147,-43.468504
Rua,Luis Camara,572,Ramos,21031175,-22.843654,-43.256529
Estrada,Dos Vieiras,42,Paciencia,23587610,-22.922580,-43.630111
Rua,Januario,217,Inhauma,20765140,-22.873925,-43.283909
Rua,Frederico de Albuquerque,10,Higienopolis,21050840,-22.877504,-43.258980
Beco,Da Liberdade,61,Vicente de Carvalho,21371030,-22.859262,-43.313385
Beco,Da Liberdade,98,Vicente de Carvalho,21371030,-22.859063,-43.313303
Beco,Da Liberdade,19,Vicente de Carvalho,21371030,-22.859282,-43.313623
Rua,Antonio Galvao,503,Realengo,21765280,-22.885456,-43.431231
Rua,Estrela Nova,22,Cascadura,21311060,-22.886831,-43.328852
Estrada,Dicurana,26,Inhoaiba,23057300,-22.921080,-43.597947
Rua,Mar Del Plata,24,Turiacu,21540280,-22.861025,-43.338246
Rua,Guilherme Veloso,390,Chacrinha,22733040,-22.900667,-43.359341
Rua,Acataia,178,Costa Barros,21650510,-22.823801,-43.373198
Rua,Paulo Roberto da Silva Noqueira,635,Vila Militar,21746090,-22.878911,-43.403549
Rua,Negromonte,84,Anchieta,21645400,-22.818968,-43.397485
Rua,Das Pranchas,22,Paciencia,23587610,-22.930445,-43.629048
Rua,Itapicuru Coelho,83,Tomas Coelho,21370550,-22.862802,-43.307980
Rua,Franscisco de Moura,5,Santa Marta,21853004,-22.948378,-43.193189
Rua,Januario,51,Inhauma,20765140,-22.873294,-43.282539
Rua,Frederico de Albuquerque,24,Higienopolis,21050840,-22.877094,-43.259028
Rua,Solivana,28,Cosmos,23587602,-22.918763,-43.622433
Rua,C,304,Vargem Grande,22785620,-22.987240,-43.498525
Rua,Antonio Galvao,255,Realengo,21765280,-22.886658,-43.433206
Estrada,Dicurana,27,Inhoaiba,23057300,-22.921260,-43.598028
Travessa,Outeiro,62,Senador Camara,21843164,-22.870212,-43.496548
Rua,Hilton Gama,687,Rio de Janeiro,21625150,-22.832296,-43.400030
Avenida,De Copacabana,22,Leme,22010122,-22.963466,-43.173326
Travessa,55 Bloco 72,1,Antares,23510360,-22.919208,-43.657598
Travessa,55 Bloco 72,53,Antares,23510360,-22.919235,-43.656837
Avenida,Devanir Jose de Carvalho,58,Paciencia,23573460,-22.913427,-43.653710
Rua,Acataia,174,Costa Barros,21650510,-22.823650,-43.372858
Rua,Vasco Barcelos,85,Magalhaes Bastos,21750210,-22.876454,-43.414477
Travessa,Norma,24,Senador Camara,21831265,-22.888332,-43.485702
Quadra,Sete Travessa 4,85,Bangu,21863425,-22.849703,-43.468209
Rua,Sergio de Siqueira Macedo,117,Costa Barros,21510640,-22.818093,-43.367468
Beco,Da Liberdade,87,Vicente de Carvalho,21371030,-22.859033,-43.313307
Beco,Da Liberdade,92,Vicente de Carvalho,21371030,-22.859022,-43.313252
Avenida,Helder Camara,2681,Maria da Graca,21050453,-22.878705,-43.260714
Rua,Patativa,17,Inhoaiba Nova Cidade,23064400,-22.903998,-43.593307
Travessa,Wanderlei do Carmo,0,Campo Grande,23042500,-22.932538,-43.561328
Rua,Pontes Miranda,10,Santa Cruz,23525210,-22.938459,-43.683569
Rua,Pontes Miranda,18,Santa Cruz,23525210,-22.938750,-43.684034
Rua,Benilda,4,Taquara,22720005,-22.916771,-43.391952
Rua,Jacks Maritain,137,Penha,21072150,-22.850217,-43.286530
Rua,Guilherme Veloso,402,Chacrinha,22733040,-22.900806,-43.359888
Rua,Nilo Sergio,10,Santissimo,23098195,-22.869654,-43.511838
Rua,Maria Goncalves da Conceicao,25,Santissimo,21730210,-22.863053,-43.510669
Travessa,Das Torres,29,Complexo do Alemao,21061300,-22.861752,-43.281489
Rua,Itapicuru Coelho,101,Tomas Coelho,21370550,-22.862817,-43.308144
Elevado,Isaac Zaidmann,10,Costa Barros,21532215,-22.818800,-43.364337
Rua,Frederico de Albuquerque,56,Higienopolis,21050840,-22.876260,-43.259218
Rua,Frederico de Albuquerque,60,Higienopolis,21050840,-22.876161,-43.259178
Beco,Da Liberdade,53,Vicente de Carvalho,21371030,-22.859262,-43.313385
Beco,Da Liberdade,6,Vicente de Carvalho,21371030,-22.858800,-43.313243
Beco,Da Liberdade,8,Vicente de Carvalho,21371030,-22.858855,-43.313222
Rua,Joao Olintho,960,Recreio,22790170,-23.013968,-43.460823
Rua,Arueira,160,Anil,22753805,-22.967108,-43.333219
Rua,Irani,215,Penha,21020200,-22.831596,-43.278308
Rua,Joao Crispim de Barros,8,Acari,21531020,-22.824638,-43.345329
Rua,Pontes Miranda,58,Santa Cruz,23525210,-22.938495,-43.683693
Rua,Pontes Miranda,12,Santa Cruz,23525210,-22.938604,-43.683807
Travessa,55 Bloco 72,21,Antares,23510360,-22.919435,-43.657231
Rua,Acataia,176,Costa Barros,21650510,-22.823941,-43.373230
Rua,Maria Goncalves da Conceicao,27,Santissimo,21730210,-22.863035,-43.510806
Rua,Maria Goncalves da Conceicao,18,Santissimo,21730210,-22.862763,-43.510207
Rua,Mauricio Grabois,18,Bangu,21862745,-22.859787,-43.468435
Rua,Botocudos,71,Freguesia,21911160,-22.788953,-43.170286
Rua,Anibal Bruno,7,Santa Cruz,23520210,-22.940189,-43.681215
Travessa,Das Torres,15,Complexo do Alemao,21061300,-22.861548,-43.280914
Rua,Itapicuru Coelho,45,Tomas Coelho,21370550,-22.863102,-43.307518
Rua,Luis Camara,468,Ramos,21031175,-22.842817,-43.256014
Elevado,Isaac Zaidmann,2,Costa Barros,21532215,-22.819023,-43.364504
Avenida,Helder Camara,2691,Maria da Graca,21050453,-22.878856,-43.260962
Rua,Patativa,19,Inhoaiba Nova Cidade,23064400,-22.903928,-43.593236
Rua,Arueira,236,Anil,22753805,-22.967487,-43.332622
Rua,Paulo Roberto da Silva Noqueira,642,Vila Militar,21746090,-22.879363,-43.403190
Rua,Theotonio dos Santos,51,Costa Barros,21532280,-22.819940,-43.358991
Quadra,Sete Travessa 4,92,Bangu,21863425,-22.849222,-43.468448
Elevado,Isaac Zaidmann,8,Costa Barros,21532215,-22.818868,-43.364292
Beco,Da Liberdade,88,Vicente de Carvalho,21371030,-22.859022,-43.313252
Beco,Da Liberdade,33,Vicente de Carvalho,21371030,-22.859315,-43.313535
Rua,Joao Olintho,918,Recreio,22790170,-23.013427,-43.458762
Rua,Luiz Geraldo Dias Ferreira,140,Pavuna,21520810,-22.816941,-43.363120
Rua,Monte Brasil,46,Costa Barros,21532240,-22.822434,-43.356862
Rua,Correa Dias,450,Vigario Geral,21241310,-22.809259,-43.308487
Estrada,Do Sertao,1433,Anil,22753630,-22.963187,-43.318593
Travessa,Nove,60,Rocinha,22451455,-22.987958,-43.243087
Travessa,Nove,170,Rocinha,22451455,-22.987958,-43.243087
Rua,Irani,101,Penha,21020200,-22.832435,-43.277364
Rua,Solon Ribeiro,387,Campo Grande,23082220,-22.889193,-43.571805
Travessa,Das Torres,22,Complexo do Alemao,21061300,-22.861501,-43.282315
Rua,Itapicuru Coelho,93,Tomas Coelho,21370550,-22.862750,-43.307945
Rua,Itapicuru Coelho,75,Tomas Coelho,21370550,-22.862880,-43.307973
Rua,Itapicuru Coelho,141,Tomas Coelho,21370550,-22.862602,-43.308471
Rua,Franscisco de Moura,7,Santa Marta,21853004,-22.948225,-43.193191
Beco,Da Liberdade,39,Vicente de Carvalho,21371030,-22.859257,-43.313432
Beco,Da Liberdade,54,Vicente de Carvalho,21371030,-22.859262,-43.313385
Rua,Ibema,20,Mato Alto,23030180,-22.972961,-43.584394
Rua,Correa Dias,286,Vigario Geral,21241310,-22.805751,-43.306744
Rua,Gregorio de Matos,496,Vigario Geral,21240670,-22.809787,-43.316933
Rua,Olivio Uzeda,150,Curicica,22780500,-22.957683,-43.388668
Rua,Irineu Paiva Sodre,115,Sao Fernando,23565310,-22.889649,-43.718697
Travessa,Nove,100,Rocinha,22451455,-22.987958,-43.243087
Alameda,Dalias,7,Parque da Cidade,22451250,-22.981404,-43.240975
Rua,Do Silencio,7,Santa Marta,22260140,-22.946248,-43.193771
Travessa,55 Bloco 72,17,Antares,23510360,-22.918931,-43.657323
Rua,Maria Goncalves da Conceicao,2,Santissimo,21730210,-22.862543,-43.508735
Rua,Cosmos,23,Cosmos,23060400,-22.911530,-43.614540
Beco,Da Liberdade,50,Vicente de Carvalho,21371030,-22.859262,-43.313385
Rua,C,301,Vargem Grande,22785620,-22.987271,-43.498684
Rua,Antonio Galvao,445,Realengo,21765280,-22.885626,-43.431963
Estrada,Dicurana,24,Inhoaiba,23057300,-22.921044,-43.598003
Rua,Hilton Gama,609,Rio de Janeiro,21625150,-22.832572,-43.399270
Rua,Acapori,0,Gardenia Azul,22765650,-22.960588,-43.352885
Rua,Orlando Dantas,44,Botafogo,22231010,-22.940331,-43.181651
Rua,Cosmos,45,Cosmos,23060400,-22.911467,-43.614519
Rua,Mauricio Grabois,40,Bangu,21862745,-22.859842,-43.468547
Travessa,Das Torres,34,Complexo do Alemao,21061300,-22.861530,-43.281962
Travessa,Das Torres,18,Complexo do Alemao,21061300,-22.861427,-43.283765
Travessa,Erasmo,9,Bairro Sao Geraldo,23095682,-22.865746,-43.561426
Rua,Januario,161,Inhauma,20765140,-22.873709,-43.283534
Rua,Antonio Galvao,459,Realengo,21765280,-22.885539,-43.431759
Rua,Gregorio de Matos,150,Vigario Geral,21240670,-22.809909,-43.317132
Rua,Hilton Gama,707,Rio de Janeiro,21625150,-22.832243,-43.400267
Travessa,Norma,28,Senador Camara,21831265,-22.888288,-43.485729
Quadra,Sete Travessa 4,91,Bangu,21863425,-22.849337,-43.468317
Beco,Da Liberdade,14,Vicente de Carvalho,21371030,-22.858768,-43.313275
Beco,Da Liberdade,34,Vicente de Carvalho,21371030,-22.859315,-43.313535
Rua,Antonio Galvao,375,Realengo,21765280,-22.885715,-43.432511
Travessa,Outeiro,66,Senador Camara,21843164,-22.870704,-43.497247
Travessa,Sete,230,Campo Grande,23097650,-22.857950,-43.520420
Travessa,Sete,132,Campo Grande,23097650,-22.857962,-43.520401
Travessa,Sete,122,Campo Grande,23097650,-22.858008,-43.520818
Rua,Mucuri,201,Pilares,20750280,-22.873652,-43.302408
Rua,Pontes Miranda,42,Santa Cruz,23525210,-22.939224,-43.684914
Avenida,Henrique Valadares,143,Centro,20231031,-22.912582,-43.190516
Travessa,55 Bloco 72,29,Antares,23510360,-22.919350,-43.657194
Rua,Guilherme Veloso,408,Chacrinha,22733040,-22.901073,-43.360260
Rua,Paulo Roberto da Silva Noqueira,645,Vila Militar,21746090,-22.879579,-43.402947
Rua,Vasco Barcelos,45,Magalhaes Bastos,21750210,-22.876542,-43.414132
Rua,Frederico de Albuquerque,28,Higienopolis,21050840,-22.877063,-43.259085
Rua,Antonio Galvao,435,Realengo,21765280,-22.885620,-43.432040
Estrada,Do Guerengue,1110,Taquara,22713004,-22.931622,-43.380484
Travessa,Outeiro,68,Senador Camara,21843164,-22.870538,-43.496706
Rua,Arueira,192,Anil,22753805,-22.967201,-43.332980
Travessa,Sete,124,Campo Grande,23097650,-22.858006,-43.520705
Rua,Joao Crispim de Barros,2,Acari,21531020,-22.824579,-43.345504
Travessa,Do Rio Branco,28,Penha Circular,20010020,-22.819162,-43.270000
Rua,Fernandes Valdez,29,Higienopolis,21050770,-22.870141,-43.259882
Rua,Benilda,14,Taquara,22720005,-22.916802,-43.392150
Rua,Paulo Roberto da Silva Noqueira,626,Vila Militar,21746090,-22.878235,-43.404170
Rua,Orlando Dantas,58,Botafogo,22231010,-22.940840,-43.181640
Travessa,Das Torres,28,Complexo do Alemao,21061300,-22.861436,-43.281360
Beco,Da Liberdade,35,Vicente de Carvalho,21371030,-22.859315,-43.313535
Rua,Joao Olintho,900,Recreio,22790170,-23.013893,-43.460439
Avenida,Helder Camara,2667,Maria da Graca,21050453,-22.878987,-43.260639
Travessa,Outeiro,52,Senador Camara,21843164,-22.870302,-43.496566
Rua,Olivio Uzeda,20,Curicica,22780500,-22.957734,-43.389675
Travessa,Do Rio Branco,32,Penha Circular,20010020,-22.819338,-43.270173
Travessa,Do Rio Branco,30,Penha Circular,20010020,-22.819047,-43.270003
Rua,Mar Del Plata,16,Turiacu,21540280,-22.861051,-43.338354
Rua,Guilherme Veloso,388,Chacrinha,22733040,-22.900647,-43.359228
Rua,Negromonte,48,Anchieta,21645400,-22.819287,-43.397247
Rua,Maria Goncalves da Conceicao,26,Santissimo,21730210,-22.863105,-43.510692
Rua,Maria Goncalves da Conceicao,7,Santissimo,21730210,-22.862636,-43.509179
Ladeira,Do Barroso,192,Providencia,23085575,-22.899653,-43.194346
Rua,Joaquim Loureiro,110,Iraja,21230105,-22.823333,-43.332163
Beco,Da Liberdade,46,Vicente de Carvalho,21371030,-22.859275,-43.313387
Beco,Da Liberdade,62,Vicente de Carvalho,21371030,-22.859262,-43.313385
Avenida,Helder Camara,2599,Maria da Graca,21050453,-22.879603,-43.260250
Rua,Correa Dias,374,Vigario Geral,21241310,-22.809018,-43.307974
Rua,Candido Benicio,89,Campinho,21320060,-22.884439,-43.342456
Rua,Arueira,18,Anil,22753805,-22.966657,-43.334467
Rua,Arueira,178,Anil,22753805,-22.967151,-43.333085
Rua,Hilton Gama,677,Rio de Janeiro,21625150,-22.832359,-43.399846
Rua,Vasco Barcelos,115,Magalhaes Bastos,21750210,-22.876384,-43.414780
Travessa,Das Torres,24,Complexo do Alemao,21061300,-22.861226,-43.281304
Travessa,Das Torres,52,Complexo do Alemao,21061300,-22.861571,-43.282677
Rua,Do Cenaculo,87,Cidade de Deus,22772380,-22.949941,-43.360540
Rua,Luis Camara,476,Ramos,21031175,-22.842934,-43.256096
Rua,Betinho,29,Vila Kennedy,21854066,-22.848091,-43.489545
Rua,Gregorio de Matos,486,Vigario Geral,21240670,-22.809634,-43.316454
Rua,Belisario de Souza,722,Padre Miguel,21721250,-22.873077,-43.443374
Rua,Mucuri,203,Pilares,20750280,-22.874085,-43.302330
Travessa,55 Bloco 72,49,Antares,23510360,-22.919264,-43.656780
Travessa,55 Bloco 72,45,Antares,23510360,-22.919071,-43.656805
Travessa,55 Bloco 72,27,Antares,23510360,-22.919207,-43.657207
Rua,Solon Ribeiro,393,Campo Grande,23082220,-22.889228,-43.571838
Rua,Negromonte,72,Anchieta,21645400,-22.819011,-43.397318
Rua,Beija Flor,1073,Santa Cruz,23040256,-22.936611,-43.674722
Rua,Theotonio dos Santos,97,Costa Barros,21532280,-22.820113,-43.359360
Rua,Botocudos,29,Freguesia,21911160,-22.789249,-43.169996
Quadra,Sete Travessa 4,95,Bangu,21863425,-22.849094,-43.468599
Rua,Luis Camara,440,Ramos,21031175,-22.842438,-43.255922
Rua,Betinho,43,Vila Kennedy,21854066,-22.848565,-43.489491
Rua,Pontes Miranda,14,Santa Cruz,23525210,-22.938640,-43.683875
Rua,Pontes Miranda,8,Santa Cruz,23525210,-22.938294,-43.683351
Rua,Pontes Miranda,2,Santa Cruz,23525210,-22.938298,-43.683205
Avenida,Devanir Jose de Carvalho,368,Paciencia,23573460,-22.913578,-43.653780
Rua,Franscisco de Moura,15,Santa Marta,21853004,-22.948237,-43.193271
Beco,Da Liberdade,41,Vicente de Carvalho,21371030,-22.859267,-43.313380
Beco,Da Liberdade,30,Vicente de Carvalho,21371030,-22.859348,-43.313635
Rua,Estrela Nova,18,Cascadura,21311060,-22.887251,-43.329298
Rua,Hilton Gama,653,Rio de Janeiro,21625150,-22.832509,-43.399766
Rua,Euzebio de Almeida,2500,Jardim Sulacap,21741172,-22.890868,-43.398540
Rua,Paulino do Sacramento,81,Vila Kennedy,21853060,-22.850861,-43.491293
Travessa,55 Bloco 72,35,Antares,23510360,-22.919240,-43.657090
Rua,Jacks Maritain,139,Penha,21072150,-22.850129,-43.286504
Rua,Nilo Sergio,13,Santissimo,23098195,-22.869485,-43.511697
Avenida,Devanir Jose de Carvalho,354,Paciencia,23573460,-22.913784,-43.653990
Rua,Do Cenaculo,97,Cidade de Deus,22772380,-22.950141,-43.360437
Beco,Da Liberdade,43,Vicente de Carvalho,21371030,-22.859267,-43.313380
Beco,Da Liberdade,95,Vicente de Carvalho,21371030,-22.858967,-43.312493
Avenida,Helder Camara,2561,Maria da Graca,21050453,-22.879872,-43.260159
Rua,Olivio Uzeda,80,Curicica,22780500,-22.957810,-43.389164
Travessa,Ururai,112,Bela Vista,21511420,-22.837119,-43.359111
Estrada,Do Guandu,155,Campo Grande,23097200,-22.841098,-43.531600
Travessa,55 Bloco 72,43,Antares,23510360,-22.919231,-43.656949
Rua,Benilda,12,Taquara,22720005,-22.916750,-43.391908
Rua,Vasco Barcelos,135,Magalhaes Bastos,21750210,-22.876389,-43.414915
Rua,Maria Goncalves da Conceicao,24,Santissimo,21730210,-22.863090,-43.510639
Rua,Orlando Dantas,60,Botafogo,22231010,-22.940812,-43.181818
Rua,Itapicuru Coelho,47,Tomas Coelho,21370550,-22.863094,-43.307673
Rua,Luis Camara,688,Ramos,21031175,-22.844344,-43.256749
Beco,Da Liberdade,17,Vicente de Carvalho,21371030,-22.859207,-43.313647
Rua,Dez,67,Mare,21046585,-22.870180,-43.241373
Rua,Piraua,610,Cosmos,23060060,-22.892740,-43.605800
Rua,Guilherme Veloso,400,Chacrinha,22733040,-22.900848,-43.359904
Rua,Solon Ribeiro,397,Campo Grande,23082220,-22.889213,-43.572101
Rua,Solon Ribeiro,377,Campo Grande,23082220,-22.889136,-43.571642
Rua,Solon Ribeiro,327,Campo Grande,23082220,-22.888987,-43.571225
Rua,Antonio Galvao,337,Realengo,21765280,-22.885990,-43.432694
Avenida,Meriti,2798,Bras de Pina,21211006,-22.835918,-43.308757
Travessa,55 Bloco 72,61,Antares,23510360,-22.919255,-43.656751
Rua,Acataia,171,Costa Barros,21650510,-22.823825,-43.372479
Rua,Paulo Roberto da Silva Noqueira,638,Vila Militar,21746090,-22.879132,-43.403387
Rua,Negromonte,24,Anchieta,21645400,-22.819524,-43.397055
Rua,Maria Goncalves da Conceicao,0,Santissimo,21730210,-22.862819,-43.510240
Rua,Maria Goncalves da Conceicao,15,Santissimo,21730210,-22.862662,-43.509748
Rua,Dezesseis,163,Liberdade Sta Cruz,23560590,-22.900000,-43.710149
Rua,Mauricio Grabois,16,Bangu,21862745,-22.859623,-43.468317
Travessa,Das Torres,80,Complexo do Alemao,21061300,-22.861589,-43.283112
Quadra,Sete Travessa 4,96,Bangu,21863425,-22.848839,-43.468602
Rua,Do Cenaculo,95,Cidade de Deus,22772380,-22.950104,-43.360437
Rua,Luis Camara,550,Ramos,21031175,-22.843494,-43.256312
Elevado,Isaac Zaidmann,4,Costa Barros,21532215,-22.819025,-43.364268
Elevado,Isaac Zaidmann,0,Costa Barros,21532215,-22.818791,-43.364010
Avenida,Helder Camara,2623,Maria da Graca,21050453,-22.879296,-43.260497
Rua,Luiz Geraldo Dias Ferreira,128,Pavuna,21520810,-22.817038,-43.363094
Rua,Gregorio de Matos,482,Vigario Geral,21240670,-22.809565,-43.316414
Travessa,Outeiro,56,Senador Camara,21843164,-22.870100,-43.496568
Rua,Irani,221,Penha,21020200,-22.831551,-43.278121
Rua,Botocudos,31,Freguesia,21911160,-22.789098,-43.170132
Rua,Anibal Bruno,6,Santa Cruz,23520210,-22.940048,-43.681241
Travessa,Das Torres,14,Complexo do Alemao,21061300,-22.861197,-43.281069
Travessa,Airton Senna,91,Vila Kennedy,21850020,-22.862503,-43.486571
Elevado,Isaac Zaidmann,14,Costa Barros,21532215,-22.818697,-43.364309
Elevado,Isaac Zaidmann,13,Costa Barros,21532215,-22.818747,-43.364274
Rua,Januario,139,Inhauma,20765140,-22.873700,-43.283486
Beco,Da Liberdade,94,Vicente de Carvalho,21371030,-22.859128,-43.313170
Rua,Betinho,33,Vila Kennedy,21854066,-22.848296,-43.489525
Rua,Betinho,27,Vila Kennedy,21854066,-22.848010,-43.489486
Rua,Antonio Galvao,385,Realengo,21765280,-22.885712,-43.432460
Rua,Arueira,80,Anil,22753805,-22.966822,-43.333903
Avenida,Meriti,2774,Bras de Pina,21211006,-22.836184,-43.308791
Travessa,Ururai,78,Bela Vista,21511420,-22.837115,-43.358990
Rua,Landulfo Alves,39,Campo Grande,23075045,-22.882843,-43.566109
Avenida,Henrique Valadares,149,Centro,20231031,-22.912610,-43.190559
Rua,Acataia,168,Costa Barros,21650510,-22.824047,-43.372094
Ladeira,Do Barroso,184,Providencia,23085575,-22.899601,-43.194308
Travessa,Das Torres,16,Complexo do Alemao,21061300,-22.861181,-43.281071
Travessa,Erasmo,8,Bairro Sao Geraldo,23095682,-22.865604,-43.561543
Rua,Frederico de Albuquerque,20,Higienopolis,21050840,-22.877203,-43.259044
Avenida,Helder Camara,2725,Maria da Graca,21050453,-22.878851,-43.261290
Rua,Arueira,110,Anil,22753805,-22.966894,-43.333630
Rua,Do Silencio,6,Santa Marta,22260140,-22.946259,-43.193711
Rua,Paulino do Sacramento,87,Vila Kennedy,21853060,-22.850693,-43.491441
Travessa,Do Rio Branco,26,Penha Circular,20010020,-22.819238,-43.270075
Rua,Negromonte,120,Anchieta,21645400,-22.818648,-43.397611
Rua,Theotonio dos Santos,141,Costa Barros,21532280,-22.820331,-43.359917
Ladeira,Do Barroso,194,Providencia,23085575,-22.899496,-43.194302
Beco,Da Liberdade,42,Vicente de Carvalho,21371030,-22.859267,-43.313380
Beco,Da Liberdade,11,Vicente de Carvalho,21371030,-22.858768,-43.313275
Avenida,Helder Camara,2637,Maria da Graca,21050453,-22.879162,-43.260458
Rua,Arueira,200,Anil,22753805,-22.967426,-43.332681
Rua,Pontes Miranda,20,Santa Cruz,23525210,-22.938778,-43.684127
Rua,Pontes Miranda,26,Santa Cruz,23525210,-22.938917,-43.684384
Rua,Vasco Barcelos,125,Magalhaes Bastos,21750210,-22.876421,-43.414790
Rua,Itapicuru Coelho,155,Tomas Coelho,21370550,-22.862500,-43.308585
Beco,Da Liberdade,59,Vicente de Carvalho,21371030,-22.859262,-43.313385
Beco,Da Liberdade,21,Vicente de Carvalho,21371030,-22.859000,-43.313548
Rua,Estrela Nova,26,Cascadura,21311060,-22.887470,-43.330084
Estrada,Do Guerengue,1230,Taquara,22713004,-22.932270,-43.381176
Rua,Arueira,246,Anil,22753805,-22.967528,-43.332458
Rua,Antonio Rego,1346,Olaria,21073312,-22.854558,-43.272630
Rua,Hilton Gama,719,Rio de Janeiro,21625150,-22.832140,-43.400312
Rua,Hilton Gama,641,Rio de Janeiro,21625150,-22.832582,-43.399583
Rua,Paulino do Sacramento,83,Vila Kennedy,21853060,-22.850909,-43.491282
Travessa,55 Bloco 72,65,Antares,23510360,-22.919464,-43.657037
Elevado,Isaac Zaidmann,6,Costa Barros,21532215,-22.818722,-43.364571
Beco,Da Liberdade,38,Vicente de Carvalho,21371030,-22.859257,-43.313432
Beco,Da Liberdade,10,Vicente de Carvalho,21371030,-22.858770,-43.313273
Beco,Da Liberdade,32,Vicente de Carvalho,21371030,-22.859380,-43.313592
Rua,Ibema,19,Mato Alto,23030180,-22.972992,-43.584838
Avenida,Devanir Jose de Carvalho,56,Paciencia,23573460,-22.913513,-43.653689
Rua,Paulo Roberto da Silva Noqueira,636,Vila Militar,21746090,-22.878940,-43.403553
Rua,Luis Camara,720,Ramos,21031175,-22.844863,-43.256914
Beco,Da Liberdade,44,Vicente de Carvalho,21371030,-22.859267,-43.313380
Rua,Joao Olintho,798,Recreio,22790170,-23.013608,-43.459569
Rua,Betinho,45,Vila Kennedy,21854066,-22.848693,-43.489495
Travessa,Outeiro,70,Senador Camara,21843164,-22.870702,-43.497245
Rua,Olivio Uzeda,114,Curicica,22780500,-22.957730,-43.388903
Rua,Hilton Gama,699,Rio de Janeiro,21625150,-22.832283,-43.400139
Rua,Paulo Roberto da Silva Noqueira,625,Vila Militar,21746090,-22.878171,-43.404188
Rua,Do Cenaculo,89,Cidade de Deus,22772380,-22.949968,-43.360570
Rua,Madalena de 3 Pontes,4,Paciencia,23595090,-22.925740,-43.645148
Rua,Januario,199,Inhauma,20765140,-22.873922,-43.283896
Rua,Antonio Galvao,367,Realengo,21765280,-22.885802,-43.432537
Rua,Arueira,140,Anil,22753805,-22.967022,-43.333295
Avenida,Meriti,2860,Bras de Pina,21211006,-22.835530,-43.308704
Rua,Joao Crispim de Barros,16,Acari,21531020,-22.824761,-43.345347
Travessa,Do Rio Branco,22,Penha Circular,20010020,-22.819340,-43.270100
Rua,Pontes Miranda,32,Santa Cruz,23525210,-22.939043,-43.684595
Rua,Cosmos,95,Cosmos,23060400,-22.911007,-43.614441
Travessa,Das Torres,6,Complexo do Alemao,21061300,-22.861285,-43.280745
Rua,Franscisco de Moura,1,Santa Marta,21853004,-22.948401,-43.193197
Elevado,Isaac Zaidmann,5,Costa Barros,21532215,-22.818927,-43.364327
Beco,Da Liberdade,18,Vicente de Carvalho,21371030,-22.859000,-43.313548
Travessa,Outeiro,58,Senador Camara,21843164,-22.870213,-43.496426
Rua,Piraua,582,Cosmos,23060060,-22.892830,-43.605875
Rua,Belisario de Souza,732,Padre Miguel,21721250,-22.872995,-43.443421
Rua,Joao Crispim de Barros,6,Acari,21531020,-22.824532,-43.345356
Rua,Mucuri,207,Pilares,20750280,-22.873605,-43.302329
Rua,Mar Del Plata,30,Turiacu,21540280,-22.860704,-43.338121
Rua,Mar Del Plata,114,Turiacu,21540280,-22.861064,-43.338458
Rua,Jacks Maritain,143,Penha,21072150,-22.850206,-43.286705
Rua,Negromonte,96,Anchieta,21645400,-22.818903,-43.397453
Rua,Negromonte,132,Anchieta,21645400,-22.818831,-43.397446
Rua,Itapicuru Coelho,25,Tomas Coelho,21370550,-22.863192,-43.307474
Rua,Frederico de Albuquerque,12,Higienopolis,21050840,-22.877334,-43.258971
Beco,Da Liberdade,55,Vicente de Carvalho,21371030,-22.859262,-43.313385
Beco,Da Liberdade,24,Vicente de Carvalho,21371030,-22.858960,-43.313582
Rua,Geraldo Ireneo Joffily,299,Recreio dos Bandeirantes,22795050,-23.027325,-43.477198
Rua,Antonio Galvao,425,Realengo,21765280,-22.885612,-43.432108
Avenida,Meriti,2830,Bras de Pina,21211006,-22.835633,-43.308696
Rua,Piraua,2,Cosmos,23060060,-22.892242,-43.605363
Rua,Franscisco de Moura,9,Santa Marta,21853004,-22.948640,-43.193177
Beco,Da Liberdade,37,Vicente de Carvalho,21371030,-22.859257,-43.313432
Rua,Olivio Uzeda,164,Curicica,22780500,-22.957655,-43.388446
Avenida,Henrique Valadares,151,Centro,20231031,-22.912610,-43.190559
Travessa,55 Bloco 72,37,Antares,23510360,-22.919057,-43.657011
Rua,Jacks Maritain,145,Penha,21072150,-22.850332,-43.286893
Rua,Rego,759,Ricardo de Albuquerque,21640340,-22.828574,-43.393300
Rua,Paulo Roberto da Silva Noqueira,624,Vila Militar,21746090,-22.878109,-43.404280
Rua,Maria Goncalves da Conceicao,23,Santissimo,21730210,-22.862998,-43.510555
Rua,Maria Goncalves da Conceicao,20,Santissimo,21730210,-22.862870,-43.510358
Rua,Sergio de Siqueira Macedo,128,Costa Barros,21510640,-22.817996,-43.367560
Rua,Januario,209,Inhauma,20765140,-22.873938,-43.283852
Rua,Gregorio de Matos,497,Vigario Geral,21240670,-22.809769,-43.316706
Avenida,Meriti,2786,Bras de Pina,21211006,-22.836092,-43.308771
Rua,Orlando Dantas,4,Botafogo,22231010,-22.937979,-43.180932
Rua,Itapicuru Coelho,107,Tomas Coelho,21370550,-22.862848,-43.308212
Rua,Januario,107,Inhauma,20765140,-22.873506,-43.283049
Rua,C,303,Vargem Grande,22785620,-22.987185,-43.498519
Rua,Antonio Galvao,285,Realengo,21765280,-22.886317,-43.432940
Rua,Olivio Uzeda,70,Curicica,22780500,-22.957827,-43.389272
Rua,Do Silencio,2,Santa Marta,22260140,-22.946360,-43.193804
Estrada,Do Guandu,98,Campo Grande,23097200,-22.842163,-43.531964
Travessa,55 Bloco 72,7,Antares,23510360,-22.919152,-43.657509
Travessa,55 Bloco 72,3,Antares,23510360,-22.919163,-43.657612
Rua,Nilo Sergio,9,Santissimo,23098195,-22.869751,-43.511985
Rua,Negromonte,36,Anchieta,21645400,-22.819303,-43.397157
Beco,Da Liberdade,52,Vicente de Carvalho,21371030,-22.859262,-43.313385
Beco,Da Liberdade,13,Vicente de Carvalho,21371030,-22.858768,-43.313275
Estrada,Do Guandu,153,Campo Grande,23097200,-22.840930,-43.532285
Rua,Guilherme Veloso,423,Chacrinha,22733040,-22.900851,-43.359501
Rua,Maria Goncalves da Conceicao,4,Santissimo,21730210,-22.862442,-43.508773
Elevado,Isaac Zaidmann,12,Costa Barros,21532215,-22.818761,-43.364347
Travessa,Nove,150,Rocinha,22451455,-22.987958,-43.243087
Rua,Hilton Gama,671,Rio de Janeiro,21625150,-22.832431,-43.399785
Rua,Do Silencio,4,Santa Marta,22260140,-22.946309,-43.193797
Travessa,55 Bloco 72,51,Antares,23510360,-22.919300,-43.656881
Rua,Solon Ribeiro,295,Campo Grande,23082220,-22.889053,-43.571413
Rua,Paulo Roberto da Silva Noqueira,633,Vila Militar,21746090,-22.878601,-43.403882
Rua,Paulo Roberto da Silva Noqueira,641,Vila Militar,21746090,-22.879331,-43.403211
Beco,Da Liberdade,40,Vicente de Carvalho,21371030,-22.859257,-43.313432
Beco,Da Liberdade,20,Vicente de Carvalho,21371030,-22.859000,-43.313548
Avenida,Helder Camara,2611,Maria da Graca,21050453,-22.879396,-43.260359
Rua,Artur Moura,206,Bonsucesso,21041190,-22.871568,-43.252746
Travessa,Ururai,110,Bela Vista,21511420,-22.836958,-43.358554
Avenida,Henrique Valadares,147,Centro,20231031,-22.912610,-43.190559
Avenida,Devanir Jose de Carvalho,356,Paciencia,23573460,-22.913621,-43.653874
Beco,Da Liberdade,86,Vicente de Carvalho,21371030,-22.859095,-43.313197
Beco,Da Liberdade,23,Vicente de Carvalho,21371030,-22.858983,-43.313568
Rua,Correa Dias,380,Vigario Geral,21241310,-22.809078,-43.308072
Rua,Gregorio de Matos,454,Vigario Geral,21240670,-22.809400,-43.316011
Travessa,Outeiro,54,Senador Camara,21843164,-22.870217,-43.496575
Rua,Arueira,126,Anil,22753805,-22.966942,-43.333493
Rua,Hilton Gama,647,Rio de Janeiro,21625150,-22.832610,-43.399524
Elevado,Isaac Zaidmann,9,Costa Barros,21532215,-22.818843,-43.364323
Beco,Da Liberdade,9,Vicente de Carvalho,21371030,-22.858892,-43.313200
Rua,Monte Brasil,58,Costa Barros,21532240,-22.822653,-43.356893
Rua,Correa Dias,276,Vigario Geral,21241310,-22.805751,-43.306744
Rua,Gregorio de Matos,450,Vigario Geral,21240670,-22.809578,-43.316152
Travessa,Sete,134,Campo Grande,23097650,-22.857921,-43.520300
Travessa,Nove,190,Rocinha,22451455,-22.987958,-43.243087
Travessa,55 Bloco 72,11,Antares,23510360,-22.919206,-43.657428
Rua,Acataia,183,Costa Barros,21650510,-22.824198,-43.373562
Rua,Negromonte,1,Anchieta,21645400,-22.819517,-43.397151
Rua,Pontes Miranda,52,Santa Cruz,23525210,-22.938370,-43.683551
Rua,Mar Del Plata,38,Turiacu,21540280,-22.860647,-43.338117
Travessa,55 Bloco 72,59,Antares,23510360,-22.919296,-43.656729
Travessa,Das Torres,44,Complexo do Alemao,21061300,-22.861503,-43.282194
Travessa,Das Torres,25,Complexo do Alemao,21061300,-22.861279,-43.280788
Rua,Januario,43,Inhauma,20765140,-22.873135,-43.282559
Beco,Da Liberdade,7,Vicente de Carvalho,21371030,-22.858800,-43.313243
Rua,Joao Olintho,762,Recreio,22790170,-23.013475,-43.459406
Travessa,Outeiro,42,Senador Camara,21843164,-22.870009,-43.495975
Rua,Antonio Rego,1318,Olaria,21073312,-22.854347,-43.272338
Travessa,Nove,110,Rocinha,22451455,-22.987958,-43.243087
Rua,Pontes Miranda,36,Santa Cruz,23525210,-22.939142,-43.684754
Rua,Mar Del Plata,34,Turiacu,21540280,-22.860672,-43.338147
Rua,Domingos Alves Meira,181,Praia da Brisa,23028030,-22.976918,-43.667411
Rua,Maria Goncalves da Conceicao,11,Santissimo,21730210,-22.862653,-43.509541
Rua,Orlando Dantas,2,Botafogo,22231010,-22.939680,-43.180414
Rua,Orlando Dantas,36,Botafogo,22231010,-22.940366,-43.181444
Rua,Orlando Dantas,30,Botafogo,22231010,-22.940133,-43.181060
Beco,Da Liberdade,45,Vicente de Carvalho,21371030,-22.859267,-43.313380
Rua,Antonio Galvao,265,Realengo,21765280,-22.886406,-43.433099
Estrada,Dicurana,25,Inhoaiba,23057300,-22.921064,-43.597997
Estrada,Do Guerengue,1242,Taquara,22713004,-22.932182,-43.380927
Travessa,Outeiro,46,Senador Camara,21843164,-22.869928,-43.495966
Rua,Do Silencio,9,Santa Marta,22260140,-22.946227,-43.193726
Rua,Botocudos,51,Freguesia,21911160,-22.789038,-43.170210
Rua,Botocudos,101,Freguesia,21911160,-22.788763,-43.170415
Travessa,Das Torres,39,Complexo do Alemao,21061300,-22.861552,-43.282044
Rua,Betinho,35,Vila Kennedy,21854066,-22.848353,-43.489469
Rua,Pontes Miranda,34,Santa Cruz,23525210,-22.939091,-43.684662
Travessa,55 Bloco 72,25,Antares,23510360,-22.919187,-43.657204
Travessa,55 Bloco 72,19,Antares,23510360,-22.919094,-43.657382
Travessa,55 Bloco 72,67,Antares,23510360,-22.919344,-43.656615
Beco,Da Liberdade,91,Vicente de Carvalho,21371030,-22.859022,-43.313252
Beco,Da Liberdade,12,Vicente de Carvalho,21371030,-22.858768,-43.313275
Beco,Da Liberdade,15,Vicente de Carvalho,21371030,-22.858768,-43.313275
Rua,Arueira,96,Anil,22753805,-22.966873,-43.333774
Rua,Piraua,576,Cosmos,23060060,-22.892430,-43.605577
Rua,Joao Crispim de Barros,10,Acari,21531020,-22.824724,-43.345369
Travessa,55 Bloco 72,41,Antares,23510360,-22.919257,-43.657033
Rua,Guilherme Veloso,398,Chacrinha,22733040,-22.900785,-43.359246
Rua,Theotonio dos Santos,87,Costa Barros,21532280,-22.820070,-43.359295
Travessa,Erasmo,11,Bairro Sao Geraldo,23095682,-22.866050,-43.561295
Rua,Salvador,48,Barros Filho,21515000,-22.832991,-43.362261
Estrada,Do Sertao,565,Anil,22753630,-22.966120,-43.320123
Travessa,Do Rio Branco,20,Penha Circular,20010020,-22.819335,-43.270192
Rua,Nilo Sergio,11,Santissimo,23098195,-22.869643,-43.511831
Rua,Franscisco de Moura,11,Santa Marta,21853004,-22.948264,-43.193208
Travessa,55 Bloco 72,13,Antares,23510360,-22.919057,-43.657583
Rua,Vasco Barcelos,75,Magalhaes Bastos,21750210,-22.876495,-43.414345
Beco,Da Liberdade,28,Vicente de Carvalho,21371030,-22.859350,-43.313637
Rua,Betinho,39,Vila Kennedy,21854066,-22.848487,-43.489510
Rua,Betinho,31,Vila Kennedy,21854066,-22.848228,-43.489488
Rua,Arueira,72,Anil,22753805,-22.966695,-43.334288
Rua,Antonio Rego,1324,Olaria,21073312,-22.854416,-43.272397
Travessa,Sete,136,Campo Grande,23097650,-22.857894,-43.520271
Travessa,55 Bloco 72,9,Antares,23510360,-22.919180,-43.657502
Rua,Anibal Bruno,2,Santa Cruz,23520210,-22.939726,-43.681441
Quadra,Sete Travessa 4,87,Bangu,21863425,-22.849599,-43.468330
Rua,Luis Camara,450,Ramos,21031175,-22.842644,-43.255880
Beco,Da Liberdade,63,Vicente de Carvalho,21371030,-22.859068,-43.313185
Rua,Joao Olintho,816,Recreio,22790170,-23.013735,-43.459730
Rua,Geraldo Ireneo Joffily,325,Recreio dos Bandeirantes,22795050,-23.027180,-43.477196
Avenida,Meriti,2816,Bras de Pina,21211006,-22.835834,-43.308834
Avenida,Henrique Valadares,139,Centro,20231031,-22.912554,-43.190269
Quadra,Sete Travessa 4,90,Bangu,21863425,-22.849476,-43.468328
Travessa,Airton Senna,93,Vila Kennedy,21850020,-22.862672,-43.486588
Rua,Frederico de Albuquerque,44,Higienopolis,21050840,-22.876582,-43.259078
Rua,Arueira,196,Anil,22753805,-22.967283,-43.332803
Rua,Falcao da Frota 1262,1266,Padre Miguel,21721021,-22.870532,-43.442556
Rua,Theotonio dos Santos,129,Costa Barros,21532280,-22.820285,-43.359720
Rua,Do Cenaculo,93,Cidade de Deus,22772380,-22.950035,-43.360475
Rua,Betinho,37,Vila Kennedy,21854066,-22.848444,-43.489486
Rua,Candido Benicio,245,Campinho,21320060,-22.885798,-43.343424
Travessa,Outeiro,64,Senador Camara,21843164,-22.870020,-43.496680
Rua,Irani,235,Penha,21020200,-22.831413,-43.278167
Travessa,55 Bloco 72,47,Antares,23510360,-22.919099,-43.656801
Avenida,Geremario Dantas,210,Tanque,22735015,-22.920769,-43.360200
Rua,Paulo Roberto da Silva Noqueira,630,Vila Militar,21746090,-22.878519,-43.403896
Rua,Paulo Roberto da Silva Noqueira,632,Vila Militar,21746090,-22.878683,-43.403783
Rua,Theotonio dos Santos,55,Costa Barros,21532280,-22.819822,-43.358802
Rua,Anibal Bruno,5,Santa Cruz,23520210,-22.939949,-43.681320
Travessa,Airton Senna,90,Vila Kennedy,21850020,-22.862494,-43.486584
Beco,Da Liberdade,22,Vicente de Carvalho,21371030,-22.859000,-43.313548
Rua,Correa Dias,326,Vigario Geral,21241310,-22.808770,-43.307231
Rua,Fernandes Valdez,13,Higienopolis,21050770,-22.870559,-43.259735
Travessa,55 Bloco 72,23,Antares,23510360,-22.919261,-43.657234
Rua,Solon Ribeiro,367,Campo Grande,23082220,-22.889128,-43.571564
Rua,Itapicuru Coelho,67,Tomas Coelho,21370550,-22.862988,-43.307872
Elevado,Isaac Zaidmann,11,Costa Barros,21532215,-22.818791,-43.364338
Beco,Da Liberdade,56,Vicente de Carvalho,21371030,-22.859262,-43.313385
Beco,Da Liberdade,60,Vicente de Carvalho,21371030,-22.859262,-43.313385
Beco,Da Liberdade,26,Vicente de Carvalho,21371030,-22.859305,-43.313565
Avenida,Helder Camara,2587,Maria da Graca,21050453,-22.879676,-43.260374
Rua,Arueira,70,Anil,22753805,-22.966721,-43.334162
Travessa,Sete,120,Campo Grande,23097650,-22.858076,-43.520902
Rua,Domingos Alves Meira,380,Praia da Brisa,23028030,-22.976730,-43.667751
Rua,Paulo Roberto da Silva Noqueira,627,Vila Militar,21746090,-22.878271,-43.404124
Rua,Vasco Barcelos,55,Magalhaes Bastos,21750210,-22.876467,-43.414255
Rua,Maria Goncalves da Conceicao,1,Santissimo,21730210,-22.862647,-43.508856
Rua,Antonio Galvao,473,Realengo,21765280,-22.885487,-43.431533
Rua,Antonio Galvao,347,Realengo,21765280,-22.885971,-43.432627
Rua,Das Acacias,107,Vargem Grande,22785125,-22.992483,-43.510965
Rua,Quatorze,110,Campo Grande,23067090,-22.882872,-43.614870
Rua,Quatorze,170,Campo Grande,23067090,-22.882434,-43.614817
Rua,Acarape,57,Ricardo de Albuquerque,21620020,-22.838018,-43.403231
Travessa,29,90,Rua 2,22451262,-22.989355,-43.245689
Rua,Sebastiao Felicio,29,Sepetiba,23545356,-22.971363,-43.705185
Rua,Sebastiao Felicio,398,Sepetiba,23545356,-22.971121,-43.704124
Rua,Sebastiao Felicio,42,Sepetiba,23545356,-22.971051,-43.703898
Rua,Hermengarda,384,Meier,20710010,-22.904667,-43.277856
Rua,Do Cenaculo,75,Cidade de Deus,22772380,-22.949443,-43.360774
Rua,Do Cenaculo,73,Cidade de Deus,22772380,-22.949465,-43.360730
Rua,Do Cenaculo,71,Cidade de Deus,22772380,-22.949297,-43.360767
Rua,Do Cenaculo,63,Cidade de Deus,22772380,-22.949054,-43.360900
Rua,Do Cenaculo,51,Cidade de Deus,22772380,-22.948659,-43.361130
Rua,Do Cenaculo,47,Cidade de Deus,22772380,-22.948580,-43.361170
Rua,Do Cenaculo,45,Cidade de Deus,22772380,-22.948541,-43.361147
Rua,Do Cenaculo,83,Cidade de Deus,22772380,-22.949774,-43.360640
Rua,Do Cenaculo,81,Cidade de Deus,22772380,-22.949638,-43.360685
Rua,Do Cenaculo,77,Cidade de Deus,22772380,-22.949537,-43.360632
Rua,Cristo,145,Santo Cristo,20220302,-22.899989,-43.199592
Rua,Cristo,143,Santo Cristo,20220302,-22.898903,-43.200446
Rua,Pirulito,46,Sao Cristovao,20920210,-22.898335,-43.234901
Rua,Ibema,10,Mato Alto,23030180,-22.973668,-43.588445
Rua,Lote Nove,58,Santissimo,23098006,-22.865137,-43.512760
Rua,Moreira Soares,740,Bangu,21842550,-22.867087,-43.479398
Rua,Jacobina,0,Deodoro,21670640,-22.855248,-43.385572
Avenida,Meriti,2886,Bras de Pina,21211006,-22.835197,-43.308846
Avenida,Meriti,2898,Bras de Pina,21211006,-22.834758,-43.308644
Rua,Das Turquesas,287,Rocha Miranda,21510090,-22.851662,-43.352709
Rua,Das Turquesas,277,Rocha Miranda,21510090,-22.851623,-43.352643
Rua,Raul Amaro Nim Ferreira,400,Recreio dos Bandeirantes,22795175,-23.022952,-43.453707
Rua,Raul Amaro Nim Ferreira,90,Recreio dos Bandeirantes,22795175,-23.023139,-43.453671
Escadaria,Do N 308,308,Rocinha,22451264,-22.987544,-43.246403
Rua,Registro,1889,Senador Camara,21832270,-22.904557,-43.490722
Rua,Registro,1988,Senador Camara,21832270,-22.904446,-43.490692
Rua,Latino Coelho,14,Penha,21070720,-22.843588,-43.271305
Rua,Latino Coelho,18,Penha,21070720,-22.843636,-43.271345
Rua,Maria Paula,50,Complexo do Alemao,21061060,-22.861983,-43.276662
Rua,Maria Paula,38,Complexo do Alemao,21061060,-22.861995,-43.276423
Rua,Lais dos Reis,76,Costa Barros,21650230,-22.822896,-43.377785
Rua,Lais dos Reis,102,Costa Barros,21650230,-22.822852,-43.377713
Rua,Lais dos Reis,128,Costa Barros,21650230,-22.822255,-43.377482
Rua,Das Turquesas,347,Rocha Miranda,21510090,-22.851863,-43.353224
Rua,Antonio Rego,1234,Olaria,21073312,-22.853874,-43.271741
Rua,Antonio Rego,1266,Olaria,21073312,-22.854078,-43.271976
Rua,Suda Estelard,17,Campo Grande,23092570,-22.880614,-43.559683
Rua,Suda Estelard,13,Campo Grande,23092570,-22.880448,-43.559653
Rua,Suda Estelard,9,Campo Grande,23092570,-22.880296,-43.559468
Rua,Acarape,117,Ricardo de Albuquerque,21620020,-22.837429,-43.403450
Rua,Luisa Prata,69,Parada de Lucas,21250400,-22.818147,-43.301524
Rua,Luisa Prata,49,Parada de Lucas,21250400,-22.818210,-43.301345
Rua,Luisa Prata,31,Parada de Lucas,21250400,-22.818510,-43.300831
Rua,Luisa Prata,29,Parada de Lucas,21250400,-22.818550,-43.300819
Rua,Divinesia,85,Paciencia,23585435,-22.929831,-43.638980
Rua,Livio Barreto,225,Tanque,22730064,-22.917098,-43.364167
Rua,N,135,Senador Camara,21842550,-22.867108,-43.485280
Rua,N,129,Senador Camara,21842550,-22.867222,-43.485231
Rua,Borborema,344,Madureira,21360150,-22.865734,-43.336551
Rua,Maria Enfermeira,54,Vicente de Carvalho,21371580,-22.854661,-43.313579
Rua,Januaria,45,Flamengo,22250090,-22.939246,-43.174465
Avenida,Menezes Cortes,2740,Jacarepagua,22745130,-22.928549,-43.318916
Avenida,Menezes Cortes,2825,Jacarepagua,22745130,-22.927529,-43.316795
Avenida,Menezes Cortes,3146,Jacarepagua,22745130,-22.927020,-43.315841
Avenida,Menezes Cortes,3054,Jacarepagua,22745130,-22.926755,-43.315577
Rua,America,81,Santo Cristo,21010680,-22.901448,-43.199342
Rua,Henrique de Aragao,0,Santa Cruz,23555120,-22.917000,-43.689051
Rua,Henrique de Aragao,65,Santa Cruz,23555120,-22.916703,-43.689074
Rua,Henrique de Aragao,25,Santa Cruz,23555120,-22.916453,-43.689148
Rua,Henrique de Aragao,75,Santa Cruz,23555120,-22.916802,-43.689069
Rua,Acapori,245,Gardenia Azul,22765650,-22.960799,-43.351468
Rua,Acapori,295,Gardenia Azul,22765650,-22.960386,-43.351927
Travessa,Dos Campeoes,27,Ramos,21040020,-22.854113,-43.254097
Travessa,Dos Campeoes,5,Ramos,21040020,-22.853991,-43.253632
Travessa,Dos Campeoes,31,Ramos,21040020,-22.853995,-43.254314
Travessa,Dos Campeoes,13,Ramos,21040020,-22.854056,-43.253819
Beco,Pinto,13,Campinho,21341370,-22.886781,-43.340343
Rua,Vale dos Passaros,9,Curicica,22710078,-22.948596,-43.385822
Rua,Vale dos Passaros,2,Curicica,22710078,-22.948414,-43.386095
Rua,Vale dos Passaros,6,Curicica,22710078,-22.948327,-43.386190
Rua,Vale dos Passaros,32,Curicica,22710078,-22.948304,-43.385829
Rua,Vale dos Passaros,19,Curicica,22710078,-22.948226,-43.386408
Rua,Vale dos Passaros,0,Curicica,22710078,-22.948307,-43.386570
Rua,Vale dos Passaros,30,Curicica,22710078,-22.948038,-43.386023
Avenida,Menezes Cortes,2830,Jacarepagua,22745130,-22.927392,-43.316600
Avenida,Menezes Cortes,3160,Jacarepagua,22745130,-22.926244,-43.315510
Rua,Guilherme Veloso,397,Chacrinha,22733040,-22.900970,-43.360067
Rua,Guilherme Veloso,409,Chacrinha,22733040,-22.901129,-43.360622
Travessa,Dos Campeoes,1,Ramos,21040020,-22.854127,-43.253591
Travessa,Dos Campeoes,74,Ramos,21040020,-22.854357,-43.254314
Travessa,Dos Campeoes,78,Ramos,21040020,-22.854592,-43.254485
Travessa,Dos Campeoes,17,Ramos,21040020,-22.854044,-43.253884
Travessa,Dos Campeoes,72,Ramos,21040020,-22.854396,-43.254311
Travessa,Dos Campeoes,47,Ramos,21040020,-22.854070,-43.254820
Travessa,Dos Campeoes,21,Ramos,21040020,-22.854135,-43.254000
Rua,Waldir Pereira Nascimento,84,Portuguesa,21932440,-22.802280,-43.210574
Rua,Waldir Pereira Nascimento,87,Portuguesa,21932440,-22.802546,-43.210574
Travessa,Janete Clair,4,Campo Grande,23071646,-22.876110,-43.581120
Travessa,Janete Clair,16,Campo Grande,23071646,-22.875822,-43.581368
Rua,Maria Enfermeira,66,Vicente de Carvalho,21371580,-22.854842,-43.313712
Rua,Maria Enfermeira,74,Vicente de Carvalho,21371580,-22.854875,-43.313942
Rua,Siqueira Campos,30,Copacabana,22031072,-22.968899,-43.184918
Rua,Siqueira Campos,42,Copacabana,22031072,-22.968538,-43.185197
Condominio,Figueiras do Itanhanga,4,Muzema,22753030,-22.985527,-43.320801
Rua,Galieni,285,Bonsucesso,21050780,-22.869338,-43.255695
Rua,Do Radio,88,Campo Grande,23087060,-22.891013,-43.561873
Rua,Nage,93,Ramos,21060620,-22.861325,-43.261880
Rua,Nage,85,Ramos,21060620,-22.861332,-43.261814
Rua,Nage,51,Ramos,21060620,-22.861159,-43.261568
Rua,Nage,45,Ramos,21060620,-22.861126,-43.261588
Rua,Nage,39,Ramos,21060620,-22.861042,-43.261469
Rua,Anibal Bruno,22,Santa Cruz,23520210,-22.939750,-43.681494
Rua,Anibal Bruno,258,Santa Cruz,23520210,-22.940190,-43.681193
Rua,Guilherme Veloso,425,Chacrinha,22733040,-22.900494,-43.361156
Rua,Guilherme Veloso,417,Chacrinha,22733040,-22.900986,-43.360938
Rua,Guilherme Veloso,403,Chacrinha,22733040,-22.901045,-43.360220
Rua,Antonio Nascimento,71,Jardim Guanabara,21941010,-22.806747,-43.211546
Rua,Antonio Nascimento,41,Jardim Guanabara,21941010,-22.806557,-43.211852
Rua,Ocaibi,441,Realengo,21765570,-22.897265,-43.442195
Rua,Ocaibi,417,Realengo,21765570,-22.897327,-43.442109
Rua,Ocaibi,335,Realengo,21765570,-22.897937,-43.441514
Rua,Irineu Correa,52,Iraja,21235540,-22.837422,-43.317342
Rua,Acapori,275,Gardenia Azul,22765650,-22.960721,-43.351668
Rua,Acapori,331,Gardenia Azul,22765650,-22.960731,-43.352243
Rua,Acapori,255,Gardenia Azul,22765650,-22.960631,-43.351663
Rua,Antonio Nascimento,151,Jardim Guanabara,21941010,-22.806598,-43.210459
Estrada,Vitor Dumas,1114,Santa Cruz,23550570,-22.938245,-43.699840
Estrada,Vitor Dumas,1936,Santa Cruz,23550570,-22.938504,-43.699684
Rua,Anibal Bruno,16,Santa Cruz,23520210,-22.940242,-43.681160
Rua,Olimpio de Castro,353,Jardim Sulacap,21741060,-22.888206,-43.389913
Rua,Olimpio de Castro,341,Jardim Sulacap,21741060,-22.888281,-43.389360
Rua,Olimpio de Castro,269,Jardim Sulacap,21741060,-22.888363,-43.389009
Rua,Olimpio de Castro,317,Jardim Sulacap,21741060,-22.888270,-43.389538
Rua,Ivo de Oliveira,15,Vila Kosmos,21210010,-22.851159,-43.305761
Rua,Ouricuri,232,Mare,21030010,-22.841611,-43.246268
Rua,Ouricuri,234,Mare,21030010,-22.841510,-43.246217
Rua,Ouricuri,236,Mare,21030010,-22.841458,-43.246144
Rua,Ouricuri,240,Mare,21030010,-22.841494,-43.246103
Rua,Noe,25,Cidade de Deus,22773410,-22.949772,-43.364384
Rua,Noe,23,Cidade de Deus,22773410,-22.949871,-43.364280
Rua,Noe,21,Cidade de Deus,22773410,-22.949699,-43.364257
Rua,Noe,13,Cidade de Deus,22773410,-22.949607,-43.363938
Rua,Alto Araguaia,23,Magalhaes Bastos,21745470,-22.875292,-43.411429
Rua,Buriti,72,Madureira,23067439,-22.863717,-43.338112
Rua,Buriti,58,Madureira,23067439,-22.864045,-43.338357
Rua,Buriti,84,Madureira,23067439,-22.863952,-43.337592
Rua,Buriti,88,Madureira,23067439,-22.863778,-43.337538
Rua,Buriti,104,Madureira,23067439,-22.863605,-43.337235
Rua,Buriti,36,Madureira,23067439,-22.864266,-43.338686
Rua,Pernambuco,736,Engenho de Dentro,20730030,-22.898413,-43.300331
Rua,Pernambuco,758,Engenho de Dentro,20730030,-22.898534,-43.300522
Rua,Pernambuco,780,Engenho de Dentro,20730030,-22.898206,-43.300827
Rua,Pernambuco,806,Engenho de Dentro,20730030,-22.898230,-43.300990
Rua,De Itamarati,15,Maracana,20550140,-22.915084,-43.230231
Rua,De Itamarati,7,Maracana,20550140,-22.914993,-43.230067
Rua,De Itamarati,27,Maracana,20550140,-22.915443,-43.230514
Rua,Buriti,48,Madureira,23067439,-22.864115,-43.338469
Rua,Buriti,44,Madureira,23067439,-22.864398,-43.338383
Rua,Buriti,24,Madureira,23067439,-22.864512,-43.338938
Rua,Buriti,62,Madureira,23067439,-22.864183,-43.338078
Rua,Buriti,66,Madureira,23067439,-22.864127,-43.337815
Rua,Buriti,80,Madureira,23067439,-22.863854,-43.337827
Rua,Buriti,102,Madureira,23067439,-22.863522,-43.337451
Rua,Buriti,164,Madureira,23067439,-22.862776,-43.336055
Rua,Buriti,132,Madureira,23067439,-22.862876,-43.336925
Rua,Buriti,134,Madureira,23067439,-22.862833,-43.336965
Rua,Buriti,170,Madureira,23067439,-22.862651,-43.335829
Rua,Buriti,136,Madureira,23067439,-22.862858,-43.336884
Rua,Buriti,130,Madureira,23067439,-22.863096,-43.336776
Rua,Buriti,158,Madureira,23067439,-22.862703,-43.336319
Rua,Buriti,98,Madureira,23067439,-22.863532,-43.337629
Rua,Buriti,144,Madureira,23067439,-22.862773,-43.336825
Rua,Buriti,152,Madureira,23067439,-22.862699,-43.336693
Rua,Buriti,160,Madureira,23067439,-22.862502,-43.336386
Rua,Ouricuri,250,Mare,21030010,-22.841212,-43.245928
Rua,Ouricuri,300,Mare,21030010,-22.841267,-43.246055
Rua,Gregorio de Matos,364,Vigario Geral,21240670,-22.808527,-43.315113
Rua,Gregorio de Matos,378,Vigario Geral,21240670,-22.809147,-43.315338
Rua,Gregorio de Matos,394,Vigario Geral,21240670,-22.808740,-43.314346
Rua,Gregorio de Matos,414,Vigario Geral,21240670,-22.808939,-43.314734
Rua,Gregorio de Matos,444,Vigario Geral,21240670,-22.808917,-43.314814
Rua,Gregorio de Matos,360,Vigario Geral,21240670,-22.808730,-43.314273
Rua,Gregorio de Matos,352,Vigario Geral,21240670,-22.809046,-43.315133
Praca,2083,40,Pavuna,21655415,-22.813594,-43.380610
Rua,De Figueiredo,83,Tijuca,20550050,-22.921832,-43.227155
Rua,De Figueiredo,79,Tijuca,20550050,-22.921849,-43.227272
Rua,De Figueiredo,71,Tijuca,20550050,-22.922148,-43.227300
Rua,De Figueiredo,67,Tijuca,20550050,-22.923016,-43.227446
Rua,De Figueiredo,63,Tijuca,20550050,-22.922384,-43.227305
Rua,De Figueiredo,61,Tijuca,20550050,-22.922441,-43.227394
Rua,De Figueiredo,53,Tijuca,20550050,-22.922588,-43.227123
Travessa,Jorge,1463,Sao Jorge,21760830,-22.897556,-43.423463
Estrada,De Jacarepagua,6414,Anil,22753034,-22.952769,-43.338115
Rua,Flammarion,151,Guarabu,21921480,-22.803263,-43.191150
Rua,Flammarion,153,Guarabu,21921480,-22.803256,-43.191116
Rua,Flammarion,154,Guarabu,21921480,-22.803527,-43.190876
Rua,Das Turquesas,317,Rocha Miranda,21510090,-22.851788,-43.353010
Rua,Acapori,339,Gardenia Azul,22765650,-22.960804,-43.352229
Rua,Luisa Prata,23,Parada de Lucas,21250400,-22.818586,-43.300772
Rua,Guilherme Veloso,395,Chacrinha,22733040,-22.900819,-43.359942
Rua,Guilherme Veloso,421,Chacrinha,22733040,-22.900766,-43.361110
Rua,Ocaibi,405,Realengo,21765570,-22.897571,-43.441787
Rua,Sebastiao Felicio,12,Sepetiba,23545356,-22.971124,-43.704212
Rua,Diogenes Sampaio,113,Humaita,22261100,-22.956586,-43.203268
Rua,N,63,Senador Camara,21842550,-22.867965,-43.484969
Avenida,Menezes Cortes,3147,Jacarepagua,22745130,-22.926887,-43.315883
Rua,De Figueiredo,59,Tijuca,20550050,-22.922624,-43.227358
Rua,Livio Barreto,203,Tanque,22730064,-22.917248,-43.364160
Rua,Ivo de Oliveira,11,Vila Kosmos,21210010,-22.851209,-43.305905
Rua,Gregorio de Matos,366,Vigario Geral,21240670,-22.809092,-43.315269
Rua,Das Turquesas,327,Rocha Miranda,21510090,-22.851825,-43.352978
Rua,Guilherme Veloso,411,Chacrinha,22733040,-22.901021,-43.360577
Rua,Acarape,49,Ricardo de Albuquerque,21620020,-22.837955,-43.403231
Rua,Latino Coelho,8,Penha,21070720,-22.843666,-43.270925
Rua,Butia,20,Campo Grande,23080040,-22.899398,-43.556032
Rua,Alegria da Boa Esperanca,21,Caju,20931007,-22.879162,-43.228590
Rua,N,117,Senador Camara,21842550,-22.867384,-43.485147
Rua,N,39,Senador Camara,21842550,-22.868255,-43.484931
Rua,Nilo Val,13,Santissimo,23010190,-22.878196,-43.508951
Rua,Livio Barreto,271,Tanque,22730064,-22.916734,-43.364366
Travessa,Dos Campeoes,33,Ramos,21040020,-22.854015,-43.254428
Rua,Olimpio de Castro,257,Jardim Sulacap,21741060,-22.888283,-43.388935
Rua,Waldir Pereira Nascimento,80,Portuguesa,21932440,-22.801997,-43.210454
Rua,Waldir Pereira Nascimento,81,Portuguesa,21932440,-22.802040,-43.210471
Rua,Acapori,225,Gardenia Azul,22765650,-22.960816,-43.351098
Rua,Acapori,349,Gardenia Azul,22765650,-22.960649,-43.352456
Rua,Luisa Prata,15,Parada de Lucas,21250400,-22.818579,-43.300410
Rua,Luisa Prata,11,Parada de Lucas,21250400,-22.818594,-43.300334
Rua,Siqueira Campos,38,Copacabana,22031072,-22.968687,-43.185058
Rua,Alegria da Boa Esperanca,45,Caju,20931007,-22.880080,-43.229207
Rua,Ibema,210,Mato Alto,23030180,-22.973358,-43.587038
Rua,Noe,9,Cidade de Deus,22773410,-22.949570,-43.363792
Avenida,Menezes Cortes,3168,Jacarepagua,22745130,-22.926186,-43.315302
Rua,Livio Barreto,193,Tanque,22730064,-22.917370,-43.363971
Travessa,Dos Campeoes,23,Ramos,21040020,-22.854010,-43.254019
Travessa,Dos Campeoes,77,Ramos,21040020,-22.854412,-43.254557
Rua,Waldir Pereira Nascimento,79,Portuguesa,21932440,-22.801907,-43.210463
Rua,Raul Amaro Nim Ferreira,120,Recreio dos Bandeirantes,22795175,-23.022634,-43.453860
Rua,Buriti,126,Madureira,23067439,-22.863035,-43.337163
Rua,Buriti,92,Madureira,23067439,-22.863402,-43.337748
Rua,Buriti,162,Madureira,23067439,-22.864052,-43.338275
Rua,Hermengarda,394,Meier,20710010,-22.904766,-43.277819
Rua,Das Turquesas,337,Rocha Miranda,21510090,-22.851875,-43.353189
Rua,Acapori,321,Gardenia Azul,22765650,-22.960561,-43.352047
Rua,Dantas,24,Centro,20031203,-22.911892,-43.176465
Rua,Latino Coelho,34,Penha,21070720,-22.843483,-43.271658
Estrada,Vitor Dumas,1802,Santa Cruz,23550570,-22.937542,-43.699982
Rua,Ocaibi,385,Realengo,21765570,-22.897809,-43.441719
Rua,Alegria da Boa Esperanca,49,Caju,20931007,-22.880080,-43.229207
Rua,Ibema,1,Mato Alto,23030180,-22.973801,-43.589107
Travessa,Janete Clair,18,Campo Grande,23071646,-22.875755,-43.581476
Rua,Nilo Val,19,Santissimo,23010190,-22.878731,-43.509319
Bloco,53,0,Paciencia,23595060,-22.934038,-43.649143
Rua,De Figueiredo,77,Tijuca,20550050,-22.922000,-43.227186
Rua,De Figueiredo,51,Tijuca,20550050,-22.922868,-43.227457
Rua,Buriti,116,Madureira,23067439,-22.863096,-43.337268
Rua,Flammarion,152,Guarabu,21921480,-22.803586,-43.190885
Rua,Acapori,285,Gardenia Azul,22765650,-22.960747,-43.351812
Rua,Acapori,265,Gardenia Azul,22765650,-22.960697,-43.351559
Rua,Antonio Nascimento,131,Jardim Guanabara,21941010,-22.806636,-43.210805
Rua,Irineu Correa,66,Iraja,21235540,-22.837703,-43.317509
Rua,Nilo Val,16,Santissimo,23010190,-22.878322,-43.509063
Travessa,Dos Campeoes,29,Ramos,21040020,-22.853997,-43.254263
Rua,Gregorio de Matos,380,Vigario Geral,21240670,-22.809142,-43.315416
Estrada,Vitor Dumas,1938,Santa Cruz,23550570,-22.938537,-43.699636
Rua,Ocaibi,475,Realengo,21765570,-22.897076,-43.442385
Rua,Sebastiao Felicio,18,Sepetiba,23545356,-22.971196,-43.704340
Rua,Alegria da Boa Esperanca,43,Caju,20931007,-22.880080,-43.229207
Rua,Irapua,2,Cosmos,23066510,-22.887318,-43.615125
Rua,Antonio Nascimento,111,Jardim Guanabara,21941010,-22.806650,-43.210383
Rua,Anibal Bruno,21,Santa Cruz,23520210,-22.939786,-43.681451
Avenida,Menezes Cortes,3136,Jacarepagua,22745130,-22.927193,-43.316256
Rua,Nilo Val,17,Santissimo,23010190,-22.878491,-43.508956
Praca,Managua,1,Bento Ribeiro,21550520,-22.860393,-43.363658
Rua,Ouricuri,258,Mare,21030010,-22.841083,-43.245818
Rua,Ouricuri,254,Mare,21030010,-22.841175,-43.246026
Rua,Gregorio de Matos,358,Vigario Geral,21240670,-22.809096,-43.315211
Rua,Waldir Pereira Nascimento,83,Portuguesa,21932440,-22.802188,-43.210511
Rua,Waldir Pereira Nascimento,91,Portuguesa,21932440,-22.802806,-43.210549
Rua,De Itamarati,21,Maracana,20550140,-22.915442,-43.230475
Rua,Quatorze,100,Campo Grande,23067090,-22.882919,-43.614860
Rua,Das Turquesas,241,Rocha Miranda,21510090,-22.851516,-43.352288
Rua,Guilherme Veloso,399,Chacrinha,22733040,-22.901020,-43.360098
Rua,Cristo,147,Santo Cristo,20220302,-22.898990,-43.200433
Rua,Vale dos Passaros,5,Curicica,22710078,-22.948411,-43.386025
Travessa,Anne,0,Jardim Luana,23031201,-22.971978,-43.631280
Rua,Anibal Bruno,19,Santa Cruz,23520210,-22.939986,-43.681331
Rua,Do Cenaculo,57,Cidade de Deus,22772380,-22.948877,-43.360990
Rua,N,123,Senador Camara,21842550,-22.867307,-43.485284
Avenida,Menezes Cortes,3185,Jacarepagua,22745130,-22.926510,-43.315355
Rua,Nilo Val,21,Santissimo,23010190,-22.879005,-43.509203
Rua,Ouricuri,242,Mare,21030010,-22.841399,-43.246047
Rua,Gregorio de Matos,346,Vigario Geral,21240670,-22.808820,-43.314548
Rua,Gregorio de Matos,406,Vigario Geral,21240670,-22.808512,-43.314557
Rua,Teresinha Pietro Bom,852,Tanque,22725549,-22.908363,-43.369881
Rua,Henrique Basilio,50,Realengo,21765170,-22.895329,-43.432859
Rua,Buriti,114,Madureira,23067439,-22.863202,-43.337344
Rua,Sebastiao Felicio,352,Sepetiba,23545356,-22.971273,-43.704784
Rua,Sebastiao Felicio,400,Sepetiba,23545356,-22.971078,-43.703908
Rua,Theotonio dos Santos,3648,Costa Barros,21532280,-22.821043,-43.362790
Rua,Nage,75,Ramos,21060620,-22.861292,-43.261772
Rua,Vale dos Passaros,11,Curicica,22710078,-22.948279,-43.386062
Rua,Maria Enfermeira,58,Vicente de Carvalho,21371580,-22.854798,-43.313579
Rua,Gregorio de Matos,404,Vigario Geral,21240670,-22.808653,-43.314719
Rua,Antonio Rego,1242,Olaria,21073312,-22.853986,-43.271701
Rua,Gerson Ferreira,27,Mare,21031042,-22.841396,-43.248927
Rua,Buriti,90,Madureira,23067439,-22.863469,-43.337812
Rua,Buriti,156,Madureira,23067439,-22.862545,-43.336460
Rua,Lais dos Reis,126,Costa Barros,21650230,-22.822613,-43.377359
Rua,Das Turquesas,393,Rocha Miranda,21510090,-22.851975,-43.353629
Rua,Luisa Prata,45,Parada de Lucas,21250400,-22.818365,-43.301161
Rua,Luisa Prata,21,Parada de Lucas,21250400,-22.818606,-43.300728
Rua,Acarape,97,Ricardo de Albuquerque,21620020,-22.837617,-43.403347
Avenida,Menezes Cortes,3154,Jacarepagua,22745130,-22.926750,-43.315676
Avenida,Menezes Cortes,3161,Jacarepagua,22745130,-22.927171,-43.316045
Rua,Henrique de Aragao,81,Santa Cruz,23555120,-22.916899,-43.688987
Rua,Olimpio de Castro,281,Jardim Sulacap,21741060,-22.888357,-43.389168
Rua,Buriti,40,Madureira,23067439,-22.864337,-43.338641
Rua,Sebastiao Felicio,432,Sepetiba,23545356,-22.971249,-43.704676
Rua,Vale dos Passaros,1,Curicica,22710078,-22.948394,-43.386159
Rua,Anibal Bruno,288,Santa Cruz,23520210,-22.940476,-43.680984
Rua,Do Cenaculo,65,Cidade de Deus,22772380,-22.949124,-43.360847
Rua,Ibema,6,Mato Alto,23030180,-22.973646,-43.588859
Rua,Maria Enfermeira,40,Vicente de Carvalho,21371580,-22.854448,-43.313410
Travessa,Dos Campeoes,19,Ramos,21040020,-22.854001,-43.253938
Travessa,Dos Campeoes,45,Ramos,21040020,-22.854127,-43.254715
Rua,Pernambuco,746,Engenho de Dentro,20730030,-22.898340,-43.300434
Rua,Antonio Rego,1274,Olaria,21073312,-22.854176,-43.272075
Estrada,Da Urucanga,467,Anil,22750030,-22.948495,-43.334511
Rua,Das Turquesas,395,Rocha Miranda,21510090,-22.851975,-43.353672
Rua,Das Turquesas,357,Rocha Miranda,21510090,-22.851911,-43.353280
Rua,Luisa Prata,9,Parada de Lucas,21250400,-22.818590,-43.300334
Rua,Acarape,67,Ricardo de Albuquerque,21620020,-22.837906,-43.403231
Rua,Clementina de Jesus,81,Recreio dos Bandeirantes,22795320,-23.023881,-43.485208
Rua,Antonio Nascimento,201,Jardim Guanabara,21941010,-22.806706,-43.209936
Travessa,29,60,Rua 2,22451262,-22.989643,-43.245775
Rua,Ibema,240,Mato Alto,23030180,-22.973288,-43.586773
Travessa,Dos Campeoes,3,Ramos,21040020,-22.853991,-43.253518
Rua,Quatorze,150,Campo Grande,23067090,-22.882621,-43.614839
Rua,Lote Nove,25,Santissimo,23098006,-22.865131,-43.512658
Rua,Das Turquesas,383,Rocha Miranda,21510090,-22.851942,-43.353567
Travessa,Isabel,45,Complexo da Mare,21044280,-22.850219,-43.242368
Praca,2083,42,Pavuna,21655415,-22.813477,-43.380749
Rua,Alegria da Boa Esperanca,51,Caju,20931007,-22.880080,-43.229207
Rua,Do Cenaculo,69,Cidade de Deus,22772380,-22.949253,-43.360853
Rua,Gregorio de Matos,456,Vigario Geral,21240670,-22.809373,-43.315872
Rua,Waldir Pereira Nascimento,92,Portuguesa,21932440,-22.802748,-43.210699
Rua,Geralda Moreira Barboza,120,Sao Fernando,23565300,-22.889992,-43.718422
Estrada,Da Urucanga,421,Anil,22750030,-22.948469,-43.334824
Praca,Barbosa de Oliveira,15,Madureira,21360420,-22.864949,-43.328917
Rua,Acapori,319,Gardenia Azul,22765650,-22.960671,-43.351981
Beco,Pinto,6,Campinho,21341370,-22.886700,-43.339814
Rua,Guilherme Veloso,401,Chacrinha,22733040,-22.901014,-43.360218
Rua,Latino Coelho,22,Penha,21070720,-22.843577,-43.271545
Praca,2083,39,Pavuna,21655415,-22.813599,-43.380666
Praca,Maua,0,Saude,20081240,-22.895882,-43.181489
Travessa,25,25,Senador Camara,21833179,-22.877856,-43.495236
Rua,Vale dos Passaros,18,Curicica,22710078,-22.948359,-43.386550
Rua,Antonio Nascimento,191,Jardim Guanabara,21941010,-22.806539,-43.210890
Rua,N,51,Senador Camara,21842550,-22.868132,-43.484964
Travessa,Janete Clair,8,Campo Grande,23071646,-22.875951,-43.581178
Rua,Olimpio de Castro,305,Jardim Sulacap,21741060,-22.888275,-43.389325
Rua,Lote Nove,36,Santissimo,23098006,-22.865156,-43.512141
Estrada,Vitor Dumas,1884,Santa Cruz,23550570,-22.938039,-43.699895
Avenida,Menezes Cortes,3120,Jacarepagua,22745130,-22.927965,-43.317727
Travessa,Dos Campeoes,43,Ramos,21040020,-22.854121,-43.254639
Travessa,Dos Campeoes,7,Ramos,21040020,-22.854015,-43.253649
Rua,Pernambuco,764,Engenho de Dentro,20730030,-22.898458,-43.300653
Rua,Gregorio de Matos,348,Vigario Geral,21240670,-22.808942,-43.314840
Beco,Pinto,15,Campinho,21341370,-22.886890,-43.339822
Escadaria,Do N 308,23,Rocinha,22451264,-22.987500,-43.246608
Rua,Vale dos Passaros,13,Curicica,22710078,-22.948304,-43.386058
Rua,Vale dos Passaros,7,Curicica,22710078,-22.948419,-43.386005
Rua,Vale dos Passaros,3,Curicica,22710078,-22.948500,-43.385564
Rua,Irapua,8,Cosmos,23066510,-22.887772,-43.615198
Rua,Do Cenaculo,59,Cidade de Deus,22772380,-22.949017,-43.361004
Avenida,Menezes Cortes,3130,Jacarepagua,22745130,-22.927226,-43.316445
Rua,Ouricuri,248,Mare,21030010,-22.841354,-43.245769
Rua,Antonio Rego,1216,Olaria,21073312,-22.853773,-43.271563
Rua,Buriti,110,Madureira,23067439,-22.863185,-43.337440
Rua,Flammarion,150,Guarabu,21921480,-22.803263,-43.191055
Rua,Das Turquesas,297,Rocha Miranda,21510090,-22.851660,-43.352827
Rua,Das Turquesas,367,Rocha Miranda,21510090,-22.851930,-43.353340
Rua,Guilherme Veloso,24,Chacrinha,22733040,-22.901007,-43.360134
Rua,Sebastiao Felicio,348,Sepetiba,23545356,-22.971508,-43.705052
Travessa,Dos Campeoes,9,Ramos,21040020,-22.853979,-43.253712
Rua,Waldir Pereira Nascimento,85,Portuguesa,21932440,-22.802313,-43.210530
Rua,Flammarion,100,Guarabu,21921480,-22.803357,-43.190788
Beco,Pinto,23,Campinho,21341370,-22.886965,-43.340194
Rua,Latino Coelho,12,Penha,21070720,-22.843579,-43.271170
Praca,2083,41,Pavuna,21655415,-22.813561,-43.380725
Rua,Nage,41,Ramos,21060620,-22.861109,-43.261463
Rua,Buriti,168,Madureira,23067439,-22.862330,-43.336093
Rua,Lais dos Reis,32,Costa Barros,21650230,-22.823284,-43.377967
Estrada,Da Urucanga,451,Anil,22750030,-22.948443,-43.334626
Rua,Guilherme Veloso,415,Chacrinha,22733040,-22.900977,-43.360854
Rua,Nage,109,Ramos,21060620,-22.861400,-43.261985
Rua,Vale dos Passaros,4,Curicica,22710078,-22.948347,-43.386086
Rua,Do Cenaculo,55,Cidade de Deus,22772380,-22.948736,-43.361035
Rua,Henrique de Aragao,45,Santa Cruz,23555120,-22.916543,-43.689065
Rua,Henrique de Aragao,15,Santa Cruz,23555120,-22.916236,-43.689147
Rua,Lote Nove,35,Santissimo,23098006,-22.865125,-43.512654
Rua,Das Turquesas,309,Rocha Miranda,21510090,-22.851757,-43.352854
Rua,Ocaibi,415,Realengo,21765570,-22.897600,-43.442083
Travessa,Jorge,1471,Sao Jorge,21760830,-22.897702,-43.423776
Rua,Nage,69,Ramos,21060620,-22.861220,-43.261688
Rua,Antonio Nascimento,141,Jardim Guanabara,21941010,-22.806608,-43.210679
Rua,Anibal Bruno,18,Santa Cruz,23520210,-22.940105,-43.681277
Rua,Ibema,24,Mato Alto,23030180,-22.973816,-43.589105
Avenida,Menezes Cortes,3152,Jacarepagua,22745130,-22.926788,-43.315706
Rua,Livio Barreto,251,Tanque,22730064,-22.916930,-43.364192
Travessa,Dos Campeoes,37,Ramos,21040020,-22.854181,-43.254387
Rua,Acarape,107,Ricardo de Albuquerque,21620020,-22.838111,-43.403188
Rua,Nage,101,Ramos,21060620,-22.861404,-43.261926
Rua,N,105,Senador Camara,21842550,-22.867639,-43.485115
Avenida,Menezes Cortes,3150,Jacarepagua,22745130,-22.926818,-43.315822
Travessa,Dos Campeoes,70,Ramos,21040020,-22.854396,-43.254267
Rua,Waldir Pereira Nascimento,90,Portuguesa,21932440,-22.802734,-43.210675
Rua,Waldir Pereira Nascimento,89,Portuguesa,21932440,-22.802646,-43.210758
Rua,Acapori,303,Gardenia Azul,22765650,-22.960671,-43.351900
Estrada,Vitor Dumas,1856,Santa Cruz,23550570,-22.937793,-43.699873
Rua,Irineu Correa,78,Iraja,21235540,-22.837815,-43.317501
Estrada,Moricaba,127,Campo Grande,23012006,-22.912224,-43.529094
Travessa,Dos Campeoes,61,Ramos,21040020,-22.854336,-43.253745
Condominio,Figueiras do Itanhanga,198,Muzema,22753030,-22.985422,-43.320355
Rua,Sebastiao Felicio,430,Sepetiba,23545356,-22.971236,-43.704592
Rua,Nage,151,Ramos,21060620,-22.861853,-43.262040
Rua,Curare,25,Cosmos,23060460,-22.907653,-43.614811
Avenida,Menezes Cortes,3149,Jacarepagua,22745130,-22.926897,-43.315848
Rua,Buriti,128,Madureira,23067439,-22.863015,-43.336991
Rua,Latino Coelho,30,Penha,21070720,-22.843441,-43.271544
Rua,Anibal Bruno,15,Santa Cruz,23520210,-22.940332,-43.681126
Rua,Macedonia,11,Senador Camara,21830500,-22.877295,-43.491617
Rua,De Itamarati,25,Maracana,20550140,-22.915394,-43.230445
Rua,Sebastiao Felicio,30,Sepetiba,23545356,-22.971291,-43.705062
Rua,Do Radio,265,Campo Grande,23087060,-22.890766,-43.561967
Rua,Projetada A,86,Bairro Mendanha,20010050,-22.857450,-43.543036
Avenida,Meriti,2872,Bras de Pina,21211006,-22.835322,-43.308566
Rua,Quatorze,130,Campo Grande,23067090,-22.882676,-43.614838
Rua,Acarape,87,Ricardo de Albuquerque,21620020,-22.837725,-43.403379
Condominio,Figueiras do Itanhanga,3,Muzema,22753030,-22.985581,-43.320850
Rua,Outono,237,Cavalcanti,21370300,-22.865630,-43.316004
Rua,Januaria,57,Flamengo,22250090,-22.939246,-43.174467
Travessa,Dos Campeoes,25,Ramos,21040020,-22.854002,-43.254108
Rua,Suda Estelard,21,Campo Grande,23092570,-22.880696,-43.559830
Rua,Lacerda,63,Ilha de Paqueta,20397000,-22.761398,-43.109839
Rua,Sebastiao Felicio,40,Sepetiba,23545356,-22.971075,-43.704003
Rua,Vale dos Passaros,14,Curicica,22710078,-22.948229,-43.386428
Rua,N,93,Senador Camara,21842550,-22.867600,-43.485150
Rua,Alto Araguaia,121,Magalhaes Bastos,21745470,-22.875230,-43.411554
Travessa,Dos Campeoes,76,Ramos,21040020,-22.854486,-43.254394
Travessa,Dos Campeoes,41,Ramos,21040020,-22.854060,-43.254538
Rua,Mem de Sa,199,Vila Kennedy,21850020,-22.862076,-43.484259
Rua,Ibema,30,Mato Alto,23030180,-22.973365,-43.587075
Rua,Noe,19,Cidade de Deus,22773410,-22.949666,-43.364192
Avenida,Menezes Cortes,3138,Jacarepagua,22745130,-22.927034,-43.316378
Rua,Waldir Pereira Nascimento,88,Portuguesa,21932440,-22.802593,-43.210658
Rua,Buriti,22,Madureira,23067439,-22.864560,-43.338943
Rua,Acarape,77,Ricardo de Albuquerque,21620020,-22.837752,-43.403296
Rua,Cristo,139,Santo Cristo,20220302,-22.898838,-43.200384
Rua,Butia,22,Campo Grande,23080040,-22.899374,-43.555852
Rua,Nage,165,Ramos,21060620,-22.861972,-43.261955
Rua,Nilo Val,18,Santissimo,23010190,-22.878550,-43.509088
Rua,Henrique de Aragao,55,Santa Cruz,23555120,-22.916598,-43.689066
Rua,De Itamarati,39,Maracana,20550140,-22.915873,-43.230809
Praca,Barbosa de Oliveira,60,Madureira,21360420,-22.864765,-43.328710
Rua,Luisa Prata,35,Parada de Lucas,21250400,-22.818480,-43.300937
Rua,Nage,185,Ramos,21060620,-22.862159,-43.261953
Rua,Do Cenaculo,61,Cidade de Deus,22772380,-22.949140,-43.361044
Rua,Jacobina,26,Deodoro,21670640,-22.855345,-43.385858
Rua,N,69,Senador Camara,21842550,-22.867961,-43.485035
Rua,Ibema,222,Mato Alto,23030180,-22.973346,-43.586959
Rua,Irineu Correa,90,Iraja,21235540,-22.837927,-43.317568
Avenida,Menezes Cortes,3148,Jacarepagua,22745130,-22.926873,-43.315860
Rua,Suda Estelard,37,Campo Grande,23092570,-22.880108,-43.559340
Rua,Hermengarda,370,Meier,20710010,-22.904592,-43.278029
Rua,Guilherme Veloso,391,Chacrinha,22733040,-22.900853,-43.359778
Rua,Nage,175,Ramos,21060620,-22.861980,-43.262159
Rua,Vale dos Passaros,17,Curicica,22710078,-22.948285,-43.386147
Travessa,Dos Campeoes,35,Ramos,21040020,-22.854100,-43.254408
Rua,Pernambuco,740,Engenho de Dentro,20730030,-22.898259,-43.300336
Rua,Buriti,154,Madureira,23067439,-22.862657,-43.336560
Rua,Luisa Prata,41,Parada de Lucas,21250400,-22.818414,-43.301073
Rua,N,81,Senador Camara,21842550,-22.867725,-43.485098
Rua,Ibema,22,Mato Alto,23030180,-22.973754,-43.588914
Rua,Guilherme Veloso,393,Chacrinha,22733040,-22.900842,-43.359839
Rua,Siqueira Campos,44,Copacabana,22031072,-22.968416,-43.185285
Rua,Latino Coelho,38,Penha,21070720,-22.843378,-43.271696
Avenida,Menezes Cortes,3126,Jacarepagua,22745130,-22.927800,-43.317406
Avenida,Menezes Cortes,3134,Jacarepagua,22745130,-22.927249,-43.316410
Rua,Nilo Val,257,Santissimo,23010190,-22.878287,-43.508808
Rua,Ouricuri,238,Mare,21030010,-22.841484,-43.246204
Rua,Antonio Rego,1256,Olaria,21073312,-22.854064,-43.271943
Rua,Buriti,32,Madureira,23067439,-22.864427,-43.338742
Rua,Acapori,235,Gardenia Azul,22765650,-22.960702,-43.351366
Rua,Ocaibi,359,Realengo,21765570,-22.897821,-43.441675
Rua,Do Cenaculo,53,Cidade de Deus,22772380,-22.948711,-43.361050
Rua,Olimpio de Castro,245,Jardim Sulacap,21741060,-22.888372,-43.388795
Rua,Ouricuri,230,Mare,21030010,-22.841645,-43.246306
Rua,Siqueira Campos,36,Copacabana,22031072,-22.968682,-43.185030
Rua,Nage,145,Ramos,21060620,-22.861768,-43.262004
Rua,Do Radio,92,Campo Grande,23087060,-22.890633,-43.561953
Rua,Maria Enfermeira,44,Vicente de Carvalho,21371580,-22.854650,-43.313491
Rua,De Figueiredo,73,Tijuca,20550050,-22.921955,-43.227259
Rua,Buriti,178,Madureira,23067439,-22.862302,-43.335948
Rua,Luisa Prata,19,Parada de Lucas,21250400,-22.818640,-43.300573
Rua,Samoura Machel,0,Manguinhos,21050000,-22.883864,-43.244076
Rua,Nage,141,Ramos,21060620,-22.861702,-43.262326
Rua,Antonio Nascimento,171,Jardim Guanabara,21941010,-22.806716,-43.210260
Rua,Macedonia,9,Senador Camara,21830500,-22.877201,-43.491357
Rua,Do Cenaculo,49,Cidade de Deus,22772380,-22.948627,-43.361066
Avenida,Menezes Cortes,3362,Jacarepagua,22745130,-22.925259,-43.314523
Travessa,Janete Clair,20,Campo Grande,23071646,-22.875727,-43.581468
Rua,Pernambuco,768,Engenho de Dentro,20730030,-22.898310,-43.300637
Rua,Luisa Prata,37,Parada de Lucas,21250400,-22.818413,-43.301003
Rua,Acarape,127,Ricardo de Albuquerque,21620020,-22.837439,-43.403438
Rua,Guilherme Veloso,419,Chacrinha,22733040,-22.900843,-43.361021
Rua,Guilherme Veloso,405,Chacrinha,22733040,-22.901197,-43.360417
Rua,Maria Paula,32,Complexo do Alemao,21061060,-22.861970,-43.276597
Rua,N,87,Senador Camara,21842550,-22.867717,-43.485081
Rua,Das Turquesas,267,Rocha Miranda,21510090,-22.851569,-43.352509
Estrada,Vitor Dumas,1918,Santa Cruz,23550570,-22.938474,-43.699694
Rua,Diogenes Sampaio,125,Humaita,22261100,-22.956651,-43.203232
Rua,Suda Estelard,5,Campo Grande,23092570,-22.880223,-43.559467
Rua,Gregorio de Matos,382,Vigario Geral,21240670,-22.809314,-43.315521
Rua,Waldir Pereira Nascimento,78,Portuguesa,21932440,-22.801877,-43.210410
Rua,Buriti,140,Madureira,23067439,-22.862820,-43.336858
Rua,Clementina de Jesus,40,Recreio dos Bandeirantes,22795320,-23.023712,-43.485273
Rua,Sebastiao Felicio,17,Sepetiba,23545356,-22.971200,-43.704434
Rua,De Figueiredo,75,Tijuca,20550050,-22.921728,-43.227223
Rua,Suda Estelard,11,Campo Grande,23092570,-22.880415,-43.559645
Rua,Waldir Pereira Nascimento,86,Portuguesa,21932440,-22.802496,-43.210572
Rua,Buriti,26,Madureira,23067439,-22.864497,-43.338872
Praca,Barbosa de Oliveira,20,Madureira,21360420,-22.865503,-43.328654
Rua,Siqueira Campos,34,Copacabana,22031072,-22.968802,-43.184998
Rua,Latino Coelho,10,Penha,21070720,-22.843557,-43.271157
Rua,Nage,115,Ramos,21060620,-22.861464,-43.262039
Rua,Mem de Sa,197,Vila Kennedy,21850020,-22.861970,-43.484268
Avenida,Menezes Cortes,3142,Jacarepagua,22745130,-22.927105,-43.316084
Avenida,Menezes Cortes,3151,Jacarepagua,22745130,-22.926820,-43.315711
Travessa,Janete Clair,14,Campo Grande,23071646,-22.875859,-43.581379
Rua,Suda Estelard,3,Campo Grande,23092570,-22.880186,-43.559433
Rua,Da Associacao,61,Cantagalo,22071055,-22.980731,-43.196895
Rua,Quatorze,140,Campo Grande,23067090,-22.882646,-43.614825
Rua,Das Turquesas,377,Rocha Miranda,21510090,-22.852020,-43.353487
Rua,Nage,157,Ramos,21060620,-22.861822,-43.262098
Rua,Hermengarda,404,Meier,20710010,-22.904873,-43.277664
Rua,Sebastiao Felicio,200,Sepetiba,23545356,-22.971180,-43.704284
Rua,Maria Paula,42,Complexo do Alemao,21061060,-22.861870,-43.276285
Rua,Maria Enfermeira,42,Vicente de Carvalho,21371580,-22.854598,-43.313561
Rua,Henrique de Aragao,115,Santa Cruz,23555120,-22.917122,-43.688979
Travessa,Dos Campeoes,11,Ramos,21040020,-22.854035,-43.253745
Rua,Olimpio de Castro,223,Jardim Sulacap,21741060,-22.888423,-43.388612
Rua,Quatorze,70,Campo Grande,23067090,-22.883158,-43.614985
Rua,Anibal Bruno,222,Santa Cruz,23520210,-22.939874,-43.681416
Travessa,29,80,Rua 2,22451262,-22.989509,-43.245727
Rua,Maria Jose Matoso,9,Alto da Boa Vista,20531390,-22.970528,-43.284789
Rua,Do Cenaculo,85,Cidade de Deus,22772380,-22.949750,-43.360446
Rua,Irapua,4,Cosmos,23066510,-22.887465,-43.615144
Travessa,Janete Clair,6,Campo Grande,23071646,-22.876032,-43.581191
Travessa,Janete Clair,22,Campo Grande,23071646,-22.875654,-43.581526
Rua,Livio Barreto,239,Tanque,22730064,-22.917008,-43.364191
Rua,Do Radio,100,Campo Grande,23087060,-22.890720,-43.561950
Rua,Noe,17,Cidade de Deus,22773410,-22.949697,-43.364126
Avenida,Menezes Cortes,2829,Jacarepagua,22745130,-22.927567,-43.316976
Rua,Divinesia,97,Paciencia,23585435,-22.929868,-43.639074
Rua,De Itamarati,35,Maracana,20550140,-22.915536,-43.230602
Rua,Quatorze,120,Campo Grande,23067090,-22.882729,-43.614933
Rua,Quatorze,160,Campo Grande,23067090,-22.882476,-43.614791
Escadaria,Do N 308,24,Rocinha,22451264,-22.987250,-43.246520
Rua,Henrique de Aragao,125,Santa Cruz,23555120,-22.917245,-43.688954
Rua,Olimpio de Castro,373,Jardim Sulacap,21741060,-22.888142,-43.389975
Rua,Olimpio de Castro,293,Jardim Sulacap,21741060,-22.888325,-43.389305
Rua,Da Associacao,47,Cantagalo,22071055,-22.980898,-43.197458
Rua,De Itamarati,33,Maracana,20550140,-22.915522,-43.230561
Rua,Acarape,47,Ricardo de Albuquerque,21620020,-22.838225,-43.403247
Rua,Monte Horebe,147,Cesarao,23595320,-22.940416,-43.653851
Rua,Cristo,141,Santo Cristo,20220302,-22.898939,-43.200353
Rua,Irapua,6,Cosmos,23066510,-22.887574,-43.615092
Rua,Antonio Rego,1248,Olaria,21073312,-22.853978,-43.271867
Rua,Cristo,137,Santo Cristo,20220302,-22.898781,-43.200288
Rua,Mem de Sa,201,Vila Kennedy,21850020,-22.862256,-43.484220
Avenida,Menezes Cortes,3163,Jacarepagua,22745130,-22.926468,-43.315516
Rua,Suda Estelard,23,Campo Grande,23092570,-22.880649,-43.559852
Rua,Waldir Pereira Nascimento,93,Portuguesa,21932440,-22.802973,-43.210953
Rua,Macedonia,7,Senador Camara,21830500,-22.877224,-43.491284
Rua,De Itamarati,37,Maracana,20550140,-22.915554,-43.230613
Rua,Do Cenaculo,67,Cidade de Deus,22772380,-22.949188,-43.360861
Avenida,Menezes Cortes,2645,Jacarepagua,22745130,-22.929029,-43.321110
Rua,Ouricuri,256,Mare,21030010,-22.841092,-43.245928
Rua,Antonio Rego,1226,Olaria,21073312,-22.853828,-43.271703
Rua,Sinha,67,Salgueiro,20521380,-22.932035,-43.225380
Beco,Pinto,21,Campinho,21341370,-22.886727,-43.339938
Praca,2083,38,Pavuna,21655415,-22.813196,-43.380362
Rua,Vale dos Passaros,16,Curicica,22710078,-22.948383,-43.386454
Rua,Vale dos Passaros,20,Curicica,22710078,-22.948147,-43.386592
Rua,N,138,Senador Camara,21842550,-22.867549,-43.485098
Rua,Ibema,23,Mato Alto,23030180,-22.973764,-43.589000
Rua,Buriti,174,Madureira,23067439,-22.862286,-43.335972
Rua,Siqueira Campos,40,Copacabana,22031072,-22.968632,-43.185106
Rua,Anibal Bruno,23,Santa Cruz,23520210,-22.939617,-43.681556
Estrada,Moricaba,145,Campo Grande,23012006,-22.912465,-43.529054
Rua,Henrique de Aragao,37,Santa Cruz,23555120,-22.916478,-43.689107
Rua,Ocaibi,115,Realengo,21765570,-22.897120,-43.442368
Rua,Maria Paula,44,Complexo do Alemao,21061060,-22.861977,-43.276302
Rua,Noe,11,Cidade de Deus,22773410,-22.949581,-43.363874
Travessa,Janete Clair,24,Campo Grande,23071646,-22.875647,-43.581572
Rua,Olimpio de Castro,329,Jardim Sulacap,21741060,-22.888245,-43.389531
Rua,Guilherme Veloso,407,Chacrinha,22733040,-22.900836,-43.359729
Rua,Irapua,3,Cosmos,23066510,-22.887327,-43.615120
Avenida,Menezes Cortes,3128,Jacarepagua,22745130,-22.927673,-43.317261
Rua,Henrique de Aragao,105,Santa Cruz,23555120,-22.917091,-43.689024
Rua,Ocaibi,395,Realengo,21765570,-22.897698,-43.441806
Avenida,Menezes Cortes,3144,Jacarepagua,22745130,-22.927025,-43.315915
Rua,Suda Estelard,7,Campo Grande,23092570,-22.880467,-43.559599
Rua,Araujo Rozo,602,Anchieta,21635100,-22.828257,-43.410398
Rua,Joao de Medeiros,895,Inhoaiba,23063270,-22.896403,-43.595489
Rua,Jorge Rudge,198,Vila Isabel,20550220,-22.909105,-43.241788
Rua,Jorge Rudge,176,Vila Isabel,20550220,-22.909649,-43.241495
Rua,Jorge Rudge,174,Vila Isabel,20550220,-22.909652,-43.241542
Avenida,Meriti,20,Vila Kosmos,21220203,-22.857173,-43.308743
Avenida,Meriti,38,Vila Kosmos,21220203,-22.857138,-43.308728
Avenida,Meriti,48,Vila Kosmos,21220203,-22.857040,-43.308553
Avenida,Meriti,96,Vila Kosmos,21220203,-22.856780,-43.308287
Avenida,Meriti,114,Vila Kosmos,21220203,-22.856650,-43.308147
Rua,Belisario de Souza,752,Padre Miguel,21721250,-22.872879,-43.443957
Rua,Belisario de Souza,776,Padre Miguel,21721250,-22.872923,-43.444085
Travessa,Eliseu Pinhal,41,Sepetiba,23540320,-22.974541,-43.703922
Rua,Calheiros da Graca,21,Todos Os Santos,20735190,-22.898146,-43.283858
Rua,Calheiros da Graca,33,Todos Os Santos,20735190,-22.898513,-43.284028
Rua,Calheiros da Graca,57,Todos Os Santos,20735190,-22.898810,-43.284339
Rua,Calheiros da Graca,47,Todos Os Santos,20735190,-22.898426,-43.284316
Praca,Estado de Israel,6,Realengo,21715210,-22.876759,-43.440021
Rua,Jose da Silva,138,Pedra de Guaratiba,23025500,-22.996288,-43.629571
Rua,Jose da Silva,0,Pedra de Guaratiba,23025500,-22.996280,-43.629782
Rua,Jose da Silva,180,Pedra de Guaratiba,23025500,-22.996058,-43.630083
Rua,Uchoa,65,Realengo,21765350,-22.886251,-43.432250
Rua,Uchoa,45,Realengo,21765350,-22.886334,-43.432037
Rua,Ribamar,100,Guaratiba,23025440,-22.998211,-43.631358
Rua,Mandina,351,Curicica,22780530,-22.953916,-43.387180
Rua,Pacheco Junior,370,Bras de Pina,21211170,-22.833472,-43.304595
Rua,Igarapava,71,Leblon,22450200,-22.986845,-43.230293
Rua,Igarapava,53,Leblon,22450200,-22.987110,-43.231242
Rua,Igarapava,49,Leblon,22450200,-22.987167,-43.231290
Rua,Igarapava,39,Leblon,22450200,-22.986872,-43.231331
Rua,Igarapava,35,Leblon,22450200,-22.986902,-43.231767
Rua,Iriju,40,Taquara,22730280,-22.924770,-43.365564
Rua,Iriju,42,Taquara,22730280,-22.924756,-43.365602
Rua,Iriju,22,Taquara,22730280,-22.924907,-43.365567
Rua,Iriju,56,Taquara,22730280,-22.924607,-43.365638
Rua,Iriju,156,Taquara,22730280,-22.923848,-43.366102
Rua,Iriju,202,Taquara,22730280,-22.923482,-43.366334
Rua,Iriju,266,Taquara,22730280,-22.923006,-43.366691
Travessa,Airton Senna,96,Vila Kennedy,21850020,-22.862658,-43.486581
Travessa,Airton Senna,95,Vila Kennedy,21850020,-22.862520,-43.486628
Rua,Rosa do Povo,126,Freguesia de Jacarepagua,22743845,-22.930857,-43.341262
Rua,Rosa do Povo,212,Freguesia de Jacarepagua,22743845,-22.931761,-43.340839
Rua,Rosa do Povo,246,Freguesia de Jacarepagua,22743845,-22.930701,-43.339717
Rua,Iriju,68,Taquara,22730280,-22.924338,-43.365848
Rua,Iriju,230,Taquara,22730280,-22.923369,-43.366451
Rua,Iriju,260,Taquara,22730280,-22.922858,-43.366546
Rua,Iriju,450,Taquara,22730280,-22.921946,-43.365930
Rua,Iriju,486,Taquara,22730280,-22.921820,-43.365472
Rua,Iriju,502,Taquara,22730280,-22.921769,-43.365413
Rua,Cereja,429,Jardim Guaratiba,23032150,-22.971093,-43.642365
Rua,Augusto de Vasconcelos,1236,Campo Grande,23045120,-22.913138,-43.563361
Rua,Augusto de Vasconcelos,1234,Campo Grande,23045120,-22.912868,-43.563227
Rua,Iriju,250,Taquara,22730280,-22.923135,-43.366602
Rua,Demetrio Tourinho,13,Realengo,21765080,-22.892455,-43.431237
Estrada,Roberto Burle Marx,5915,Guaratiba,23020240,-23.040939,-43.557439
Rua,Calheiros da Graca,65,Todos Os Santos,20735190,-22.899136,-43.284381
Rua,Calheiros da Graca,41,Todos Os Santos,20735190,-22.898570,-43.284003
Rua,Calheiros da Graca,63,Todos Os Santos,20735190,-22.898993,-43.284392
Rua,Calheiros da Graca,39,Todos Os Santos,20735190,-22.898592,-43.283928
Rua,Balaiada,53,Madureira,21360300,-22.865453,-43.328796
Avenida,Prado Junior,48,Copacabana,22011040,-22.964525,-43.174034
Travessa,Sebastiao Jose Marques,52,Inhoaiba,23059315,-22.912681,-43.605139
Rua,Muriaca,370,Costa Barros,21650340,-22.827935,-43.374004
Rua,Quatro,200,Cosmos,23065040,-22.903940,-43.619157
Rua,Do Papagaio,821,Inhoaiba,23063030,-22.907821,-43.596941
Rua,Do Papagaio,346,Inhoaiba,23063030,-22.905566,-43.596690
Rua,Do Papagaio,793,Inhoaiba,23063030,-22.906972,-43.596843
Rua,Do Papagaio,239,Inhoaiba,23063030,-22.907360,-43.596856
Rua,Do Papagaio,340,Inhoaiba,23063030,-22.906535,-43.596811
Rua,Pereira da Silva,22,Acari,21235400,-22.825944,-43.341335
Estrada,Do Pre,2030,Campo Grande,23015260,-22.910527,-43.545233
Estrada,Do Pre,368,Campo Grande,23015260,-22.910222,-43.544865
Rua,Quatro,128,Cosmos,23065040,-22.904624,-43.619144
Rua,Quatro,192,Cosmos,23065040,-22.904039,-43.619169
Rua,Saldanha,76,Lagoa,22461220,-22.960799,-43.204977
Rua,Saldanha,75,Lagoa,22461220,-22.960753,-43.205089
Rua,Saldanha,71,Lagoa,22461220,-22.960986,-43.205062
Rua,Lourenco Filho,181,Barra da Tijuca,22630140,-23.008438,-43.351444
Rua,Lourenco Filho,139,Barra da Tijuca,22630140,-23.008651,-43.351456
Rua,Ribeyrolles,360,Coelho Neto,21530310,-22.829943,-43.350914
Rua,Ribeyrolles,412,Coelho Neto,21530310,-22.829540,-43.351063
Avenida,Genaro de Carvalho,820,Recreio,22790072,-23.014984,-43.453162
Avenida,Genaro de Carvalho,864,Recreio,22790072,-23.015063,-43.453449
Avenida,Genaro de Carvalho,848,Recreio,22790072,-23.014974,-43.453360
Avenida,Genaro de Carvalho,850,Recreio,22790072,-23.015222,-43.453811
Avenida,Genaro de Carvalho,932,Recreio,22790072,-23.015398,-43.454635
Avenida,Genaro de Carvalho,900,Recreio,22790072,-23.015365,-43.454209
Vila,Maria Elysio,1052,Santa Cruz,23520132,-22.926947,-43.680894
Rua,Arueira,570,Anil,22753805,-22.965088,-43.330438
Avenida,Afonso Reidy,116,Barra da Tijuca,22620270,-23.011667,-43.318019
Rua,Arueira,620,Anil,22753805,-22.964938,-43.330252
Rua,Arueira,660,Anil,22753805,-22.964724,-43.329596
Rua,Arueira,0,Anil,22753805,-22.965154,-43.330524
Alameda,Manaca,190,Parque da Cidade,22451250,-22.981512,-43.241179
Rua,Haddock Lobo,300,Tijuca,20260142,-22.919968,-43.215592
Rua,Relvado,137,Taquara,22720380,-22.918523,-43.386947
Rua,Relvado,147,Taquara,22720380,-22.918437,-43.387100
Rua,Relvado,157,Taquara,22720380,-22.918426,-43.387159
Rua,Relvado,177,Taquara,22720380,-22.918394,-43.387274
Travessa,Sika,13,Padre Miguel,21721222,-22.871434,-43.444980
Travessa,Sika,9,Padre Miguel,21721222,-22.871494,-43.444846
Travessa,Sika,7,Padre Miguel,21721222,-22.871520,-43.445522
Rua,Fernando Nogueira de Sousa,43,Barra da Tijuca,22620380,-23.009464,-43.313794
Rua,Fernando Nogueira de Sousa,61,Barra da Tijuca,22620380,-23.009583,-43.314273
Rua,Paula Freitas,54,Copacabana,22040010,-22.967803,-43.183301
Rua,Paula Freitas,66,Copacabana,22040010,-22.967476,-43.183304
Rua,Paula Freitas,64,Copacabana,22040010,-22.968213,-43.183331
Rua,Paula Freitas,62,Copacabana,22040010,-22.968137,-43.183215
Rua,Odilio Bacelar,33,Urca,22290280,-22.953395,-43.167713
Rua,Haddock Lobo,286,Tijuca,20260142,-22.919800,-43.215332
Rua,Haddock Lobo,290,Tijuca,20260142,-22.919800,-43.215332
Rua,Nilton Githay,51,Vila Valqueire,21330380,-22.881858,-43.374597
Rua,Nilton Githay,171,Vila Valqueire,21330380,-22.882863,-43.374543
Rua,Nilton Githay,31,Vila Valqueire,21330380,-22.881616,-43.374637
Travessa,Da Colina,192,Santa Cruz,23591510,-22.925380,-43.664661
Beco,Jurari,23,Guaratiba,23036500,-22.942227,-43.578021
Rua,Petrocochino,72,Vila Isabel,20551255,-22.914561,-43.254909
Rua,Petrocochino,84,Vila Isabel,20551255,-22.913949,-43.254974
Rua,Petrocochino,76,Vila Isabel,20551255,-22.914161,-43.254924
Praca,Panamericana,41,Penha,21020070,-22.837127,-43.278176
Praca,Panamericana,31,Penha,21020070,-22.837241,-43.278049
Travessa,Silvio Terra,5,Barros Filho,21665302,-22.834256,-43.371278
Avenida,Muniz de Aragao,898,Anil,22765005,-22.953193,-43.347236
Avenida,Muniz de Aragao,1058,Anil,22765005,-22.954096,-43.348682
Avenida,Muniz de Aragao,1120,Anil,22765005,-22.954016,-43.349073
Ladeira,Orlando,70,Santa Teresa,20230000,-22.913377,-43.194113
Ladeira,Orlando,32,Santa Teresa,20230000,-22.912789,-43.193552
Ladeira,Orlando,44,Santa Teresa,20230000,-22.913024,-43.193816
Condominio,Figueiras do Itanhanga,196,Muzema,22753155,-22.986043,-43.320933
Rua,Anibal de Mendonca,153,Ipanema,22410050,-22.982513,-43.211227
Rua,54,172,Santa Cruz,23595420,-22.935854,-43.663538
Rua,Tasso Blaso,930,Santa Cruz,23525200,-22.951824,-43.670159
Praca,Panamericana,49,Penha,21020070,-22.836938,-43.278248
Ladeira,Orlando,58,Santa Teresa,20230000,-22.913233,-43.193905
Travessa,Tabor,19,Cidade de Deus,22772680,-22.947653,-43.361337
Travessa,Tabor,11,Cidade de Deus,22772680,-22.947450,-43.361638
Travessa,Tabor,3,Cidade de Deus,22772680,-22.947422,-43.361759
Rua,Figueiredo,129,Freguesia,21911150,-22.788302,-43.169083
Rua,Figueiredo,111,Freguesia,21911150,-22.788654,-43.169508
Rua,Figueiredo,109,Freguesia,21911150,-22.788616,-43.170083
Rua,Figueiredo,117,Freguesia,21911150,-22.788426,-43.169670
Rua,Figueiredo,115,Freguesia,21911150,-22.788804,-43.169519
Rua,Jose Bernardino,27,Catumbi,20251520,-22.914941,-43.195873
Travessa,Carlos de Sa,21,Catete,22220020,-22.924807,-43.178303
Travessa,Carlos de Sa,19,Catete,22220020,-22.925305,-43.178472
Travessa,Carlos de Sa,17,Catete,22220020,-22.925376,-43.178527
Travessa,Carlos de Sa,13,Catete,22220020,-22.925406,-43.178434
Travessa,Carlos de Sa,15,Catete,22220020,-22.925309,-43.178483
Travessa,Carlos de Sa,11,Catete,22220020,-22.925536,-43.178538
Rua,Bernardo,363,Engenho de Dentro,20745270,-22.901590,-43.308727
Rua,Bernardo,353,Engenho de Dentro,20745270,-22.901710,-43.308571
Rua,Bernardo,317,Engenho de Dentro,20745270,-22.901921,-43.307663
Rua,Bernardo,325,Engenho de Dentro,20745270,-22.902161,-43.308009
Rua,Espirito Santo Cardoso,50,Tijuca,20530500,-22.930061,-43.243320
Rua,Espirito Santo Cardoso,200,Tijuca,20530500,-22.930058,-43.243376
Rua,Atininga,362,Tanque,22730010,-22.913645,-43.368770
Rua,Atininga,352,Tanque,22730010,-22.913524,-43.368597
Rua,Atininga,430,Tanque,22730010,-22.913736,-43.369373
Rua,Atininga,406,Tanque,22730010,-22.913781,-43.369217
Rua,Atininga,460,Tanque,22730010,-22.913806,-43.369558
Rua,Atininga,496,Tanque,22730010,-22.914243,-43.370167
Rua,Atininga,614,Tanque,22730010,-22.914465,-43.372065
Rua,Atininga,494,Tanque,22730010,-22.914148,-43.369762
Rua,Atininga,498,Tanque,22730010,-22.914218,-43.370070
Rua,Atininga,642,Tanque,22730010,-22.914425,-43.371273
Rua,Atininga,650,Tanque,22730010,-22.914237,-43.371443
Rua,Atininga,492,Tanque,22730010,-22.913908,-43.370045
Rua,Atininga,480,Tanque,22730010,-22.913780,-43.369824
Rua,Estrela Nova,12,Cascadura,21311060,-22.886983,-43.329597
Rua,Estrela Nova,6,Cascadura,21311060,-22.887199,-43.329564
Estrada,Do Dende,1615,Monero,21920315,-22.795972,-43.197184
Rua,Vila Nova,124,Realengo,21770172,-22.888509,-43.441336
Rua,Vila Nova,134,Realengo,21770172,-22.888691,-43.441234
Rua,Joao de Medeiros,398,Inhoaiba,23063270,-22.896847,-43.595943
Rua,Uchoa,55,Realengo,21765350,-22.886322,-43.432227
Rua,Uchoa,15,Realengo,21765350,-22.886834,-43.431880
Rua,Ribeyrolles,380,Coelho Neto,21530310,-22.829788,-43.350882
Rua,Augusto de Vasconcelos,1224,Campo Grande,23045120,-22.912774,-43.563215
Rua,Do Papagaio,364,Inhoaiba,23063030,-22.905568,-43.596670
Travessa,Eliseu Pinhal,87,Sepetiba,23540320,-22.974197,-43.703627
Rua,Mario Pena,45,Parque Columbia,21535270,-22.813616,-43.334719
Rua,Iriju,78,Taquara,22730280,-22.924284,-43.365883
Rua,Iriju,470,Taquara,22730280,-22.921827,-43.365720
Rua,Estrela Nova,8,Cascadura,21311060,-22.886982,-43.329591
Rua,Vila Nova,194,Realengo,21770172,-22.889188,-43.441084
Rua,Bernardo,381,Engenho de Dentro,20745270,-22.901441,-43.309289
Rua,Bernardo,347,Engenho de Dentro,20745270,-22.901767,-43.308351
Rua,Bernardo,335,Engenho de Dentro,20745270,-22.901790,-43.308040
Rua,Atininga,618,Tanque,22730010,-22.914294,-43.370996
Rua,Figueiredo Camargo,136,Padre Miguel,21875020,-22.871586,-43.452576
Rua,Belisario de Souza,760,Padre Miguel,21721250,-22.872987,-43.443853
Rua,Uchoa,75,Realengo,21765350,-22.886230,-43.432292
Rua,Ribeyrolles,390,Coelho Neto,21530310,-22.829641,-43.351039
Travessa,Vinte e Quatro,27,Mare,21046140,-22.867117,-43.233955
Rua,Nilton Githay,81,Vila Valqueire,21330380,-22.882013,-43.374595
Rua,Do Papagaio,373,Inhoaiba,23063030,-22.905726,-43.596659
Rua,Do Papagaio,320,Inhoaiba,23063030,-22.906724,-43.596868
Ladeira,Orlando,60,Santa Teresa,20230000,-22.913275,-43.193958
Travessa,Tabor,15,Cidade de Deus,22772680,-22.947489,-43.361533
Rua,Do Cenaculo,41,Cidade de Deus,22772380,-22.948430,-43.361201
Rua,Francisco Mello Filho,75,Senador Vasconcelos,23013270,-22.905018,-43.537075
Rua,Araujo Rozo,600,Anchieta,21635100,-22.828239,-43.410485
Rua,Araujo Rozo,590,Anchieta,21635100,-22.828267,-43.410281
Rua,Atininga,660,Tanque,22730010,-22.914437,-43.371559
Rua,Atininga,336,Tanque,22730010,-22.913706,-43.368025
Rua,Relvado,167,Taquara,22720380,-22.918592,-43.387190
Estrada,Do Dende,1761,Monero,21920315,-22.796022,-43.198322
Estrada,Do Dende,1571,Monero,21920315,-22.796027,-43.196719
Rua,Joao de Medeiros,897,Inhoaiba,23063270,-22.896651,-43.595828
Rua,Lote Nove,34,Santissimo,23098006,-22.865120,-43.512716
Rua,Alvorada,79,Campo Grande,23055200,-22.908237,-43.575543
Ladeira,Orlando,50,Santa Teresa,20230000,-22.912948,-43.193612
Rua,Iriju,90,Taquara,22730280,-22.923937,-43.365612
Rua,Custodio Nunes,22,Ramos,21031380,-22.849555,-43.260200
Rua,Bellini,796,Iraja,21230215,-22.818092,-43.331311
Rua,Irineu Marinho,156,Centro,20230023,-22.909376,-43.193850
Rua,Vila Nova,164,Realengo,21770172,-22.889000,-43.441193
Rua,Vila Nova,144,Realengo,21770172,-22.888653,-43.441179
Rua,Atininga,338,Tanque,22730010,-22.913671,-43.368255
Rua,Arueira,450,Anil,22753805,-22.965754,-43.331438
Rua,Igarapava,75,Leblon,22450200,-22.987067,-43.230398
Rua,Monte Horebe,49,Cesarao,23595320,-22.940217,-43.653599
Rua,Figueiredo,125,Freguesia,21911150,-22.788516,-43.169382
Rua,Do Papagaio,359,Inhoaiba,23063030,-22.905957,-43.596716
Rua,Haddock Lobo,302,Tijuca,20260142,-22.920035,-43.215779
Rua,Ribamar,60,Guaratiba,23025440,-22.998258,-43.631439
Rua,Jorge Rudge,192,Vila Isabel,20550220,-22.909187,-43.241750
Estrada,Roberto Burle Marx,130,Barra de Guaratiba,23020265,-23.039494,-43.558728
Rua,Vitoria Reges,6,Sepetiba,23530524,-22.972886,-43.676684
Rua,Estrela Nova,4,Cascadura,21311060,-22.887269,-43.329332
Rua,Estrela Nova,10,Cascadura,21311060,-22.886945,-43.329616
Praca,Estado de Israel,33,Realengo,21715210,-22.876991,-43.440186
Rua,Bernardo,333,Engenho de Dentro,20745270,-22.901865,-43.307930
Rua,Atininga,684,Tanque,22730010,-22.914399,-43.371648
Rua,Atininga,558,Tanque,22730010,-22.914452,-43.370469
Beco,Poco da Tuia,0,Rocinha,22451570,-22.989407,-43.247485
Beco,Poco da Tuia,35,Rocinha,22451570,-22.989412,-43.247490
Rua,Calheiros da Graca,29,Todos Os Santos,20735190,-22.898298,-43.284043
Avenida,Meriti,66,Vila Kosmos,21220203,-22.856977,-43.308482
Rua,Nilton Githay,161,Vila Valqueire,21330380,-22.882650,-43.374500
Rua,Augusto de Vasconcelos,1220,Campo Grande,23045120,-22.912633,-43.563215
Travessa,Tabor,13,Cidade de Deus,22772680,-22.947518,-43.361625
Rua,Iriju,286,Taquara,22730280,-22.922948,-43.366763
Rua,Relvado,205,Taquara,22720380,-22.918754,-43.386780
Rua,Nilton Githay,71,Vila Valqueire,21330380,-22.882043,-43.374568
Rua,Do Papagaio,150,Inhoaiba,23063030,-22.907080,-43.596886
Beco,Travessa Mendes,7,Morro do Borel,20530420,-22.938391,-43.252933
Travessa,Eliseu Pinhal,75,Sepetiba,23540320,-22.974318,-43.703738
Rua,Alvorada,109,Campo Grande,23055200,-22.908595,-43.575576
Ladeira,Orlando,52,Santa Teresa,20230000,-22.912904,-43.193541
Rua,Bernardo,375,Engenho de Dentro,20745270,-22.901594,-43.308906
Rua,Atininga,490,Tanque,22730010,-22.913722,-43.369972
Rua,54,174,Santa Cruz,23595420,-22.935817,-43.663489
Rua,Mandina,301,Curicica,22780530,-22.954203,-43.386404
Travessa,Sika,0,Padre Miguel,21721222,-22.871441,-43.445207
Rua,Nilton Githay,21,Vila Valqueire,21330380,-22.881617,-43.374594
Rua,Do Papagaio,350,Inhoaiba,23063030,-22.905469,-43.596623
Travessa,Eliseu Pinhal,133,Sepetiba,23540320,-22.973928,-43.703332
Ladeira,Orlando,74,Santa Teresa,20230000,-22.913430,-43.194190
Rua,Jorge Rudge,188,Vila Isabel,20550220,-22.909134,-43.241652
Rua,Francisco Mello Filho,155,Senador Vasconcelos,23013270,-22.904967,-43.537034
Rua,Custodio Nunes,4,Ramos,21031380,-22.849690,-43.259792
Rua,Atininga,672,Tanque,22730010,-22.914464,-43.371827
Rua,Joaquim Pedro de Andrade,38,Cosmos,23061498,-22.905511,-43.620805
Estrada,Do Dende,1595,Monero,21920315,-22.795982,-43.196999
Estrada,Do Dende,1631,Monero,21920315,-22.796091,-43.197364
Beco,Travessa Mendes,1,Morro do Borel,20530420,-22.938414,-43.252912
Rua,Jorge Rudge,178,Vila Isabel,20550220,-22.909661,-43.241529
Travessa,Airton Senna,97,Vila Kennedy,21850020,-22.862740,-43.486596
Rua,Pacheco Junior,15,Bras de Pina,21211170,-22.833509,-43.304562
Estrada,Roberto Burle Marx,10815,Barra de Guaratiba,23020265,-23.039646,-43.558548
Rua,Francisco Mello Filho,135,Senador Vasconcelos,23013270,-22.905052,-43.537131
Rua,Iriju,6,Taquara,22730280,-22.925006,-43.365360
Rua,Bellini,818,Iraja,21230215,-22.818122,-43.331285
Rua,Araujo Rozo,509,Anchieta,21635100,-22.828134,-43.410622
Rua,Bernardo,301,Engenho de Dentro,20745270,-22.901954,-43.307421
Rua,Atininga,382,Tanque,22730010,-22.913674,-43.368963
Rua,Pereira da Silva,16,Acari,21235400,-22.826122,-43.341248
Estrada,Do Dende,1651,Monero,21920315,-22.796108,-43.197323
Avenida,Muniz de Aragao,1240,Anil,22765005,-22.954271,-43.349002
Rua,Demetrio Tourinho,31,Realengo,21765080,-22.892764,-43.430948
Rua,Demetrio Tourinho,3,Realengo,21765080,-22.892391,-43.431299
Rua,Nilton Githay,91,Vila Valqueire,21330380,-22.882221,-43.374563
Rua,Do Papagaio,215,Inhoaiba,23063030,-22.907646,-43.596859
Travessa,Eliseu Pinhal,123,Sepetiba,23540320,-22.973997,-43.703365
Rua,Mario Pena,30,Parque Columbia,21535270,-22.813306,-43.335307
Rua,Odilio Bacelar,27,Urca,22290280,-22.953472,-43.167877
Rua,Iriju,288,Taquara,22730280,-22.922626,-43.366780
Rua,Vila Nova,150,Realengo,21770172,-22.888785,-43.441055
Rua,Atininga,570,Tanque,22730010,-22.914383,-43.370494
Rua,Balaiada,33,Madureira,21360300,-22.865477,-43.328896
Avenida,Muniz de Aragao,1032,Anil,22765005,-22.953944,-43.348488
Avenida,Meriti,190,Vila Kosmos,21220203,-22.856473,-43.307790
Travessa,Sika,11,Padre Miguel,21721222,-22.871444,-43.444966
Beco,Travessa Mendes,4,Morro do Borel,20530420,-22.938366,-43.252968
Travessa,Eliseu Pinhal,23,Sepetiba,23540320,-22.974573,-43.703959
Rua,Alvorada,89,Campo Grande,23055200,-22.908402,-43.575481
Ladeira,Orlando,40,Santa Teresa,20230000,-22.912951,-43.193702
Rua,Pacheco Junior,13,Bras de Pina,21211170,-22.833409,-43.304521
Rua,Iriju,236,Taquara,22730280,-22.923299,-43.366543
Rua,Atininga,696,Tanque,22730010,-22.915377,-43.371863
Rua,Igarapava,59,Leblon,22450200,-22.987062,-43.231019
Estrada,Do Dende,1675,Monero,21920315,-22.795949,-43.197654
Estrada,Do Dende,1581,Monero,21920315,-22.795932,-43.196941
Beco,Travessa Mendes,8,Morro do Borel,20530420,-22.938307,-43.252908
Travessa,Tabor,17,Cidade de Deus,22772680,-22.947477,-43.361440
Rua,Jorge Rudge,202,Vila Isabel,20550220,-22.908995,-43.241906
Rua,Jorge Rudge,184,Vila Isabel,20550220,-22.909537,-43.241596
Rua,Quatro,240,Cosmos,23065040,-22.903683,-43.619310
Rua,Atininga,500,Tanque,22730010,-22.914340,-43.370221
Rua,Arueira,302,Anil,22753805,-22.966842,-43.332068
Rua,Belisario de Souza,768,Padre Miguel,21721250,-22.872907,-43.443954
Rua,Balaiada,43,Madureira,21360300,-22.865296,-43.329001
Rua,Do Papagaio,237,Inhoaiba,23063030,-22.907328,-43.596852
Rua,Francisco Mello Filho,72,Senador Vasconcelos,23013270,-22.904940,-43.536865
Rua,Barbara,46,Paciencia,23580040,-22.916215,-43.637653
Rua,Bernardo,341,Engenho de Dentro,20745270,-22.901618,-43.308204
Rua,Do Papagaio,348,Inhoaiba,23063030,-22.905384,-43.596656
Rua,Odilio Bacelar,43,Urca,22290280,-22.953473,-43.167435
Praca,Do Bandolim,100,Curicica,22780793,-22.957920,-43.382661
Rua,Joao de Medeiros,896,Inhoaiba,23063270,-22.896550,-43.595707
Rua,Anibal de Mendonca,151,Ipanema,22410050,-22.982569,-43.211172
Rua,Figueiredo,121,Freguesia,21911150,-22.788538,-43.169449
Rua,Mario Pena,15,Parque Columbia,21535270,-22.813530,-43.334946
Rua,Francisco Mello Filho,73,Senador Vasconcelos,23013270,-22.904909,-43.537011
Rua,Iriju,140,Taquara,22730280,-22.923939,-43.366087
Rua,Iriju,378,Taquara,22730280,-22.922182,-43.366476
Rua,Atininga,594,Tanque,22730010,-22.914454,-43.370837
Rua,Arueira,536,Anil,22753805,-22.965267,-43.330661
Rua,Mucuri,5,Pilares,20750270,-22.873220,-43.301512
Rua,Figueiredo,113,Freguesia,21911150,-22.788645,-43.169575
Travessa,Eliseu Pinhal,161,Sepetiba,23540320,-22.973726,-43.703154
Praca,Estado de Israel,23,Realengo,21715210,-22.876939,-43.440271
Rua,Vila Nova,104,Realengo,21770172,-22.888424,-43.441489
Estrada,Do Dende,1749,Monero,21920315,-22.795964,-43.198077
Rua,Uchoa,85,Realengo,21765350,-22.886172,-43.432318
Rua,Demetrio Tourinho,21,Realengo,21765080,-22.892618,-43.430993
Beco,Travessa Mendes,5,Morro do Borel,20530420,-22.938419,-43.253032
Rua,Mario Pena,25,Parque Columbia,21535270,-22.813718,-43.334544
Rua,Jorge Rudge,182,Vila Isabel,20550220,-22.909477,-43.241602
Rua,Vila Nova,176,Realengo,21770172,-22.888999,-43.440913
Rua,Cereja,427,Jardim Guaratiba,23032150,-22.971070,-43.642375
Rua,Calheiros da Graca,73,Todos Os Santos,20735190,-22.899302,-43.284470
Rua,Calheiros da Graca,67,Todos Os Santos,20735190,-22.899178,-43.284437
Travessa,Sika,15,Padre Miguel,21721222,-22.871319,-43.445056
Rua,Demetrio Tourinho,17,Realengo,21765080,-22.892532,-43.431151
Rua,Figueiredo,123,Freguesia,21911150,-22.788525,-43.169405
Rua,Francisco Mello Filho,185,Senador Vasconcelos,23013270,-22.904734,-43.536746
Rua,Iriju,342,Taquara,22730280,-22.922321,-43.366609
Rua,Quatro,184,Cosmos,23065040,-22.904172,-43.619136
Rua,Arueira,720,Anil,22753805,-22.964665,-43.328910
Rua,Ribeyrolles,370,Coelho Neto,21530310,-22.829883,-43.350925
Ladeira,Orlando,30,Santa Teresa,20230000,-22.912767,-43.193438
Rua,Do Cenaculo,43,Cidade de Deus,22772380,-22.948483,-43.361234
Rua,Rosa do Povo,131,Freguesia de Jacarepagua,22743845,-22.930636,-43.341371
Rua,Rosa do Povo,25,Freguesia de Jacarepagua,22743845,-22.930639,-43.339854
Avenida,Genaro de Carvalho,874,Recreio,22790072,-23.015113,-43.453590
Rua,Nilton Githay,121,Vila Valqueire,21330380,-22.882417,-43.374559
Beco,Travessa Mendes,6,Morro do Borel,20530420,-22.938321,-43.252667
Travessa,Eliseu Pinhal,67,Sepetiba,23540320,-22.974336,-43.703756
Rua,Mario Pena,145,Parque Columbia,21535270,-22.813548,-43.334790
Ladeira,Orlando,38,Santa Teresa,20230000,-22.912927,-43.193609
Travessa,Tabor,5,Cidade de Deus,22772680,-22.947292,-43.361730
Rua,Rosa do Povo,57,Freguesia de Jacarepagua,22743845,-22.931195,-43.341093
Rua,Do Ases,16,Costa Barros,21515260,-22.825632,-43.365483
Rua,Arueira,372,Anil,22753805,-22.966362,-43.331794
Rua,Relvado,285,Taquara,22720380,-22.918598,-43.387692
Estrada,Do Dende,1343,Monero,21920315,-22.795918,-43.197908
Rua,Uchoa,35,Realengo,21765350,-22.886491,-43.432201
Rua,Mearim,189,Grajau,20561070,-22.920436,-43.263146
Rua,Lote Nove,64,Santissimo,23098006,-22.865271,-43.513447
Rua,Figueiredo,127,Freguesia,21911150,-22.788397,-43.169202
Rua,Alvorada,69,Campo Grande,23055200,-22.908182,-43.575508
Rua,Alvorada,149,Campo Grande,23055200,-22.909126,-43.575065
Rua,Vitoria Reges,14,Sepetiba,23530524,-22.972760,-43.676862
Rua,Francisco Mello Filho,195,Senador Vasconcelos,23013270,-22.904636,-43.536659
Praca,Do Bandolim,7,Curicica,22780793,-22.958046,-43.382682
Rua,Vila Nova,196,Realengo,21770172,-22.889096,-43.440765
Rua,Joaquim Pedro de Andrade,50,Cosmos,23061498,-22.905493,-43.620819
Rua,Arueira,508,Anil,22753805,-22.965419,-43.330824
Rua,Arueira,790,Anil,22753805,-22.964254,-43.328751
Rua,Relvado,71,Taquara,22720380,-22.918316,-43.386579
Avenida,Muniz de Aragao,1110,Anil,22765005,-22.954114,-43.348681
Avenida,Meriti,80,Vila Kosmos,21220203,-22.856885,-43.308397
Rua,Do Papagaio,235,Inhoaiba,23063030,-22.907445,-43.596894
Ladeira,Orlando,54,Santa Teresa,20230000,-22.913238,-43.193812
Avenida,Genaro de Carvalho,810,Recreio,22790072,-23.014901,-43.452876
Rua,Atininga,342,Tanque,22730010,-22.913670,-43.368425
Rua,Atininga,358,Tanque,22730010,-22.913664,-43.368599
Rua,Do Papagaio,798,Inhoaiba,23063030,-22.906200,-43.596781
Rua,Do Papagaio,828,Inhoaiba,23063030,-22.907162,-43.596897
Beco,Travessa Mendes,2,Morro do Borel,20530420,-22.938323,-43.252753
Rua,Iriju,186,Taquara,22730280,-22.923666,-43.366272
Rua,Do Ases,20,Costa Barros,21515260,-22.825441,-43.365504
Estrada,Do Pre,370,Campo Grande,23015260,-22.910386,-43.545068
Rua,Relvado,197,Taquara,22720380,-22.918527,-43.387536
Beco,Jurari,0,Guaratiba,23036500,-22.942529,-43.578067
Rua,Jose da Silva,168,Pedra de Guaratiba,23025500,-22.996212,-43.629842
Rua,Do Ases,18,Costa Barros,21515260,-22.825546,-43.365517
Rua,Francisco Mello Filho,71,Senador Vasconcelos,23013270,-22.904786,-43.536805
Rua,Francisco Mello Filho,80,Senador Vasconcelos,23013270,-22.905235,-43.537347
Rua,Estrela Nova,16,Cascadura,21311060,-22.886917,-43.329792
Rua,Bernardo,337,Engenho de Dentro,20745270,-22.901802,-43.308143
Rua,Bernardo,297,Engenho de Dentro,20745270,-22.902006,-43.307287
Rua,Joaquim Pedro de Andrade,30,Cosmos,23061498,-22.905532,-43.620860
Largo,Francisco da Prainha,4,Saude,20081270,-22.897774,-43.184198
Rua,Joao de Medeiros,397,Inhoaiba,23063270,-22.896711,-43.595843
Rua,Alvorada,99,Campo Grande,23055200,-22.908624,-43.575470
Praca,Do Bandolim,130,Curicica,22780793,-22.957968,-43.382962
Rua,Bernardo,371,Engenho de Dentro,20745270,-22.901567,-43.308952
Rua,Relvado,187,Taquara,22720380,-22.918547,-43.387483
Rua,Belisario de Souza,746,Padre Miguel,21721250,-22.873074,-43.444092
Rua,Anibal de Mendonca,157,Ipanema,22410050,-22.982347,-43.211266
Rua,Balaiada,73,Madureira,21360300,-22.865401,-43.328603
Rua,Demetrio Tourinho,117,Realengo,21765080,-22.892613,-43.431095
Beco,Travessa Mendes,12,Morro do Borel,20530420,-22.938225,-43.253073
Rua,Alvorada,169,Campo Grande,23055200,-22.909126,-43.575065
Rua,Vila Nova,184,Realengo,21770172,-22.888952,-43.440864
Rua,Bernardo,323,Engenho de Dentro,20745270,-22.902206,-43.308010
Rua,Arueira,320,Anil,22753805,-22.966626,-43.332030
Rua,Jorge Rudge,186,Vila Isabel,20550220,-22.909520,-43.241642
Rua,Custodio Nunes,10,Ramos,21031380,-22.849754,-43.259983
Rua,Vila Nova,94,Realengo,21770172,-22.888421,-43.441478
Rua,Atininga,606,Tanque,22730010,-22.914459,-43.370957
Rua,Arueira,260,Anil,22753805,-22.967284,-43.332338
Beco,Poco da Tuia,25,Rocinha,22451570,-22.989407,-43.247485
Avenida,Muniz de Aragao,1210,Anil,22765005,-22.954195,-43.348998
Rua,Nilton Githay,191,Vila Valqueire,21330380,-22.883156,-43.374522
Rua,Francisco Mello Filho,78,Senador Vasconcelos,23013270,-22.905203,-43.537279
Praca,Do Bandolim,120,Curicica,22780793,-22.957955,-43.382986
Rua,Iriju,414,Taquara,22730280,-22.922085,-43.366232
Rua,Custodio Nunes,14,Ramos,21031380,-22.849635,-43.260043
Rua,Atininga,372,Tanque,22730010,-22.913611,-43.368871
Rua,Atininga,560,Tanque,22730010,-22.914447,-43.371132
Rua,Arueira,680,Anil,22753805,-22.964714,-43.329375
Estrada,Do Dende,1687,Monero,21920315,-22.795966,-43.197781
Estrada,Do Dende,1313,Monero,21920315,-22.795915,-43.197596
Avenida,Areinha,75,Rio das Pedras,22753000,-22.978514,-43.336448
Rua,Figueiredo,75,Freguesia,21911150,-22.788571,-43.170328
Rua,Atininga,328,Tanque,22730010,-22.913656,-43.367976
Rua,Arueira,522,Anil,22753805,-22.965316,-43.330781
Rua,Costa Ribeiro,464,Jardim America,21240290,-22.807207,-43.324705
Rua,Balaiada,63,Madureira,21360300,-22.865462,-43.328688
Travessa,Sebastiao Jose Marques,194,Inhoaiba,23059315,-22.912709,-43.605115
Rua,Jorge Rudge,190,Vila Isabel,20550220,-22.909293,-43.241677
Estrada,Roberto Burle Marx,5923,Barra de Guaratiba,23020265,-23.039511,-43.558779
Rua,Iriju,66,Taquara,22730280,-22.924422,-43.365748
Rua,Custodio Nunes,12,Ramos,21031380,-22.849705,-43.259891
Rua,Mearim,179,Grajau,20561070,-22.920657,-43.263200
Rua,Figueiredo,133,Freguesia,21911150,-22.788191,-43.168991
Rua,Do Papagaio,357,Inhoaiba,23063030,-22.906033,-43.596791
Travessa,Eliseu Pinhal,143,Sepetiba,23540320,-22.973853,-43.703229
Rua,Do Cenaculo,33,Cidade de Deus,22772380,-22.948479,-43.361189
Rua,Arueira,290,Anil,22753805,-22.967035,-43.332137
Ladeira,Orlando,48,Santa Teresa,20230000,-22.913097,-43.193816
Rua,Jorge Rudge,187,Vila Isabel,20550220,-22.909609,-43.241465
Estrada,Roberto Burle Marx,5909,Barra de Guaratiba,23020265,-23.039642,-43.558570
Rua,Bernardo,305,Engenho de Dentro,20745270,-22.901949,-43.307469
Rua,Gibraltar,38,Pavuna,21650150,-22.814540,-43.374709
Travessa,Eliseu Pinhal,61,Sepetiba,23540320,-22.974394,-43.703786
Travessa,Silvio Terra,1,Barros Filho,21665302,-22.834373,-43.370985
Rua,Custodio Nunes,2,Ramos,21031380,-22.849795,-43.259770
Praca,Estado de Israel,13,Realengo,21715210,-22.876954,-43.440292
Rua,Atininga,546,Tanque,22730010,-22.914437,-43.370294
Rua,Arueira,358,Anil,22753805,-22.966536,-43.331826
Avenida,Meriti,170,Vila Kosmos,21220203,-22.856517,-43.307900
Rua,Nilton Githay,41,Vila Valqueire,21330380,-22.881786,-43.374646
Rua,Do Papagaio,367,Inhoaiba,23063030,-22.905903,-43.596775
Travessa,Eliseu Pinhal,51,Sepetiba,23540320,-22.974521,-43.703900
Travessa,Airton Senna,94,Vila Kennedy,21850020,-22.862531,-43.486591
Rua,Francisco Mello Filho,85,Senador Vasconcelos,23013270,-22.905520,-43.537720
Rua,Iriju,400,Taquara,22730280,-22.922108,-43.366297
Rua,Arueira,496,Anil,22753805,-22.965552,-43.330970
Rua,Mearim,183,Grajau,20561070,-22.920538,-43.263151
Avenida,Muniz de Aragao,894,Anil,22765005,-22.953331,-43.345819
Rua,Calheiros da Graca,43,Todos Os Santos,20735190,-22.898625,-43.284101
Ladeira,Orlando,56,Santa Teresa,20230000,-22.913186,-43.193904
Travessa,Tabor,7,Cidade de Deus,22772680,-22.947192,-43.361638
Rua,Petrocochino,80,Vila Isabel,20551255,-22.914138,-43.254970
Rua,Custodio Nunes,16,Ramos,21031380,-22.849643,-43.260158
Rua,Custodio Nunes,26,Ramos,21031380,-22.849508,-43.260274
Rua,Atininga,446,Tanque,22730010,-22.913775,-43.369483
Rua,Lourenco Filho,123,Barra da Tijuca,22630140,-23.008893,-43.351501
Ladeira,Orlando,66,Santa Teresa,20230000,-22.913265,-43.194044
Rua,Estrela Nova,14,Cascadura,21311060,-22.886877,-43.329769
Rua,Estrela Nova,34,Cascadura,21311060,-22.886243,-43.329528
Largo,Francisco da Prainha,0,Saude,20081270,-22.897885,-43.184201
Rua,Francisco Mello Filho,82,Senador Vasconcelos,23013270,-22.905387,-43.537536
Rua,Bellini,808,Iraja,21230215,-22.818059,-43.331181
Rua,Mearim,175,Grajau,20561070,-22.920746,-43.263117
Avenida,Muniz de Aragao,896,Anil,22765005,-22.953353,-43.346586
Rua,Mandina,299,Curicica,22780530,-22.954263,-43.386250
Travessa,Sika,17,Padre Miguel,21721222,-22.871345,-43.445014
Rua,Nilton Githay,101,Vila Valqueire,21330380,-22.882327,-43.374551
Travessa,Eliseu Pinhal,155,Sepetiba,23540320,-22.973748,-43.703200
Rua,Petrocochino,74,Vila Isabel,20551255,-22.914405,-43.254884
Travessa,Silvio Terra,4,Barros Filho,21665302,-22.834145,-43.371194
Rua,Itacava,91,Padre Miguel,21775510,-22.883657,-43.450839
Rua,Irineu Marinho,35,Centro,20230023,-22.910338,-43.193872
Praca,Panamericana,53,Penha,21020070,-22.837045,-43.278151
Rua,Uchoa,25,Realengo,21765350,-22.886505,-43.432014
Rua,Do Papagaio,130,Inhoaiba,23063030,-22.908016,-43.596986
Rua,Quatro,216,Cosmos,23065040,-22.903824,-43.619197
Rua,Atininga,714,Tanque,22730010,-22.914414,-43.372007
Rua,Arueira,780,Anil,22753805,-22.964406,-43.328782
Rua,Arueira,480,Anil,22753805,-22.965634,-43.331148
Avenida,Muniz de Aragao,1220,Anil,22765005,-22.954259,-43.348933
Rua,Iriju,434,Taquara,22730280,-22.922018,-43.366033
Rua,Pinto da Luz,50,Cordovil,21010110,-22.817040,-43.292778
Rua,Balaiada,81,Madureira,21360300,-22.865263,-43.328826
Avenida,Muniz de Aragao,890,Anil,22765005,-22.952987,-43.345078
Rua,Nilton Githay,181,Vila Valqueire,21330380,-22.882909,-43.374628
Rua,Gibraltar,34,Pavuna,21650150,-22.814810,-43.374889
Rua,Do Papagaio,839,Inhoaiba,23063030,-22.906398,-43.596800
Rua,Do Cenaculo,35,Cidade de Deus,22772380,-22.948456,-43.361195
Rua,Iriju,126,Taquara,22730280,-22.924099,-43.365967
Rua,Lote Nove,63,Santissimo,23098006,-22.865340,-43.513464
Rua,Figueiredo,119,Freguesia,21911150,-22.788565,-43.169409
Ladeira,Orlando,62,Santa Teresa,20230000,-22.913260,-43.193971
Rua,Francisco Mello Filho,81,Senador Vasconcelos,23013270,-22.905348,-43.537434
Ladeira,Orlando,42,Santa Teresa,20230000,-22.913048,-43.193767
Rua,Francisco Mello Filho,79,Senador Vasconcelos,23013270,-22.905210,-43.537298
Rua,Francisco Mello Filho,66,Senador Vasconcelos,23013270,-22.904603,-43.536616
Rua,Atininga,470,Tanque,22730010,-22.913769,-43.369751
Rua,Belisario de Souza,765,Padre Miguel,21721250,-22.872917,-43.443823
Rua,Mandina,337,Curicica,22780530,-22.954187,-43.386913
Rua,Demetrio Tourinho,15,Realengo,21765080,-22.892477,-43.431168
Rua,Nilton Githay,61,Vila Valqueire,21330380,-22.881969,-43.374606
Rua,Augusto de Vasconcelos,1290,Campo Grande,23045120,-22.913352,-43.563237
Travessa,Tabor,9,Cidade de Deus,22772680,-22.947448,-43.361697
Rua,Rosa do Povo,14,Freguesia de Jacarepagua,22743845,-22.931577,-43.340913
Rua,Quatro,168,Cosmos,23065040,-22.904231,-43.619199
Rua,Atininga,582,Tanque,22730010,-22.914480,-43.370721
Rua,Mearim,187,Grajau,20561070,-22.920508,-43.263219
Avenida,Meriti,130,Vila Kosmos,21220203,-22.856622,-43.308042
Rua,Nilton Githay,151,Vila Valqueire,21330380,-22.882660,-43.374533
Rua,Rosa do Povo,43,Freguesia de Jacarepagua,22743845,-22.930677,-43.339661
Rua,Bellini,784,Iraja,21230215,-22.818091,-43.331331
Rua,Quatro,224,Cosmos,23065040,-22.903761,-43.619193
Rua,Mandina,345,Curicica,22780530,-22.954119,-43.386988
Rua,Do Papagaio,330,Inhoaiba,23063030,-22.906613,-43.596770
Ladeira,Orlando,72,Santa Teresa,20230000,-22.913418,-43.194098
Rua,Severiano,97,Botafogo,22290040,-22.953298,-43.177507
Rua,Arueira,250,Anil,22753805,-22.966549,-43.331905
Rua,Arueira,700,Anil,22753805,-22.964688,-43.329174
Rua,Costa Ribeiro,454,Jardim America,21240290,-22.807208,-43.324755
Avenida,Meriti,44,Vila Kosmos,21220203,-22.857098,-43.308673
Rua,Lourenco Filho,151,Barra da Tijuca,22630140,-23.008678,-43.351471
Rua,Nilton Githay,141,Vila Valqueire,21330380,-22.882556,-43.374540
Rua,Do Cenaculo,37,Cidade de Deus,22772380,-22.948444,-43.361204
Rua,Francisco Mello Filho,84,Senador Vasconcelos,23013270,-22.905529,-43.537500
Rua,Quatro,232,Cosmos,23065040,-22.903714,-43.619236
Rua,Jorge Rudge,180,Vila Isabel,20550220,-22.909548,-43.241433
Rua,Francisco Mello Filho,205,Senador Vasconcelos,23013270,-22.904824,-43.536745
Rua,Rosa do Povo,145,Freguesia de Jacarepagua,22743845,-22.930482,-43.341432
Rua,Iriju,172,Taquara,22730280,-22.923748,-43.366209
Praca,Panamericana,45,Penha,21020070,-22.837028,-43.278147
Rua,Demetrio Tourinho,1,Realengo,21765080,-22.892382,-43.431345
Rua,Alvorada,161,Campo Grande,23055200,-22.909359,-43.575602
Rua,Francisco Mello Filho,77,Senador Vasconcelos,23013270,-22.905192,-43.537143
Rua,Francisco Mello Filho,83,Senador Vasconcelos,23013270,-22.905516,-43.537578
Rua,Lote Nove,51,Santissimo,23098006,-22.865296,-43.513090
Rua,Ribeyrolles,400,Coelho Neto,21530310,-22.829593,-43.351029
Travessa,Vinte e Quatro,15,Mare,21046140,-22.866895,-43.234017
Travessa,Eliseu Pinhal,27,Sepetiba,23540320,-22.974675,-43.704061
Ladeira,Orlando,68,Santa Teresa,20230000,-22.913360,-43.193960
Rua,Petrocochino,78,Vila Isabel,20551255,-22.914099,-43.255014
Rua,Rosa do Povo,55,Freguesia de Jacarepagua,22743845,-22.931820,-43.341252
Praca,Estado de Israel,122,Realengo,21715210,-22.876988,-43.440470
Rua,Bernardo,321,Engenho de Dentro,20745270,-22.902152,-43.308069
Ladeira,Orlando,64,Santa Teresa,20230000,-22.913237,-43.194017
Rua,Jorge Rudge,164,Vila Isabel,20550220,-22.909753,-43.241291
Rua,Mario Pena,35,Parque Columbia,21535270,-22.813685,-43.334642
Ladeira,Orlando,36,Santa Teresa,20230000,-22.912794,-43.193561
Rua,Mearim,169,Grajau,20561070,-22.920818,-43.262972
Rua,Gibraltar,28,Pavuna,21650150,-22.814677,-43.375082
Rua,Do Cenaculo,39,Cidade de Deus,22772380,-22.948437,-43.361173
Rua,Jacobina,1,Deodoro,21670640,-22.855582,-43.386005
Rua,Rosa do Povo,136,Freguesia de Jacarepagua,22743845,-22.931085,-43.341169
Avenida,Genaro de Carvalho,916,Recreio,22790072,-23.015411,-43.454381
Rua,Igarapava,65,Leblon,22450200,-22.986964,-43.230802
Rua,Armando Amaral Rebello,400,Campo Grande,23076070,-22.887405,-43.574886
Rua,Armando Amaral Rebello,520,Campo Grande,23076070,-22.888387,-43.574897
Rua,Armando Amaral Rebello,580,Campo Grande,23076070,-22.888746,-43.574865
Rua,Augusta,4,Vila Jardim,23016510,-22.916192,-43.532431
Travessa,15,22,Complexo da Mare,21046055,-22.864019,-43.235497
Travessa,15,20,Complexo da Mare,21046055,-22.864048,-43.235562
Praca,Marzagao,0,Campo Grande,23042120,-22.921972,-43.558275
Praca,Marzagao,11,Campo Grande,23042120,-22.921336,-43.558174
Rua,Miguel Vieira Ferreira,244,Ramos,21060090,-22.855213,-43.262571
Rua,Miguel Vieira Ferreira,282,Ramos,21060090,-22.855395,-43.262423
Rua,Miguel Vieira Ferreira,220,Ramos,21060090,-22.854908,-43.262532
Rua,Miguel Vieira Ferreira,232,Ramos,21060090,-22.855075,-43.262574
Rua,Lote Nove,53,Santissimo,23098006,-22.865273,-43.513196
Beco,Edimo Campos,8,Santa Cruz,23591200,-22.932193,-43.661082
Praia,Do Zumbi,28,Zumbi,21930155,-22.820896,-43.174771
Rua,Antonio Riedlinger Junior,353,Oswaldo Cruz,21340290,-22.871797,-43.351039
Rua,Antonio Riedlinger Junior,350,Oswaldo Cruz,21340290,-22.871886,-43.351015
Rua,Antonio Riedlinger Junior,317,Oswaldo Cruz,21340290,-22.872240,-43.351033
Rua,Antonio Riedlinger Junior,41,Oswaldo Cruz,21340290,-22.873452,-43.351418
Travessa,Barroso,3,Realengo,21721240,-22.871731,-43.438035
Rua,Caviana,585,Taquara,22730140,-22.917622,-43.376439
Rua,Caviana,550,Taquara,22730140,-22.919314,-43.376518
Rua,Da Chita,324,Bangu,21862170,-22.872088,-43.463684
Rua,Da Chita,330,Bangu,21862170,-22.872051,-43.463614
Avenida,Brasil,27809,Magalhaes Bastos,21730230,-22.865201,-43.418898
Avenida,Brasil,27789,Magalhaes Bastos,21730230,-22.865192,-43.418724
Rua,Cruz,1043,Vista Alegre,21250520,-22.826890,-43.312991
Rua,Cruz,1051,Vista Alegre,21250520,-22.826762,-43.313415
Rua,Cruz,1063,Vista Alegre,21250520,-22.826642,-43.313334
Rua,Cruz,1047,Vista Alegre,21250520,-22.826679,-43.313184
Rua,Cruz,1033,Vista Alegre,21250520,-22.826588,-43.313027
Rua,Cruz,987,Vista Alegre,21250520,-22.826373,-43.312742
Rua,Cruz,965,Vista Alegre,21250520,-22.826634,-43.312288
Rua,Cruz,929,Vista Alegre,21250520,-22.826245,-43.312167
Praca,Jose Bernardino,239,Barra da Tijuca,22621120,-23.010228,-43.308692
Estrada,Do Cabucu,2488,Campo Grande,23017250,-22.916384,-43.536991
Estrada,Do Cabucu,2498,Campo Grande,23017250,-22.916458,-43.536924
Estrada,Do Cabucu,2500,Campo Grande,23017250,-22.916495,-43.536756
Estrada,Do Cabucu,2450,Campo Grande,23017250,-22.916440,-43.537302
Rua,Plumeria,55,Padre Miguel,21725240,-22.859708,-43.449745
Rua,Plumeria,115,Padre Miguel,21725240,-22.859942,-43.449538
Rua,Plumeria,10,Padre Miguel,21725240,-22.859693,-43.449066
Rua,Da Aparecida,34,Mare,20010000,-22.842061,-43.249476
Alameda,Das Amendoeiras,18,Sepetiba,23535052,-22.975818,-43.691436
Rua,Conde de Avelar,56,Laranjeiras,22245030,-22.937278,-43.189019
Rua,Conde de Avelar,44,Laranjeiras,22245030,-22.937542,-43.189053
Rua,Conde de Avelar,28,Laranjeiras,22245030,-22.937561,-43.189093
Rua,Conde de Avelar,35,Laranjeiras,22245030,-22.937498,-43.189041
Rua,Jose Valouro,25,Cosmos,23061570,-22.901595,-43.614950
Rua,Costinha,20,Cosmos,23061495,-22.906990,-43.621165
Rua,Costinha,68,Cosmos,23061495,-22.906601,-43.621540
Rua,Costinha,156,Cosmos,23061495,-22.906011,-43.622018
Rua,Costinha,36,Cosmos,23061495,-22.906875,-43.621256
Rua,Vasco Lima,760,Guaratiba,23032670,-22.975251,-43.657036
Rua,Vasco Lima,733,Guaratiba,23032670,-22.975564,-43.657034
Rua,Vasco Lima,732,Guaratiba,23032670,-22.975615,-43.657038
Rua,Angulos Jubilosos,24,Paciencia,23587720,-22.920337,-43.627517
Rua,Amanajo,730,Bangu,21820210,-22.887296,-43.475608
Estrada,Do Guandu do Sape,31,Campo Grande,23090031,-22.888313,-43.560287
Estrada,Do Guandu do Sape,25,Campo Grande,23090031,-22.888281,-43.560323
Estrada,Porto Nacional,130,Bangu,21870380,-22.868495,-43.460581
Estrada,Porto Nacional,26,Bangu,21870380,-22.868139,-43.461408
Estrada,Porto Nacional,140,Bangu,21870380,-22.868441,-43.460658
Estrada,Porto Nacional,53,Bangu,21870380,-22.868474,-43.461047
Estrada,Porto Nacional,46,Bangu,21870380,-22.868263,-43.459810
Travessa,Erasmo,6,Bairro Sao Geraldo,23095682,-22.865540,-43.560975
Travessa,Erasmo,0,Bairro Sao Geraldo,23095682,-22.866079,-43.560992
Rua,Amanajo,630,Bangu,21820210,-22.886634,-43.475244
Rua,Amanajo,680,Bangu,21820210,-22.887063,-43.475333
Rua,Amanajo,720,Bangu,21820210,-22.887218,-43.475274
Rua,Amanajo,740,Bangu,21820210,-22.887554,-43.475231
Rua,Sali,15,Morro da Fe,21210360,-22.846152,-43.296880
Rua,Piraquara,422,Realengo,21755271,-22.881710,-43.420988
Rua,Sali,21,Morro da Fe,21210360,-22.845951,-43.296868
Rua,Barata Ribeiro,662,Copacabana,22051002,-22.973381,-43.191005
Rua,Barata Ribeiro,664,Copacabana,22051002,-22.973050,-43.191123
Rua,Barata Ribeiro,668,Copacabana,22051002,-22.973453,-43.191132
Rua,Monodora,185,Gardenia Azul,22765590,-22.960330,-43.350770
Rua,Monodora,141,Gardenia Azul,22765590,-22.960283,-43.350298
Rua,Monodora,133,Gardenia Azul,22765590,-22.960232,-43.350193
Rua,Monodora,149,Gardenia Azul,22765590,-22.960324,-43.350373
Rua,Monodora,123,Gardenia Azul,22765590,-22.960343,-43.350177
Rua,Monodora,95,Gardenia Azul,22765590,-22.960308,-43.349878
Rua,Monodora,61,Gardenia Azul,22765590,-22.960187,-43.349632
Rua,Monodora,53,Gardenia Azul,22765590,-22.960204,-43.349511
Rua,Monodora,71,Gardenia Azul,22765590,-22.960494,-43.349674
Rua,Monodora,33,Gardenia Azul,22765590,-22.960321,-43.349273
Rua,Monodora,87,Gardenia Azul,22765590,-22.960248,-43.349788
Rua,Chaves Pinheiro,48,Cachambi,20771470,-22.887112,-43.277386
Rua,Barata Ribeiro,672,Copacabana,22051002,-22.973603,-43.191224
Rua,Chaves Pinheiro,36,Cachambi,20771470,-22.887541,-43.277493
Travessa,Erasmo,7,Bairro Sao Geraldo,23095682,-22.865611,-43.561486
Avenida,Glaucio Gil,839,Recreio,22795171,-23.017376,-43.460184
Avenida,Glaucio Gil,825,Recreio,22795171,-23.017557,-43.460082
Avenida,Glaucio Gil,801,Recreio,22795171,-23.017722,-43.460096
Avenida,Dulcidio Cardoso,2915,Barra da Tijuca,22630021,-23.007322,-43.348420
Rua,Barata Ribeiro,650,Copacabana,22051002,-22.972883,-43.190753
Rua,Barata Ribeiro,658,Copacabana,22051002,-22.973170,-43.190925
Rua,Izidro,105,Tijuca,20521160,-22.928983,-43.233902
Rua,Izidro,103,Tijuca,20521160,-22.928882,-43.233966
Rua,Izidro,99,Tijuca,20521160,-22.928635,-43.233749
Rua,Izidro,95,Tijuca,20521160,-22.928683,-43.233797
Rua,Traipu,8,Ricardo de Albuquerque,21555110,-22.830522,-43.386905
Rua,Izidro,171,Tijuca,20521160,-22.930601,-43.234272
Rua,Izidro,155,Tijuca,20521160,-22.930395,-43.234371
Rua,Izidro,149,Tijuca,20521160,-22.930254,-43.234311
Rua,Izidro,147,Tijuca,20521160,-22.930127,-43.234154
Rua,Izidro,145,Tijuca,20521160,-22.930052,-43.234373
Rua,Izidro,135,Tijuca,20521160,-22.930676,-43.233974
Rua,Izidro,131,Tijuca,20521160,-22.929698,-43.234113
Rua,Izidro,129,Tijuca,20521160,-22.929520,-43.234157
Rua,Izidro,125,Tijuca,20521160,-22.929573,-43.234052
Rua,Izidro,121,Tijuca,20521160,-22.929235,-43.233965
Rua,Izidro,119,Tijuca,20521160,-22.929390,-43.234529
Rua,Alan Kardec,11,Pavuna,20710230,-22.807733,-43.355417
Rua,Caviana,627,Taquara,22730140,-22.919228,-43.376885
Rua,Caviana,551,Taquara,22730140,-22.918970,-43.376271
Rua,Caviana,595,Taquara,22730140,-22.919142,-43.376761
Rua,Tomaz Lopes,661,Penha Circular,21221210,-22.841559,-43.302724
Rua,Tomaz Lopes,623,Penha Circular,21221210,-22.841831,-43.302345
Rua,Tomaz Lopes,739,Penha Circular,21221210,-22.841062,-43.302905
Rua,Paranhos da Silva,75,Jardim Guanabara,21931155,-22.814085,-43.194307
Rua,Pacheco Leao,320,Jardim Botanico,22460030,-22.965296,-43.222632
Rua,Cruz,937,Vista Alegre,21250520,-22.826401,-43.312151
Rua,Pereira da Costa,21,Madureira,21360270,-22.867703,-43.334256
Rua,Pereira da Costa,169,Madureira,21360270,-22.869193,-43.331192
Rua,Zaquia Jorge,610,Freguesia,21911270,-22.787631,-43.171838
Rua,Zaquia Jorge,1084,Freguesia,21911270,-22.787699,-43.171609
Rua,Pereira da Costa,15,Madureira,21360270,-22.867525,-43.334425
Rua,Pereira da Costa,5,Madureira,21360270,-22.867369,-43.334408
Rua,Pereira da Costa,25,Madureira,21360270,-22.867701,-43.334173
Rua,Pereira da Costa,33,Madureira,21360270,-22.867792,-43.334064
Rua,Pereira da Costa,39,Madureira,21360270,-22.867821,-43.334001
Rua,Pereira da Costa,41,Madureira,21360270,-22.867945,-43.333967
Rua,Pereira da Costa,49,Madureira,21360270,-22.868020,-43.333767
Rua,Pereira da Costa,61,Madureira,21360270,-22.868168,-43.333590
Rua,Pereira da Costa,79,Madureira,21360270,-22.868410,-43.333254
Rua,Pereira da Costa,89,Madureira,21360270,-22.868552,-43.332987
Rua,Pereira da Costa,95,Madureira,21360270,-22.868617,-43.333029
Rua,Pereira da Costa,101,Madureira,21360270,-22.868742,-43.332754
Rua,Pereira da Costa,123,Madureira,21360270,-22.869081,-43.332377
Rua,Pereira da Costa,129,Madureira,21360270,-22.869126,-43.332252
Rua,Pereira da Costa,153,Madureira,21360270,-22.869402,-43.331805
Rua,Pereira da Costa,157,Madureira,21360270,-22.869439,-43.331728
Rua,Pereira da Costa,137,Madureira,21360270,-22.869211,-43.332047
Rua,Tomaz Lopes,641,Penha Circular,21221210,-22.841790,-43.302500
Rua,Demosthenes Madureira de Pinho,272,Recreio dos Bandeirantes,22795090,-23.026159,-43.465529
Rua,Demosthenes Madureira de Pinho,831,Recreio dos Bandeirantes,22795090,-23.026159,-43.465590
Rua,Demosthenes Madureira de Pinho,827,Recreio dos Bandeirantes,22795090,-23.026003,-43.465054
Rua,Demosthenes Madureira de Pinho,823,Recreio dos Bandeirantes,22795090,-23.025954,-43.465106
Rua,Demosthenes Madureira de Pinho,795,Recreio dos Bandeirantes,22795090,-23.025933,-43.464873
Rua,Demosthenes Madureira de Pinho,751,Recreio dos Bandeirantes,22795090,-23.025745,-43.464558
Rua,Demosthenes Madureira de Pinho,735,Recreio dos Bandeirantes,22795090,-23.025806,-43.464518
Rua,Demosthenes Madureira de Pinho,400,Recreio dos Bandeirantes,22795090,-23.025800,-43.464319
Rua,Antonio Ravaiole,47,Santa Cruz,23560120,-22.873776,-43.673188
Rua,Berilo,0,Jacarepagua,22710420,-22.952080,-43.388929
Rua,Berilo,100,Jacarepagua,22710420,-22.952244,-43.389300
Rua,Lirios,44,Vargem Grande,21864145,-22.992733,-43.509469
Rua,Verdier,397,Bangu,21862180,-22.868979,-43.464348
Rua,Verdier,363,Bangu,21862180,-22.868691,-43.464362
Rua,Verdier,291,Bangu,21862180,-22.868004,-43.464387
Rua,Verdier,261,Bangu,21862180,-22.867808,-43.464430
Rua,Verdier,221,Bangu,21862180,-22.867306,-43.464410
Rua,Verdier,201,Bangu,21862180,-22.867167,-43.464375
Rua,Da Torre,514,Ipanema,22411002,-22.982886,-43.209536
Rua,Da Torre,530,Ipanema,22411002,-22.982934,-43.209843
Rua,Da Torre,534,Ipanema,22411002,-22.982963,-43.209836
Rua,Da Torre,560,Ipanema,22411002,-22.982986,-43.210499
Rua,Telemaco,199,Cascadura,21311050,-22.886695,-43.331075
Rua,Telemaco,195,Cascadura,21311050,-22.886429,-43.331256
Rua,Telemaco,187,Cascadura,21311050,-22.886333,-43.331336
Rua,Telemaco,129,Cascadura,21311050,-22.884919,-43.331963
Rua,Telemaco,113,Cascadura,21311050,-22.884210,-43.333161
Rua,Telemaco,103,Cascadura,21311050,-22.884557,-43.331771
Rua,Telemaco,91,Cascadura,21311050,-22.884002,-43.331660
Rua,Telemaco,81,Cascadura,21311050,-22.883978,-43.332114
Rua,Telemaco,69,Cascadura,21311050,-22.883614,-43.331910
Rua,Telemaco,57,Cascadura,21311050,-22.883357,-43.332080
Rua,Telemaco,5,Cascadura,21311050,-22.882658,-43.331953
Rua,Telemaco,3,Cascadura,21311050,-22.882387,-43.332098
Rua,Da Torre,578,Ipanema,22411002,-22.982848,-43.210941
Rua,Da Torre,566,Ipanema,22411002,-22.982756,-43.210649
Rua,Sessenta e Tres,232,Cesarao,23595495,-22.940060,-43.660368
Rua,Sessenta e Tres,216,Cesarao,23595495,-22.939950,-43.660201
Rua,Buriti,51,Madureira,23067439,-22.864158,-43.338601
Rua,Buriti,63,Madureira,23067439,-22.863844,-43.338505
Rua,Buriti,67,Madureira,23067439,-22.863945,-43.338316
Rua,Buriti,29,Madureira,23067439,-22.864445,-43.338975
Rua,Buriti,73,Madureira,23067439,-22.863654,-43.338475
Rua,Buriti,89,Madureira,23067439,-22.863522,-43.337995
Rua,Buriti,25,Madureira,23067439,-22.864331,-43.339274
Rua,Buriti,59,Madureira,23067439,-22.863911,-43.338509
Rua,Sinha,88,Salgueiro,20521380,-22.931360,-43.226219
Rua,Sinha,8,Salgueiro,20521380,-22.931548,-43.226170
Rua,Buriti,99,Madureira,23067439,-22.863162,-43.337975
Rua,Buriti,53,Madureira,23067439,-22.864001,-43.338612
Rua,Carauna,296,Campo Grande,23045560,-22.921008,-43.566610
Rua,Mutum,27,Bangu,21865060,-22.849122,-43.460165
Rua,Parazinho,15,Campo Grande,23071320,-22.888388,-43.581565
Rua,Parazinho,5,Campo Grande,23071320,-22.889508,-43.581583
Rua,Augusta Francisca Silva,11,Sao Fernando,23565230,-22.890402,-43.719440
Rua,Mutum,33,Bangu,21865060,-22.849611,-43.460422
Praca,Corsega,5,Vigario Geral,21241160,-22.814858,-43.309823
Rua,Abageru,100,Vila Kosmos,21220160,-22.855128,-43.306335
Rua,Lote Nove,54,Santissimo,23098006,-22.865201,-43.513080
Rua,Lirios,35,Vargem Grande,21864145,-22.992033,-43.509094
Rua,Lirios,40,Vargem Grande,21864145,-22.992586,-43.509216
Travessa,Lourival Chaves,10,Vila Militar,21616310,-22.850755,-43.397957
Rua,Pereira da Costa,177,Madureira,21360270,-22.869721,-43.331343
Rua,Pereira da Costa,43,Madureira,21360270,-22.867944,-43.333892
Rua,Pereira da Costa,75,Madureira,21360270,-22.868332,-43.333312
Rua,Alan Kardec,31,Pavuna,20710230,-22.808083,-43.354754
Beco,212,212,Manguinhos,21041240,-22.873858,-43.248637
Estrada,Porto Nacional,56,Bangu,21870380,-22.868354,-43.461546
Rua,Da Chita,378,Bangu,21862170,-22.871584,-43.463770
Rua,Jose Valouro,13,Cosmos,23061570,-22.902310,-43.614790
Rua,Sessenta e Tres,196,Cesarao,23595495,-22.939781,-43.660025
Rua,Telemaco,209,Cascadura,21311050,-22.886775,-43.331129
Rua,Telemaco,169,Cascadura,21311050,-22.885896,-43.331642
Rua,Telemaco,63,Cascadura,21311050,-22.883575,-43.331817
Rua,Deogracias Projetada A,31,Guaratiba,23036610,-22.939938,-43.597819
Rua,Angulos Jubilosos,26,Paciencia,23587720,-22.920344,-43.627415
Rua,Angulos Jubilosos,12,Paciencia,23587720,-22.920365,-43.628035
Rua,Sinha,9,Salgueiro,20521380,-22.931442,-43.226225
Rua,Da Torre,546,Ipanema,22411002,-22.982912,-43.210182
Rua,Da Torre,586,Ipanema,22411002,-22.983021,-43.211008
Avenida,Brasil,27829,Magalhaes Bastos,21730230,-22.865357,-43.419148
Rua,Lirios,43,Vargem Grande,21864145,-22.992677,-43.509448
Rua,Pereira da Costa,17,Madureira,21360270,-22.867637,-43.334356
Estrada,Vitor Dumas,1768,Santa Cruz,23550570,-22.937387,-43.700944
Rua,Verdier,417,Bangu,21862180,-22.869226,-43.464229
Rua,Verdier,251,Bangu,21862180,-22.867579,-43.464403
Rua,Bezerra de Menezes,15,Vaz Lobo,21361000,-22.856551,-43.325931
Rua,Sali,25,Morro da Fe,21210360,-22.846062,-43.296864
Praca,Jose Bernardino,221,Barra da Tijuca,22621120,-23.010242,-43.308673
Rua,Antonio Riedlinger Junior,38,Oswaldo Cruz,21340290,-22.871490,-43.351041
Rua,Antonio Riedlinger Junior,287,Oswaldo Cruz,21340290,-22.872481,-43.351034
Rua,Monte Belo,28,Mangueira,20911020,-22.902444,-43.237264
Rua,Mutum,75,Bangu,21865060,-22.849874,-43.460060
Rua,Conde de Avelar,29,Laranjeiras,22245030,-22.937501,-43.189136
Rua,Plumeria,1,Padre Miguel,21725240,-22.859733,-43.449856
Travessa,Lourival Chaves,15,Vila Militar,21616310,-22.851031,-43.397896
Rua,Pereira da Costa,97,Madureira,21360270,-22.868690,-43.332803
Rua,Zaquia Jorge,49,Freguesia,21911270,-22.787841,-43.172031
Rua,Verdier,331,Bangu,21862180,-22.868356,-43.464396
Rua,Um,155,Mare,23058400,-22.873249,-43.238684
Travessa,Erasmo,1,Bairro Sao Geraldo,23095682,-22.865931,-43.561328
Rua,Ramiro Noronha,95,Barra da Tijuca,22611270,-23.007465,-43.298374
Rua,Antonio Riedlinger Junior,298,Oswaldo Cruz,21340290,-22.872622,-43.351167
Rua,Cruz,985,Vista Alegre,21250520,-22.826570,-43.312636
Rua,Sessenta e Tres,164,Cesarao,23595495,-22.939574,-43.659802
Rua,Telemaco,143,Cascadura,21311050,-22.885379,-43.331797
Rua,Telemaco,95,Cascadura,21311050,-22.884027,-43.332002
Rua,Costinha,84,Cosmos,23061495,-22.906546,-43.621604
Rua,Monodora,43,Gardenia Azul,22765590,-22.960209,-43.349339
Travessa,Lourival Chaves,8,Vila Militar,21616310,-22.850678,-43.397910
Rua,Pereira da Costa,81,Madureira,21360270,-22.868480,-43.333163
Rua,Pereira Alves,226,Cocota,21910275,-22.802667,-43.182386
Rua,Verdier,347,Bangu,21862180,-22.868512,-43.464351
Rua,Verdier,231,Bangu,21862180,-22.867438,-43.464417
Estrada,Porto Nacional,108,Bangu,21870380,-22.868523,-43.460497
Praca,Marzagao,8,Campo Grande,23042120,-22.921581,-43.558182
Rua,Caviana,557,Taquara,22730140,-22.919135,-43.376896
Travessa,Erasmo,3,Bairro Sao Geraldo,23095682,-22.865866,-43.561372
Travessa,Barroso,1,Realengo,21721240,-22.871485,-43.438406
Rua,Chaves Pinheiro,46,Cachambi,20771470,-22.887296,-43.277693
Rua,Lino Coutinho,6526,Anil,22755130,-22.952277,-43.338140
Rua,Mutum,51,Bangu,21865060,-22.849749,-43.460346
Rua,Costinha,52,Cosmos,23061495,-22.906756,-43.621364
Rua,Paranhos da Silva,151,Jardim Guanabara,21931155,-22.814381,-43.194449
Rua,Amanajo,690,Bangu,21820210,-22.887070,-43.475225
Rua,Sinha,10,Salgueiro,20521380,-22.931473,-43.226212
Rua,Conde de Avelar,50,Laranjeiras,22245030,-22.937198,-43.189011
Rua,Armando Amaral Rebello,410,Campo Grande,23076070,-22.887495,-43.574877
Rua,Lirios,30,Vargem Grande,21864145,-22.992652,-43.509379
Rua,Monodora,79,Gardenia Azul,22765590,-22.960198,-43.349760
Rua,Verdier,211,Bangu,21862180,-22.867269,-43.464389
Rua,Verdier,477,Bangu,21862180,-22.869671,-43.464407
Rua,Alan Kardec,9,Pavuna,20710230,-22.807713,-43.355500
Estrada,Porto Nacional,84,Bangu,21870380,-22.868522,-43.460118
Praca,Corsega,21,Vigario Geral,21241160,-22.815161,-43.309374
Rua,Durval de Morais,723,Praia da Brisa,23028020,-22.976373,-43.664165
Rua,Espiridiao Rosa,89,Laranjeiras,22245050,-22.942107,-43.190077
Rua,Sali,20,Morro da Fe,21210360,-22.845895,-43.296862
Rua,Tomaz Lopes,653,Penha Circular,21221210,-22.841595,-43.302687
Rua,Paranhos da Silva,71,Jardim Guanabara,21931155,-22.814475,-43.193633
Rua,Amanajo,646,Bangu,21820210,-22.886709,-43.475280
Rua,Buriti,19,Madureira,23067439,-22.864775,-43.339127
Rua,Augusta,3,Vila Jardim,23016510,-22.916308,-43.532618
Travessa,15,28,Complexo da Mare,21046055,-22.863973,-43.235818
Rua,Monodora,157,Gardenia Azul,22765590,-22.960282,-43.350455
Rua,Pereira da Costa,37,Madureira,21360270,-22.867444,-43.333945
Rua,Francisco Eugenio,329,Sao Cristovao,20941120,-22.907995,-43.219798
Rua,Tomaz Lopes,679,Penha Circular,21221210,-22.841286,-43.302791
Rua,Tomaz Lopes,647,Penha Circular,21221210,-22.841739,-43.302595
Rua,Parazinho,210,Campo Grande,23071320,-22.889413,-43.581610
Rua,Costinha,116,Cosmos,23061495,-22.906333,-43.621690
Beco,Sem Deniminacao,56,Centro,23027260,-23.000948,-43.635851
Rua,Pereira da Costa,145,Madureira,21360270,-22.869356,-43.331970
Rua,Pereira Alves,164,Cocota,21910275,-22.802993,-43.182480
Rua,Cumata,514,Anchieta,21645160,-22.824500,-43.399402
Rua,Sali,11,Morro da Fe,21210360,-22.846073,-43.296834
Rua,Francisco Eugenio,371,Sao Cristovao,20941120,-22.908117,-43.219797
Rua,Jose Valouro,14,Cosmos,23061570,-22.902146,-43.614837
Rua,Chaves Pinheiro,22,Cachambi,20771470,-22.887777,-43.277390
Rua,Cruz,1001,Vista Alegre,21250520,-22.826514,-43.312905
Rua,Cruz,1017,Vista Alegre,21250520,-22.826555,-43.312908
Rua,Lino Coutinho,131,Anil,22755130,-22.952167,-43.336946
Rua,Lino Coutinho,75,Anil,22755130,-22.952259,-43.337546
Rua,Parazinho,115,Campo Grande,23071320,-22.888640,-43.581567
Rua,Costinha,28,Cosmos,23061495,-22.906931,-43.621176
Travessa,Jose do Patrocinio,12,Cosmos,23060720,-22.904650,-43.607039
Rua,Da Torre,564,Ipanema,22411002,-22.982763,-43.210445
Rua,Abageru,130,Vila Kosmos,21220160,-22.855037,-43.306023
Rua,Armando Amaral Rebello,480,Campo Grande,23076070,-22.888022,-43.574930
Travessa,15,12,Complexo da Mare,21046055,-22.863997,-43.235424
Travessa,15,24,Complexo da Mare,21046055,-22.863751,-43.236196
Rua,Pereira da Costa,69,Madureira,21360270,-22.868343,-43.333350
Rua,Verdier,181,Bangu,21862180,-22.866993,-43.464417
Praca,Marzagao,4,Campo Grande,23042120,-22.922037,-43.558328
Rua,Bezerra de Menezes,23,Vaz Lobo,21361000,-22.856726,-43.325974
Rua,Sali,5,Morro da Fe,21210360,-22.846158,-43.296841
Rua,Antonio Riedlinger Junior,27,Oswaldo Cruz,21340290,-22.873926,-43.351576
Rua,Mutum,63,Bangu,21865060,-22.849810,-43.460185
Rua,Mutum,57,Bangu,21865060,-22.849683,-43.460225
Estrada,Do Guandu do Sape,35,Campo Grande,23090031,-22.887795,-43.560513
Rua,Da Torre,582,Ipanema,22411002,-22.982457,-43.211003
Rua,Armando Amaral Rebello,430,Campo Grande,23076070,-22.887652,-43.574926
Rua,Monodora,5,Gardenia Azul,22765590,-22.960569,-43.348993
Rua,Verdier,437,Bangu,21862180,-22.869379,-43.464319
Rua,Cumata,510,Anchieta,21645160,-22.824599,-43.399700
Beco,212,216,Manguinhos,21041240,-22.873978,-43.248927
Travessa,Barroso,5,Realengo,21721240,-22.871707,-43.438012
Rua,Francisco Eugenio,375,Sao Cristovao,20941120,-22.908959,-43.220804
Rua,Chaves Pinheiro,12,Cachambi,20771470,-22.888000,-43.277315
Rua,Lino Coutinho,63,Anil,22755130,-22.952272,-43.337611
Rua,Costinha,180,Cosmos,23061495,-22.905933,-43.622090
Rua,Buriti,103,Madureira,23067439,-22.863063,-43.337940
Rua,Buriti,95,Madureira,23067439,-22.863435,-43.337868
Rua,Buriti,45,Madureira,23067439,-22.864245,-43.338695
Avenida,Do Canal,5,Complexo da Mare,23587520,-22.862829,-43.236811
Rua,Pereira da Costa,165,Madureira,21360270,-22.869593,-43.331604
Estrada,Porto Nacional,36,Bangu,21870380,-22.868488,-43.459615
Rua,Lino Coutinho,117,Anil,22755130,-22.952240,-43.337171
Rua,Costinha,148,Cosmos,23061495,-22.906011,-43.622018
Rua,Deogracias Projetada A,40,Guaratiba,23036610,-22.939554,-43.596969
Alameda,Das Amendoeiras,87,Sepetiba,23535052,-22.975886,-43.691347
Estrada,Do Cabucu,2508,Campo Grande,23017250,-22.916430,-43.536924
Rua,Sinha,89,Salgueiro,20521380,-22.931349,-43.226272
Rua,Da Torre,550,Ipanema,22411002,-22.983165,-43.209980
Rua,Pereira da Costa,151,Madureira,21360270,-22.868874,-43.331895
Rua,Miguel Vieira Ferreira,210,Ramos,21060090,-22.854919,-43.262618
Rua,Jose Valouro,17,Cosmos,23061570,-22.902390,-43.614699
Rua,Lino Coutinho,105,Anil,22755130,-22.952265,-43.337218
Rua,Telemaco,67,Cascadura,21311050,-22.883609,-43.331990
Rua,Costinha,132,Cosmos,23061495,-22.906160,-43.621904
Rua,Deogracias Projetada A,35,Guaratiba,23036610,-22.939788,-43.597448
Rua,Verdier,241,Bangu,21862180,-22.867545,-43.464412
Rua,Verdier,191,Bangu,21862180,-22.867028,-43.464393
Rua,Verdier,337,Bangu,21862180,-22.868421,-43.464395
Rua,Antonio Riedlinger Junior,48,Oswaldo Cruz,21340290,-22.873193,-43.351419
Rua,Antonio Riedlinger Junior,25,Oswaldo Cruz,21340290,-22.873964,-43.351435
Rua,Sessenta e Tres,180,Cesarao,23595495,-22.939708,-43.659900
Rua,Conde de Avelar,15,Laranjeiras,22245030,-22.937707,-43.189112
Rua,Armando Amaral Rebello,460,Campo Grande,23076070,-22.887911,-43.574880
Rua,Pereira da Costa,57,Madureira,21360270,-22.868069,-43.333763
Rua,Da Chita,336,Bangu,21862170,-22.871925,-43.463656
Rua,Tomaz Lopes,631,Penha Circular,21221210,-22.841843,-43.302414
Rua,Vasco Lima,780,Guaratiba,23032670,-22.975901,-43.657335
Rua,Antonio Riedlinger Junior,39,Oswaldo Cruz,21340290,-22.871498,-43.351020
Rua,Cruz,999,Vista Alegre,21250520,-22.826362,-43.312807
Rua,Telemaco,111,Cascadura,21311050,-22.884206,-43.331972
Rua,Amanajo,650,Bangu,21820210,-22.886796,-43.475273
Avenida,Dulcidio Cardoso,2901,Barra da Tijuca,22630021,-23.006232,-43.349758
Travessa,15,8,Complexo da Mare,21046055,-22.863781,-43.235343
Rua,Verdier,375,Bangu,21862180,-22.868815,-43.464340
Praca,Corsega,45,Vigario Geral,21241160,-22.815421,-43.309793
Rua,Sali,22,Morro da Fe,21210360,-22.845861,-43.296889
Rua,Chaves Pinheiro,58,Cachambi,20771470,-22.887059,-43.277701
Rua,Antonio Riedlinger Junior,92,Oswaldo Cruz,21340290,-22.872632,-43.351277
Rua,Mutum,81,Bangu,21865060,-22.849956,-43.460151
Rua,Costinha,92,Cosmos,23061495,-22.906454,-43.621625
Rua,Angulos Jubilosos,10,Paciencia,23587720,-22.920356,-43.628132
Rua,Monodora,23,Gardenia Azul,22765590,-22.960331,-43.349233
Rua,Demosthenes Madureira de Pinho,771,Recreio dos Bandeirantes,22795090,-23.025928,-43.464796
Rua,Demosthenes Madureira de Pinho,895,Recreio dos Bandeirantes,22795090,-23.026267,-43.465961
Rua,Verdier,323,Bangu,21862180,-22.868236,-43.464376
Rua,Sali,6,Morro da Fe,21210360,-22.846191,-43.296866
Rua,Parazinho,30,Campo Grande,23071320,-22.889172,-43.581572
Rua,Mutum,45,Bangu,21865060,-22.849689,-43.460275
Rua,Amanajo,700,Bangu,21820210,-22.887193,-43.475255
Rua,Lirios,33,Vargem Grande,21864145,-22.992370,-43.509266
Rua,Lirios,32,Vargem Grande,21864145,-22.992605,-43.509360
Rua,Pereira da Costa,141,Madureira,21360270,-22.869320,-43.331971
Estrada,Porto Nacional,27,Bangu,21870380,-22.868211,-43.461731
Travessa,Erasmo,5,Bairro Sao Geraldo,23095682,-22.865755,-43.561362
Rua,Lino Coutinho,53,Anil,22755130,-22.952170,-43.337854
Rua,Mutum,79,Bangu,21865060,-22.849997,-43.460163
Rua,Cabuis,90,Campo Grande,23092380,-22.865350,-43.544457
Rua,Sessenta e Tres,208,Cesarao,23595495,-22.939873,-43.660098
Rua,Da Torre,524,Ipanema,22411002,-22.982890,-43.209662
Travessa,15,14,Complexo da Mare,21046055,-22.864034,-43.235510
Rua,Pereira da Costa,65,Madureira,21360270,-22.868247,-43.333512
Rua,Zaquia Jorge,48,Freguesia,21911270,-22.787744,-43.172092
Rua,Verdier,313,Bangu,21862180,-22.868139,-43.464406
Rua,Augusta Francisca Silva,17,Sao Fernando,23565230,-22.890239,-43.719756
Rua,Chaves Pinheiro,16,Cachambi,20771470,-22.887886,-43.277356
Rua,Cruz,923,Vista Alegre,21250520,-22.826164,-43.312088
Rua,Parazinho,55,Campo Grande,23071320,-22.889018,-43.581560
Rua,Traipu,18,Ricardo de Albuquerque,21555110,-22.830726,-43.387130
Rua,Angulos Jubilosos,32,Paciencia,23587720,-22.920371,-43.627157
Rua,Buriti,79,Madureira,23067439,-22.863593,-43.338335
Rua,Armando Amaral Rebello,530,Campo Grande,23076070,-22.888390,-43.574824
Rua,Lirios,29,Vargem Grande,21864145,-22.992740,-43.509458
Rua,Pereira da Costa,35,Madureira,21360270,-22.867898,-43.334044
Rua,Cecilia,198,Bangu,21810080,-22.881012,-43.457951
Travessa,Barroso,0,Realengo,21721240,-22.871639,-43.438156
Rua,Augusta Francisca Silva,19,Sao Fernando,23565230,-22.890149,-43.719832
Rua,Jose Valouro,21,Cosmos,23061570,-22.901967,-43.614845
Rua,Jose Valouro,23,Cosmos,23061570,-22.901837,-43.614905
Rua,Antonio Riedlinger Junior,113,Oswaldo Cruz,21340290,-22.872285,-43.351050
Rua,Telemaco,161,Cascadura,21311050,-22.885635,-43.331643
Rua,Henrique Bevilaqua Fraenkel,4,Senador Camara,21842445,-22.869993,-43.480634
Rua,Traipu,16,Ricardo de Albuquerque,21555110,-22.830630,-43.387008
Travessa,Lourival Chaves,11,Vila Militar,21616310,-22.850803,-43.397974
Rua,Alan Kardec,5,Pavuna,20710230,-22.807663,-43.355665
Praca,Marzagao,2,Campo Grande,23042120,-22.922245,-43.558343
Travessa,Erasmo,2,Bairro Sao Geraldo,23095682,-22.865872,-43.561326
Rua,Ramiro Noronha,115,Barra da Tijuca,22611270,-23.007462,-43.298304
Rua,Paranhos da Silva,81,Jardim Guanabara,21931155,-22.814508,-43.193856
Beco,Edimo Campos,11,Santa Cruz,23591200,-22.932152,-43.661133
Rua,Angulos Jubilosos,16,Paciencia,23587720,-22.920393,-43.627873
Rua,Buriti,97,Madureira,23067439,-22.863458,-43.337697
Avenida,Brasil,27819,Magalhaes Bastos,21730230,-22.865508,-43.419008
Rua,Armando Amaral Rebello,540,Campo Grande,23076070,-22.888532,-43.574888
Rua,Carauna,300,Campo Grande,23045560,-22.921121,-43.566618
Beco,Cristo Redentor,27,Rodo 2,23591252,-22.928003,-43.663442
Rua,Augusta Francisca Silva,7,Sao Fernando,23565230,-22.890463,-43.719360
Rua,Lauro Carvalho,32,Paciencia,23580170,-22.915417,-43.634016
Rua,Antonio Riedlinger Junior,347,Oswaldo Cruz,21340290,-22.872030,-43.350921
Rua,Antonio Riedlinger Junior,91,Oswaldo Cruz,21340290,-22.872789,-43.351146
Rua,Mutum,21,Bangu,21865060,-22.849549,-43.460503
Rua,Henrique Bevilaqua Fraenkel,3,Senador Camara,21842445,-22.869988,-43.480557
Rua,Deogracias Projetada A,32,Guaratiba,23036610,-22.939915,-43.597783
Rua,Angulos Jubilosos,22,Paciencia,23587720,-22.920332,-43.627558
Rua,Piraquara,448,Realengo,21755271,-22.881941,-43.420788
Rua,Armando Amaral Rebello,700,Campo Grande,23076070,-22.888892,-43.574906
Rua,Monodora,165,Gardenia Azul,22765590,-22.960208,-43.350580
Rua,Verdier,455,Bangu,21862180,-22.869512,-43.464356
Rua,Alan Kardec,17,Pavuna,20710230,-22.807863,-43.355280
Estrada,Porto Nacional,76,Bangu,21870380,-22.868432,-43.460049
Estrada,Porto Nacional,33,Bangu,21870380,-22.868462,-43.461022
Rua,Antonio Riedlinger Junior,90,Oswaldo Cruz,21340290,-22.872826,-43.351101
Rua,Antonio Riedlinger Junior,62,Oswaldo Cruz,21340290,-22.874216,-43.351568
Rua,Paranhos da Silva,51,Jardim Guanabara,21931155,-22.813913,-43.193724
Rua,Sinha,20,Salgueiro,20521380,-22.931827,-43.226061
Rua,Buriti,222,Madureira,23067439,-22.864904,-43.339383
Rua,Lirios,45,Vargem Grande,21864145,-22.993024,-43.509631
Rua,Monodora,17,Gardenia Azul,22765590,-22.960359,-43.349078
Rua,Verdier,357,Bangu,21862180,-22.868596,-43.464403
Rua,Verdier,447,Bangu,21862180,-22.868784,-43.464385
Rua,Acrisio,31,Jardim Guanabara,21941130,-22.815291,-43.213737
Estrada,Porto Nacional,54,Bangu,21870380,-22.868518,-43.459775
Rua,Da Chita,310,Bangu,21862170,-22.872239,-43.463648
Rua,Augusta Francisca Silva,5,Sao Fernando,23565230,-22.890550,-43.719204
Rua,Jose Valouro,11,Cosmos,23061570,-22.902474,-43.614688
Rua,Ramiro Noronha,93,Barra da Tijuca,22611270,-23.007494,-43.298264
Rua,Cruz,977,Vista Alegre,21250520,-22.826334,-43.312671
Rua,Cabuis,6,Campo Grande,23092380,-22.865855,-43.544289
Rua,Costinha,60,Cosmos,23061495,-22.906695,-43.621415
Travessa,Jose do Patrocinio,6,Cosmos,23060720,-22.904624,-43.607079
Rua,Buriti,31,Madureira,23067439,-22.864502,-43.338911
Rua,Abageru,120,Vila Kosmos,21220160,-22.854984,-43.306115
Rua,Miguel Vieira Ferreira,276,Ramos,21060090,-22.855434,-43.262426
Rua,Verdier,407,Bangu,21862180,-22.869107,-43.464340
Estrada,Porto Nacional,65,Bangu,21870380,-22.868507,-43.461133
Rua,Jose Valouro,12,Cosmos,23061570,-22.902795,-43.614601
Rua,Chaves Pinheiro,20,Cachambi,20771470,-22.887936,-43.277394
Rua,Chaves Pinheiro,50,Cachambi,20771470,-22.887136,-43.277710
Rua,Antonio Riedlinger Junior,37,Oswaldo Cruz,21340290,-22.871473,-43.350992
Rua,Antonio Riedlinger Junior,72,Oswaldo Cruz,21340290,-22.874114,-43.351609
Rua,Antonio Riedlinger Junior,45,Oswaldo Cruz,21340290,-22.873346,-43.351385
Rua,Cabuis,89,Campo Grande,23092380,-22.865231,-43.544422
Rua,Telemaco,41,Cascadura,21311050,-22.882809,-43.332045
Rua,Traipu,22,Ricardo de Albuquerque,21555110,-22.830861,-43.387088
Rua,Angulos Jubilosos,40,Paciencia,23587720,-22.920347,-43.627740
Rua,Sinha,11,Salgueiro,20521380,-22.931474,-43.226114
Rua,Armando Amaral Rebello,470,Campo Grande,23076070,-22.887914,-43.574759
Rua,Izidro,123,Tijuca,20521160,-22.929491,-43.233473
Rua,Sali,13,Morro da Fe,21210360,-22.846148,-43.296878
Rua,Sali,10,Morro da Fe,21210360,-22.846149,-43.296739
Rua,Buriti,33,Madureira,23067439,-22.864428,-43.338862
Rua,Conde de Avelar,12,Laranjeiras,22245030,-22.937672,-43.189423
Avenida,Brasil,27779,Magalhaes Bastos,21730230,-22.865257,-43.418726
Rua,Lirios,28,Vargem Grande,21864145,-22.992843,-43.509507
Rua,Alan Kardec,7,Pavuna,20710230,-22.807704,-43.355580
Rua,Jose Valouro,10,Cosmos,23061570,-22.902539,-43.614724
Caminho,Pastoria,6,Campo Grande,23092370,-22.874348,-43.546175
Rua,Antonio Riedlinger Junior,308,Oswaldo Cruz,21340290,-22.872401,-43.351048
Rua,Mutum,83,Bangu,21865060,-22.850010,-43.460210
Rua,Augusta,8,Vila Jardim,23016510,-22.915873,-43.532047
Rua,Alan Kardec,19,Pavuna,20710230,-22.807887,-43.355159
Estrada,Do Campinho,2803,Inhoaiba,23070220,-22.892332,-43.590667
Rua,Caviana,591,Taquara,22730140,-22.918887,-43.376329
Rua,Jose Valouro,29,Cosmos,23061570,-22.901412,-43.615045
Rua,Antonio Riedlinger Junior,81,Oswaldo Cruz,21340290,-22.872985,-43.351271
Rua,Traipu,4,Ricardo de Albuquerque,21555110,-22.830481,-43.386810
Rua,Traipu,20,Ricardo de Albuquerque,21555110,-22.830811,-43.387008
Rua,Da Torre,574,Ipanema,22411002,-22.982864,-43.210847
Rua,Monodora,105,Gardenia Azul,22765590,-22.960483,-43.350021
Rua,Pereira Alves,176,Cocota,21910275,-22.803020,-43.182477
Rua,Jose Valouro,22,Cosmos,23061570,-22.901971,-43.614885
Rua,Vasco Lima,730,Guaratiba,23032670,-22.975787,-43.657039
Rua,Berilo,62,Jacarepagua,22710420,-22.951984,-43.389099
Campo,Cristovao,246,Sao Cristovao,20921440,-22.896399,-43.221313
Rua,Augusta,105,Vila Jardim,23016510,-22.916396,-43.532731
Rua,Lote Nove,57,Santissimo,23098006,-22.865180,-43.512903
Estrada,Vitor Dumas,96,Santa Cruz,23550570,-22.937351,-43.700871
Rua,Espiridiao Rosa,0,Laranjeiras,22245050,-22.942037,-43.189925
Rua,Antonio Riedlinger Junior,44,Oswaldo Cruz,21340290,-22.873301,-43.351471
Rua,Parazinho,65,Campo Grande,23071320,-22.888977,-43.581580
Rua,Telemaco,181,Cascadura,21311050,-22.886192,-43.331398
Rua,Angulos Jubilosos,30,Paciencia,23587720,-22.920368,-43.627329
Rua,Pereira da Costa,45,Madureira,21360270,-22.867984,-43.333948
Rua,Henrique Landi,769,Padre Miguel,21775360,-22.892600,-43.453671
Rua,Verdier,485,Bangu,21862180,-22.869763,-43.464300
Travessa,Erasmo,4,Bairro Sao Geraldo,23095682,-22.865758,-43.561336
Rua,Antonio Riedlinger Junior,358,Oswaldo Cruz,21340290,-22.871644,-43.350969
Rua,Sinha,65,Salgueiro,20521380,-22.931553,-43.225990
Rua,Augusta,5,Vila Jardim,23016510,-22.916123,-43.532326
Rua,Domingos,60,Complexo do Alemao,21061210,-22.865065,-43.270972
Rua,Alan Kardec,13,Pavuna,20710230,-22.807710,-43.355409
Rua,Barata Ribeiro,652,Copacabana,22051002,-22.973066,-43.190835
Rua,Augusta,32,Vila Jardim,23016510,-22.916341,-43.532630
Travessa,15,18,Complexo da Mare,21046055,-22.863987,-43.235606
Rua,Monodora,175,Gardenia Azul,22765590,-22.960280,-43.350690
Travessa,Lourival Chaves,14,Vila Militar,21616310,-22.851026,-43.397806
Rua,Verdier,271,Bangu,21862180,-22.867805,-43.464445
Travessa,Mariana,0,Rocinha,22451730,-22.987439,-43.250615
Rua,Augusta Francisca Silva,3,Sao Fernando,23565230,-22.890601,-43.719147
Rua,Marina dos Coqueiros,10,Itanhanga,22641736,-23.000193,-43.308750
Rua,Antonio Riedlinger Junior,352,Oswaldo Cruz,21340290,-22.871783,-43.351067
Rua,Sessenta e Tres,172,Cesarao,23595495,-22.939662,-43.659922
Rua,Sessenta e Tres,224,Cesarao,23595495,-22.940003,-43.660275
Rua,Costinha,124,Cosmos,23061495,-22.906250,-43.621794
Rua,Abageru,140,Vila Kosmos,21220160,-22.854901,-43.305924
Rua,Lirios,52,Vargem Grande,21864145,-22.992134,-43.509148
Rua,Caviana,0,Taquara,22730140,-22.919503,-43.376902
Rua,Ramiro Noronha,85,Barra da Tijuca,22611270,-23.007628,-43.298244
Rua,Deogracias Projetada A,33,Guaratiba,23036610,-22.939812,-43.597688
Beco,Edimo Campos,9,Santa Cruz,23591200,-22.932025,-43.661290
Rua,Angulos Jubilosos,35,Paciencia,23587720,-22.920366,-43.626859
Rua,Sinha,18,Salgueiro,20521380,-22.931804,-43.226133
Rua,Buriti,39,Madureira,23067439,-22.864301,-43.338787
Rua,Lote Nove,56,Santissimo,23098006,-22.865115,-43.513004
Rua,Monodora,115,Gardenia Azul,22765590,-22.960266,-43.350107
Rua,Pereira da Costa,113,Madureira,21360270,-22.868871,-43.332599
Rua,Alan Kardec,3,Pavuna,20710230,-22.807528,-43.355723
Rua,Alan Kardec,15,Pavuna,20710230,-22.807907,-43.355443
Rua,Mutum,87,Bangu,21865060,-22.849777,-43.460588
Rua,Costinha,76,Cosmos,23061495,-22.906602,-43.621480
Rua,Traipu,12,Ricardo de Albuquerque,21555110,-22.830585,-43.387076
Rua,Orsina da Fonseca,19,Gavea,22470090,-22.973167,-43.227661
Rua,Verdier,427,Bangu,21862180,-22.869240,-43.464308
Rua,Verdier,281,Bangu,21862180,-22.867910,-43.464399
Praca,Marzagao,76,Campo Grande,23042120,-22.921559,-43.558172
Rua,Augusta Francisca Silva,13,Sao Fernando,23565230,-22.890349,-43.719517
Rua,Tomaz Lopes,699,Penha Circular,21221210,-22.841333,-43.302816
Rua,Antonio Riedlinger Junior,111,Oswaldo Cruz,21340290,-22.872356,-43.351009
Rua,Antonio Riedlinger Junior,15,Oswaldo Cruz,21340290,-22.873790,-43.351517
Rua,Telemaco,115,Cascadura,21311050,-22.885246,-43.331805
Rua,Amanajo,750,Bangu,21820210,-22.887585,-43.475228
Rua,Armando Amaral Rebello,500,Campo Grande,23076070,-22.888215,-43.574889
Rua,Sali,18,Morro da Fe,21210360,-22.846140,-43.296804
Rua,Ramiro Noronha,125,Barra da Tijuca,22611270,-23.007462,-43.298320
Rua,Chaves Pinheiro,26,Cachambi,20771470,-22.887754,-43.277372
Rua,Antonio Riedlinger Junior,16,Oswaldo Cruz,21340290,-22.873823,-43.351390
Rua,Cruz,963,Vista Alegre,21250520,-22.826333,-43.312483
Rua,Traipu,10,Ricardo de Albuquerque,21555110,-22.830592,-43.386989
Rua,Buriti,43,Madureira,23067439,-22.864312,-43.338745
Avenida,Glaucio Gil,779,Recreio,22795171,-23.017980,-43.459931
Rua,Pereira da Costa,131,Madureira,21360270,-22.869145,-43.332195
Estrada,Porto Nacional,169,Bangu,21870380,-22.868435,-43.461245
Rua,Antonio Riedlinger Junior,22,Oswaldo Cruz,21340290,-22.873845,-43.351411
Rua,Lino Coutinho,91,Anil,22755130,-22.952214,-43.337453
Rua,Costinha,164,Cosmos,23061495,-22.906005,-43.622034
Rua,Costinha,140,Cosmos,23061495,-22.906136,-43.621917
Rua,Armando Amaral Rebello,550,Campo Grande,23076070,-22.888592,-43.574885
Rua,Verdier,387,Bangu,21862180,-22.868792,-43.464439
Praca,Marzagao,120,Campo Grande,23042120,-22.921277,-43.558169
Praca,Corsega,61,Vigario Geral,21241160,-22.815466,-43.309766
Rua,Tomaz Lopes,689,Penha Circular,21221210,-22.841409,-43.302777
Rua,Cruz,921,Vista Alegre,21250520,-22.826278,-43.312193
Rua,Berilo,2,Jacarepagua,22710420,-22.952118,-43.388865
Rua,Deogracias Projetada A,30,Guaratiba,23036610,-22.939932,-43.597900
Estrada,Do Cabucu,2518,Campo Grande,23017250,-22.916473,-43.536837
Rua,Sinha,7,Salgueiro,20521380,-22.931504,-43.226151
Rua,Abageru,90,Vila Kosmos,21220160,-22.855216,-43.306394
Rua,Armando Amaral Rebello,490,Campo Grande,23076070,-22.888156,-43.574979
Rua,Lote Nove,55,Santissimo,23098006,-22.865182,-43.513062
Rua,Jaqueiras,2973,Tanque,22733420,-22.906001,-43.357005
Rua,Deogracias Projetada A,23,Guaratiba,23036610,-22.940057,-43.598409
Beco,Edimo Campos,12,Santa Cruz,23591200,-22.931949,-43.661337
Rua,Traipu,2,Ricardo de Albuquerque,21555110,-22.830398,-43.386806
Rua,Angulos Jubilosos,20,Paciencia,23587720,-22.920316,-43.627674
Rua,Da Chita,334,Bangu,21862170,-22.871971,-43.463669
Rua,Telemaco,149,Cascadura,21311050,-22.885501,-43.331725
Rua,Sinha,69,Salgueiro,20521380,-22.931423,-43.226288
Rua,Da Torre,522,Ipanema,22411002,-22.982813,-43.209478
Rua,Armando Amaral Rebello,450,Campo Grande,23076070,-22.887839,-43.574877
Rua,Armando Amaral Rebello,560,Campo Grande,23076070,-22.888687,-43.574898
Rua,Verdier,445,Bangu,21862180,-22.869389,-43.464385
Rua,Verdier,465,Bangu,21862180,-22.869546,-43.464406
Rua,Antonio Riedlinger Junior,21,Oswaldo Cruz,21340290,-22.873626,-43.351375
Rua,Paranhos da Silva,61,Jardim Guanabara,21931155,-22.814021,-43.193629
Rua,Angulos Jubilosos,14,Paciencia,23587720,-22.920349,-43.627944
Rua,Da Torre,510,Ipanema,22411002,-22.982968,-43.209254
Avenida,Brasil,27790,Magalhaes Bastos,21730230,-22.865343,-43.418760
Rua,Miguel Vieira Ferreira,266,Ramos,21060090,-22.855280,-43.262531
Estrada,Porto Nacional,28,Bangu,21870380,-22.868344,-43.459404
Rua,Antonio Riedlinger Junior,318,Oswaldo Cruz,21340290,-22.872210,-43.350949
Rua,Mutum,15,Bangu,21865060,-22.849470,-43.460537
Rua,Cabuis,18,Campo Grande,23092380,-22.865236,-43.544346
Rua,Sessenta e Tres,188,Cesarao,23595495,-22.939780,-43.660019
Rua,Abageru,110,Vila Kosmos,21220160,-22.855067,-43.306221
Travessa,Lourival Chaves,17,Vila Militar,21616310,-22.851037,-43.397830
Rua,Pereira Alves,190,Cocota,21910275,-22.802846,-43.182412
Rua,Vasco Lima,1500,Guaratiba,23032670,-22.975430,-43.657076
Rua,Costinha,172,Cosmos,23061495,-22.905874,-43.622184
Rua,Conde de Avelar,20,Laranjeiras,22245030,-22.937652,-43.189133
Rua,Armando Amaral Rebello,420,Campo Grande,23076070,-22.887688,-43.574829
Rua,Durval de Morais,527,Praia da Brisa,23028020,-22.976355,-43.664264
Rua,Tomaz Lopes,707,Penha Circular,21221210,-22.841343,-43.302761
Rua,Antonio Riedlinger Junior,17,Oswaldo Cruz,21340290,-22.873857,-43.351445
Rua,Mutum,69,Bangu,21865060,-22.849822,-43.460145
Beco,Edimo Campos,70,Santa Cruz,23591200,-22.931671,-43.661074
Rua,Buriti,83,Madureira,23067439,-22.863625,-43.338086
Travessa,15,10,Complexo da Mare,21046055,-22.863943,-43.235453
Rua,Lirios,31,Vargem Grande,21864145,-22.992591,-43.509335
Rua,Plumeria,8,Padre Miguel,21725240,-22.859642,-43.449289
Rua,Vitoria Regia,21,Barbante,23063390,-22.906823,-43.591851
Caminho,Da Mina,28,Senador Camara,21843000,-22.867081,-43.496355
Rua,Costinha,108,Cosmos,23061495,-22.906354,-43.621715
Travessa,Lourival Chaves,12,Vila Militar,21616310,-22.850771,-43.397870
Rua,Verdier,290,Bangu,21862180,-22.869909,-43.464436
Rua,Sali,2,Morro da Fe,21210360,-22.845845,-43.296892
Rua,Antonio Riedlinger Junior,354,Oswaldo Cruz,21340290,-22.871851,-43.351025
Rua,Antonio Riedlinger Junior,309,Oswaldo Cruz,21340290,-22.872419,-43.351032
Rua,Costinha,188,Cosmos,23061495,-22.905867,-43.622194
Rua,Costinha,100,Cosmos,23061495,-22.906457,-43.621641
Rua,Deogracias Projetada A,34,Guaratiba,23036610,-22.939817,-43.597593
Rua,Angulos Jubilosos,8,Paciencia,23587720,-22.920515,-43.628144
Travessa,Lourival Chaves,16,Vila Militar,21616310,-22.851044,-43.397932
Rua,Alan Kardec,1,Pavuna,20710230,-22.807606,-43.355854
Rua,Izidro,175,Tijuca,20521160,-22.930910,-43.233899
Rua,Jose Valouro,24,Cosmos,23061570,-22.901777,-43.614927
Rua,Henrique Bevilaqua Fraenkel,17,Senador Camara,21842445,-22.869983,-43.480418
Rua,Amanajo,672,Bangu,21820210,-22.886937,-43.475188
Rua,Da Torre,538,Ipanema,22411002,-22.982909,-43.209923
Rua,Augusta Francisca Silva,9,Sao Fernando,23565230,-22.890403,-43.719420
Rua,Jose Valouro,6,Cosmos,23061570,-22.902906,-43.614586
Rua,Parazinho,95,Campo Grande,23071320,-22.888703,-43.581558
Rua,Telemaco,47,Cascadura,21311050,-22.883154,-43.332055
Rua,Henrique Bevilaqua Fraenkel,5,Senador Camara,21842445,-22.870039,-43.480636
Rua,Angulos Jubilosos,34,Paciencia,23587720,-22.920403,-43.627065
Rua,Armando Amaral Rebello,440,Campo Grande,23076070,-22.887757,-43.574820
Rua,Zaquia Jorge,51,Freguesia,21911270,-22.787706,-43.171860
Rua,Bezerra de Menezes,27,Vaz Lobo,21361000,-22.856894,-43.325888
Rua,Vasco Lima,770,Guaratiba,23032670,-22.976136,-43.657132
Rua,Lino Coutinho,0,Anil,22755130,-22.952387,-43.338311
Rua,Verdier,301,Bangu,21862180,-22.868043,-43.464414
Rua,Antonio Riedlinger Junior,13,Oswaldo Cruz,21340290,-22.873538,-43.351353
Rua,Mutum,39,Bangu,21865060,-22.849656,-43.460370
Rua,Costinha,44,Cosmos,23061495,-22.906826,-43.621286
Rua,Traipu,6,Ricardo de Albuquerque,21555110,-22.830467,-43.386889
Travessa,Jose do Patrocinio,10,Cosmos,23060720,-22.904626,-43.607039
Rua,Angulos Jubilosos,28,Paciencia,23587720,-22.920392,-43.627384
Rua,Espiridiao Rosa,25,Laranjeiras,22245050,-22.942160,-43.190151
Rua,Augusta Francisca Silva,15,Sao Fernando,23565230,-22.890269,-43.719609
Rua,Antonio Riedlinger Junior,40,Oswaldo Cruz,21340290,-22.873334,-43.351399
Rua,Lino Coutinho,129,Anil,22755130,-22.952351,-43.337061
Rua,Telemaco,177,Cascadura,21311050,-22.886067,-43.331408
Rua,Buriti,85,Madureira,23067439,-22.863447,-43.337801
Praca,Marzagao,585,Campo Grande,23042120,-22.921117,-43.558173
Rua,Jose Valouro,8,Cosmos,23061570,-22.902625,-43.614748
Rua,Jose Valouro,9,Cosmos,23061570,-22.902603,-43.614698
Rua,Mutum,77,Bangu,21865060,-22.849895,-43.460048
Rua,Deogracias Projetada A,540,Guaratiba,23036610,-22.940179,-43.598558
Beco,Edimo Campos,16,Santa Cruz,23591200,-22.932085,-43.661233
Campo,Cristovao,240,Sao Cristovao,20921440,-22.896075,-43.221033
Travessa,Lourival Chaves,13,Vila Militar,21616310,-22.850828,-43.397905
Rua,Pereira da Costa,117,Madureira,21360270,-22.868880,-43.332465
Rua,Sali,8,Morro da Fe,21210360,-22.846097,-43.296978
Rua,Jose Valouro,15,Cosmos,23061570,-22.902121,-43.614791
Rua,Mutum,9,Bangu,21865060,-22.849434,-43.460578
Rua,Piraquara,460,Realengo,21755271,-22.881997,-43.420768
Rua,Acrisio,41,Jardim Guanabara,21941130,-22.815417,-43.213473
Rua,Augusta Francisca Silva,1,Sao Fernando,23565230,-22.890657,-43.719082
Rua,Tomaz Lopes,671,Penha Circular,21221210,-22.841435,-43.302749
Rua,Jose Valouro,5,Cosmos,23061570,-22.903096,-43.614582
Rua,Chaves Pinheiro,30,Cachambi,20771470,-22.887686,-43.277458
Rua,Floriano Frazao,21,Pavuna,21535510,-22.805462,-43.329946
Rua,Armando Amaral Rebello,510,Campo Grande,23076070,-22.888334,-43.574888
Rua,Armando Amaral Rebello,570,Campo Grande,23076070,-22.888681,-43.574914
Travessa,Lourival Chaves,9,Vila Militar,21616310,-22.850670,-43.397905
Rua,Jose Valouro,26,Cosmos,23061570,-22.901549,-43.614978
Rua,Telemaco,175,Cascadura,21311050,-22.885872,-43.331522
Rua,Telemaco,97,Cascadura,21311050,-22.884376,-43.331897
Rua,Buriti,12,Madureira,23067439,-22.864898,-43.339456
Rua,Do Armisticio,90,Senador Camara,21831390,-22.890636,-43.480329
Rua,Maria de Lourdes Paes Barreto,11,Inhoaiba,23063150,-22.899070,-43.589614
Rua,Maria de Lourdes Paes Barreto,10,Inhoaiba,23063150,-22.898764,-43.589492
Rua,Maria de Lourdes Paes Barreto,28,Inhoaiba,23063150,-22.898808,-43.589539
Rua,Maria de Lourdes Paes Barreto,16,Inhoaiba,23063150,-22.898569,-43.589430
Rua,Paulo da Silva,437,Senador Camara,21831200,-22.891191,-43.480585
Rua,Egidio de Almeida,197,Penha Circular,21221150,-22.849260,-43.299870
Rua,Egidio de Almeida,145,Penha Circular,21221150,-22.848753,-43.299684
Rua,Egidio de Almeida,125,Penha Circular,21221150,-22.848631,-43.299585
Rua,Egidio de Almeida,75,Penha Circular,21221150,-22.848354,-43.299328
Rua,Aparecida,157,Penha,21072740,-22.850798,-43.287662
Travessa,Da Paz,93,Inhoaiba,20961680,-22.916396,-43.583076
Rua,Cisplatina,120,Iraja,21235070,-22.844909,-43.327133
Rua,Cisplatina,124,Iraja,21235070,-22.844757,-43.327244
Rua,Cisplatina,134,Iraja,21235070,-22.844757,-43.327420
Rua,Cisplatina,152,Iraja,21235070,-22.844507,-43.327767
Rua,Cisplatina,164,Iraja,21235070,-22.844313,-43.328064
Rua,Cisplatina,116,Iraja,21235070,-22.844907,-43.327041
Rua,Acurua,41,Padre Miguel,21810170,-22.877442,-43.453769
Rua,Acurua,25,Padre Miguel,21810170,-22.877084,-43.453743
Rua,Acurua,21,Padre Miguel,21810170,-22.877251,-43.453718
Praca,Estado de Israel,36,Realengo,21715210,-22.877448,-43.440412
Rua,Artur Weiss,220,Campo Grande,23070480,-22.892310,-43.578444
Rua,Teixeira Ribeiro,753,Mare,21044251,-22.855277,-43.242082
Rua,De Petropolis,21,Santa Cruz,23560130,-22.881951,-43.672604
Rua,Dantas,40,Centro,20031203,-22.911198,-43.176973
Rua,Dantas,46,Centro,20031203,-22.910928,-43.177030
Rua,Mario Novaes,2,Rio de Janeiro,23085550,-22.892829,-43.547153
Avenida,Rodolfo Amoedo,455,Barra da Tijuca,22620350,-23.007675,-43.316425
Avenida,Rodolfo Amoedo,333,Barra da Tijuca,22620350,-23.008485,-43.316487
Avenida,Rodolfo Amoedo,317,Barra da Tijuca,22620350,-23.009070,-43.317205
Avenida,Rodolfo Amoedo,449,Barra da Tijuca,22620350,-23.008186,-43.316392
Avenida,Rodolfo Amoedo,257,Barra da Tijuca,22620350,-23.009400,-43.316715
Estrada,Do Itanhanga,2220,Itanhanga,22753005,-22.994678,-43.319332
Estrada,Do Cabucu,2070,Campo Grande,23017250,-22.916172,-43.541201
Estrada,Do Cabucu,2150,Campo Grande,23017250,-22.915997,-43.540273
Rua,Limites,1470,Realengo,21715150,-22.888019,-43.435034
Rua,Limites,1478,Realengo,21715150,-22.888017,-43.434881
Rua,Limites,1498,Realengo,21715150,-22.888236,-43.434810
Rua,Limites,1460,Realengo,21715150,-22.887904,-43.435129
Rua,Vicente Lima,14,Jardim Guaratiba,23032430,-22.974210,-43.648890
Estrada,Do Morro Cavado,1200,Mato Alto,23030360,-22.970966,-43.579876
Estrada,Do Morro Cavado,764,Mato Alto,23030360,-22.969460,-43.582639
Estrada,Do Morro Cavado,786,Mato Alto,23030360,-22.969478,-43.582336
Rua,Bellini,738,Iraja,21230215,-22.818162,-43.331881
Rua,Dantas,44,Centro,20031203,-22.910915,-43.177007
Rua,Coaraci Gentil Nunes,685,Guaratiba,23032180,-22.975602,-43.644186
Rua,Coaraci Gentil Nunes,455,Guaratiba,23032180,-22.972628,-43.644171
Rua,Coaraci Gentil Nunes,675,Guaratiba,23032180,-22.975569,-43.644120
Rua,Coaraci Gentil Nunes,585,Guaratiba,23032180,-22.974371,-43.644197
Rua,Coaraci Gentil Nunes,515,Guaratiba,23032180,-22.973345,-43.644185
Rua,Coaraci Gentil Nunes,34,Guaratiba,23032180,-22.976452,-43.644216
Rua,Carbonita,185,Bras de Pina,21215210,-22.834472,-43.293248
Rua,Carbonita,113,Bras de Pina,21215210,-22.834374,-43.292928
Avenida,Central,2,Vila Kennedy,21850390,-22.855781,-43.486652
Beco,Bonfim,74,Morro do Timbau,21042021,-22.864114,-43.240063
Beco,Bonfim,431,Morro do Timbau,21042021,-22.864048,-43.240095
Rua,Mearim,217,Grajau,20561070,-22.919790,-43.263535
Rua,Mearim,215,Grajau,20561070,-22.919916,-43.263468
Avenida,Pedro Segundo,232,Sao Cristovao,20941070,-22.903620,-43.216202
Rua,Da Frente,11,Complexo do Alemao,21061735,-22.857829,-43.268316
Travessa,Gola,9,Cidade de Deus,22773690,-22.950709,-43.365848
Travessa,Gola,3,Cidade de Deus,22773690,-22.950582,-43.365713
Travessa,Gola,7,Cidade de Deus,22773690,-22.950648,-43.365852
Rua,Bento Affonso Rubiao,998,Vidigal,22452694,-22.996034,-43.243835
Rua,Bento Affonso Rubiao,996,Vidigal,22452694,-22.996061,-43.244005
Rua,Maria Goncalves da Conceicao,12,Santissimo,21730110,-22.862637,-43.509274
Rua,Maria Goncalves da Conceicao,14,Santissimo,21730110,-22.862639,-43.509373
Rua,Maria Goncalves da Conceicao,37,Santissimo,21730110,-22.862794,-43.510469
Rua,Maria Goncalves da Conceicao,39,Santissimo,21730110,-22.862974,-43.510377
Beco,Travessa da Saudade,4,Providencia,20221310,-22.900330,-43.195132
Beco,Travessa da Saudade,9,Providencia,20221310,-22.900205,-43.195189
Beco,Travessa da Saudade,10,Providencia,20221310,-22.900205,-43.195189
Beco,Travessa da Saudade,11,Providencia,20221310,-22.900177,-43.195224
Avenida,Brasil,19754,Coelho Neto,21530000,-22.830209,-43.349366
Avenida,Brasil,19736,Coelho Neto,21530000,-22.830094,-43.349159
Avenida,Brasil,19786,Coelho Neto,21530000,-22.830279,-43.349640
Avenida,Brasil,19818,Coelho Neto,21530000,-22.830447,-43.349966
Avenida,Brasil,19760,Coelho Neto,21530000,-22.830198,-43.349382
Avenida,Brasil,19794,Coelho Neto,21530000,-22.830323,-43.349756
Avenida,Brasil,19812,Coelho Neto,21530000,-22.830376,-43.349964
Avenida,De Caxias,431,Vila Militar,21615220,-22.858420,-43.387839
Avenida,De Caxias,492,Vila Militar,21615220,-22.858973,-43.388234
Avenida,De Caxias,634,Vila Militar,21615220,-22.860447,-43.388954
Rua,Caripare,185,Pavuna,21521350,-22.816575,-43.351917
Rua,Macieira,178,Madureira,21310020,-22.877986,-43.345052
Rua,Macieira,206,Madureira,21310020,-22.877820,-43.345358
Rua,Macieira,214,Madureira,21310020,-22.877675,-43.345412
Rua,Macieira,336,Madureira,21310020,-22.876985,-43.346327
Rua,Macieira,380,Madureira,21310020,-22.876719,-43.346688
Rua,Macieira,274,Madureira,21310020,-22.877425,-43.345847
Rua,Macieira,318,Madureira,21310020,-22.877078,-43.346275
Rua,Macieira,422,Madureira,21310020,-22.876568,-43.346994
Rua,Macieira,232,Madureira,21310020,-22.877533,-43.345472
Rua,Macieira,248,Madureira,21310020,-22.877391,-43.345526
Rua,Macieira,290,Madureira,21310020,-22.877199,-43.345861
Rua,Macieira,306,Madureira,21310020,-22.877222,-43.346114
Rua,Macieira,434,Madureira,21310020,-22.876466,-43.347064
Rua,Macieira,202,Madureira,21310020,-22.877919,-43.345242
Rua,Nelson Carneiro,13,Curicica,22780211,-22.957881,-43.393899
Travessa,Agua Viva,32,Madureira,21360060,-22.864952,-43.334700
Travessa,44,18,Senador Camara,23010470,-22.879001,-43.501085
Avenida,De Nazare,1542,Ricardo de Albuquerque,21640010,-22.831527,-43.395701
Avenida,De Nazare,1582,Ricardo de Albuquerque,21640010,-22.831190,-43.395870
Rua,Ramon Franco,108,Urca,22290290,-22.951764,-43.167915
Rua,Ramon Franco,100,Urca,22290290,-22.952022,-43.167729
Rua,Ramon Franco,78,Urca,22290290,-22.952342,-43.167631
Rua,Ramon Franco,52,Urca,22290290,-22.953075,-43.167038
Rua,Ramon Franco,40,Urca,22290290,-22.953004,-43.166792
Estrada,Do Cabucu,2146,Campo Grande,23017250,-22.916016,-43.540322
Estrada,Do Cabucu,2276,Campo Grande,23017250,-22.916316,-43.539152
Rua,Dos Amigos,11,Jacarepagua,22713552,-22.943939,-43.392309
Estrada,Do Tindiba,290,Pechincha,22740360,-22.928098,-43.357704
Estrada,Do Tindiba,332,Pechincha,22740360,-22.927731,-43.357996
Rua,Joao Gualberto da Silva,8,Bangu,21850007,-22.860321,-43.494811
Rua,Joao Gualberto da Silva,10,Bangu,21850007,-22.860341,-43.494867
Rua,Joao Gualberto da Silva,18,Bangu,21850007,-22.860592,-43.495135
Rua,Macieira,244,Madureira,21310020,-22.877349,-43.345398
Rua,Macieira,296,Madureira,21310020,-22.877245,-43.346047
Rua,Macieira,460,Madureira,21310020,-22.876327,-43.347191
Rua,Durvalino Espirito Santo,146,Campo Grande,23042440,-22.929029,-43.556531
Travessa,Vinte,43,Mare,21046675,-22.874901,-43.239637
Travessa,Vinte,49,Mare,21046675,-22.874784,-43.239594
Travessa,Vinte,37,Mare,21046675,-22.874319,-43.239077
Rua,Pedro Diniz,31,Iraja,21230810,-22.828816,-43.319764
Rua,Pedro Diniz,7,Iraja,21230810,-22.828880,-43.319727
Rua,Pedro Diniz,51,Iraja,21230810,-22.828911,-43.319927
Rua,Registro,315,Senador Camara,21832270,-22.896628,-43.491014
Beco,Dimas,1,Morro do Dende,21910270,-22.802604,-43.183087
Beco,Dimas,3,Morro do Dende,21910270,-22.802529,-43.183134
Rua,Dos Amigos,1,Jacarepagua,22713552,-22.943922,-43.392217
Travessa,Agua Viva,14,Madureira,21360060,-22.865096,-43.334839
Travessa,Agua Viva,24,Madureira,21360060,-22.864938,-43.334778
Rua,Miguel Vieira Ferreira,458,Ramos,21060090,-22.857213,-43.261992
Rua,Miguel Vieira Ferreira,430,Ramos,21060090,-22.856699,-43.261677
Rua,Registro,103,Senador Camara,21832270,-22.896224,-43.491750
Rua,Registro,705,Senador Camara,21832270,-22.895525,-43.491337
Rua,Registro,703,Senador Camara,21832270,-22.895553,-43.491307
Rua,Registro,849,Senador Camara,21832270,-22.895439,-43.491340
Rua,Registro,65,Senador Camara,21832270,-22.894392,-43.491550
Rua,Registro,39,Senador Camara,21832270,-22.894542,-43.491580
Rua,Registro,79,Senador Camara,21832270,-22.893156,-43.491736
Rua,Registro,77,Senador Camara,21832270,-22.893176,-43.492013
Rua,Noventa e Seis,304,Tubiacanga,22710510,-22.784933,-43.228308
Rua,Noventa e Seis,47,Tubiacanga,22710510,-22.785020,-43.228137
Rua,Do Manganes,110,Campo Grande,23087130,-22.889721,-43.561581
Rua,Pacheco Leao,686,Jardim Botanico,22460030,-22.965508,-43.224674
Rua,Aires Saldanha,124,Copacabana,22060030,-22.980126,-43.190281
Rua,Aires Saldanha,130,Copacabana,22060030,-22.979897,-43.190235
Alameda,Das Amendoeiras,0,Sepetiba,23535052,-22.975880,-43.691205
Rua,Noventa e Seis,97,Tubiacanga,22710510,-22.785701,-43.227428
Rua,Do Radio,37,Campo Grande,23087060,-22.890016,-43.562319
Rua,Do Radio,35,Campo Grande,23087060,-22.890059,-43.562196
Rua,Aires Saldanha,136,Copacabana,22060030,-22.979941,-43.190402
Rua,Aires Saldanha,140,Copacabana,22060030,-22.980083,-43.190248
Rua,Aires Saldanha,144,Copacabana,22060030,-22.980133,-43.190221
Rua,Guilherme Veloso,431,Chacrinha,22733040,-22.900123,-43.361183
Travessa,Ribeiro,26,Complexo do Alemao,21061240,-22.859416,-43.268832
Rua,Apia,803,Vila da Penha,21221250,-22.841227,-43.304216
Rua,Apia,789,Vila da Penha,21221250,-22.841205,-43.303978
Rua,Apia,811,Vila da Penha,21221250,-22.841191,-43.304020
Rua,Apia,755,Vila da Penha,21221250,-22.841568,-43.303816
Rua,Apia,715,Vila da Penha,21221250,-22.841722,-43.303657
Rua,Apia,697,Vila da Penha,21221250,-22.842047,-43.303517
Rua,Apia,68,Vila da Penha,21221250,-22.842531,-43.303362
Rua,Canitar,630,Inhauma,20766200,-22.861248,-43.285491
Rua,Canitar,798,Inhauma,20766200,-22.861095,-43.285539
Rua,Canitar,612,Inhauma,20766200,-22.860425,-43.284239
Rua,Canitar,604,Inhauma,20766200,-22.861285,-43.285465
Rua,Apia,723,Vila da Penha,21221250,-22.841773,-43.303694
Rua,Canitar,540,Inhauma,20766200,-22.861253,-43.285413
Rua,Canitar,608,Inhauma,20766200,-22.861285,-43.285465
Rua,Canitar,610,Inhauma,20766200,-22.861270,-43.285412
Rua,Canitar,616,Inhauma,20766200,-22.861280,-43.285349
Beco,3395,1,Rio das Pedras,22753212,-22.973037,-43.330317
Beco,3395,4,Rio das Pedras,22753212,-22.972996,-43.330495
Beco,3395,5,Rio das Pedras,22753212,-22.973090,-43.330301
Beco,3395,7,Rio das Pedras,22753212,-22.973074,-43.330466
Rua,Berilo,12,Jacarepagua,22710420,-22.952452,-43.389445
Rua,Berilo,15,Jacarepagua,22710420,-22.952247,-43.389350
Rua,Da Frente,27,Complexo do Alemao,21061735,-22.858340,-43.268433
Rua,Da Frente,51,Complexo do Alemao,21061735,-22.858331,-43.268426
Rua,Solivana,265,Cosmos,23587602,-22.918771,-43.622734
Rua,Solivana,267,Cosmos,23587602,-22.918720,-43.622805
Rua,Montevideu,746,Penha,21020290,-22.835276,-43.275517
Rua,Artur Costa,432,Jardim America,21240120,-22.810248,-43.324280
Travessa,Antonio Marcos,4,Campo Grande,23071160,-22.876936,-43.580765
Rua,Verdier,57,Bangu,21862180,-22.865884,-43.464410
Rua,Verdier,39,Bangu,21862180,-22.865710,-43.464468
Rua,Verdier,99,Bangu,21862180,-22.866240,-43.464411
Rua,Samin,70,Iraja,21235210,-22.836915,-43.326193
Rua,Samin,120,Iraja,21235210,-22.837245,-43.326508
Rua,Samin,220,Iraja,21235210,-22.837892,-43.327183
Rua,Samin,250,Iraja,21235210,-22.837978,-43.327565
Rua,Samin,338,Iraja,21235210,-22.838636,-43.327958
Rua,Rego,157,Ramos,21073440,-22.853856,-43.269715
Rua,Rego,149,Ramos,21073440,-22.853978,-43.269579
Rua,Rego,143,Ramos,21073440,-22.854183,-43.269423
Rua,Rego,125,Ramos,21073440,-22.854378,-43.269125
Rua,Rego,153,Ramos,21073440,-22.853966,-43.269637
Rua,Rego,185,Ramos,21073440,-22.853428,-43.270288
Avenida,Pedro Segundo,316,Sao Cristovao,20941070,-22.904464,-43.217654
Avenida,Pedro Segundo,322,Sao Cristovao,20941070,-22.904554,-43.218068
Rua,Alcobaca,136,Ricardo de Albuquerque,21640001,-22.834588,-43.391616
Rua,Alcobaca,268,Ricardo de Albuquerque,21640001,-22.833332,-43.391914
Rua,Alcobaca,162,Ricardo de Albuquerque,21640001,-22.834416,-43.391984
Rua,Caroen,90,Penha Circular,21210340,-22.843076,-43.299336
Rua,Caroen,128,Penha Circular,21210340,-22.843332,-43.299076
Rua,Caneca,352,Cidade Nova,20211050,-22.914388,-43.198307
Rua,Samin,384,Iraja,21235210,-22.838857,-43.328328
Rua,Samin,450,Iraja,21235210,-22.839325,-43.328728
Rua,Samin,358,Iraja,21235210,-22.839299,-43.328801
Rua,Samin,110,Iraja,21235210,-22.837198,-43.326419
Rua,Samin,198,Iraja,21235210,-22.837762,-43.327089
Rua,Samin,148,Iraja,21235210,-22.837442,-43.326689
Rua,Samin,288,Iraja,21235210,-22.838263,-43.327699
Rua,Hannibal Porto,221,Iraja,21230971,-22.828862,-43.325194
Rua,Angelina,109,Encantado,20756090,-22.891714,-43.303207
Rua,Angelina,107,Encantado,20756090,-22.891728,-43.303220
Rua,Angelina,103,Encantado,20756090,-22.891932,-43.303237
Rua,Angelina,99,Encantado,20756090,-22.891978,-43.303137
Rua,Angelina,97,Encantado,20756090,-22.892022,-43.303252
Rua,Angelina,91,Encantado,20756090,-22.892204,-43.303368
Rua,Angelina,87,Encantado,20756090,-22.892394,-43.303322
Rua,Angelina,83,Encantado,20756090,-22.892321,-43.303087
Rua,Angelina,79,Encantado,20756090,-22.892381,-43.303149
Rua,Caroen,4,Penha Circular,21210340,-22.842685,-43.299626
Rua,Verdier,129,Bangu,21862180,-22.866471,-43.464373
Rua,Verdier,77,Bangu,21862180,-22.866066,-43.464391
Rua,Nelson Carneiro,1,Curicica,22780211,-22.957333,-43.393704
Rua,Nelson Carneiro,2,Curicica,22780211,-22.957437,-43.393877
Rua,Nelson Carneiro,15,Curicica,22780211,-22.958105,-43.394069
Rua,Sem Denominacao 8,9,Santissimo,23098570,-22.867157,-43.524721
Rua,Sem Denominacao 8,51,Santissimo,23098570,-22.865782,-43.525064
Rua,Sem Denominacao 8,56,Santissimo,23098570,-22.865440,-43.525197
Rua,Cecilia,420,Bangu,21810080,-22.881056,-43.460259
Rua,Maria de Lourdes Paes Barreto,37,Inhoaiba,23063150,-22.899607,-43.589594
Rua,Maria de Lourdes Paes Barreto,26,Inhoaiba,23063150,-22.898347,-43.589356
Rua,Domingos Alves Meira,450,Praia da Brisa,23028030,-22.977010,-43.667162
Rua,Domingos Alves Meira,480,Praia da Brisa,23028030,-22.977116,-43.667011
Rua,Vinte de Maio,14,Complexo do Alemao,21061000,-22.866057,-43.278292
Rua,Vinte de Maio,7,Complexo do Alemao,21061000,-22.866192,-43.278335
Ladeira,Dos Guararapes,164,Cosme Velho,22241220,-22.943082,-43.205675
Rua,Noventa e Seis,121,Tubiacanga,22710510,-22.785159,-43.228100
Estrada,Do Tindiba,296,Pechincha,22740360,-22.928701,-43.355251
Avenida,Brasil,19834,Coelho Neto,21530000,-22.830375,-43.350209
Rua,Macieira,208,Madureira,21310020,-22.877457,-43.345503
Rua,Macieira,284,Madureira,21310020,-22.877373,-43.345887
Rua,Registro,135,Senador Camara,21832270,-22.896244,-43.491037
Rua,Registro,101,Senador Camara,21832270,-22.895843,-43.490952
Rua,Registro,281,Senador Camara,21832270,-22.894839,-43.491455
Rua,Verdier,53,Bangu,21862180,-22.865815,-43.464414
Rua,Sem Denominacao 8,19,Santissimo,23098570,-22.866826,-43.524940
Rua,Canitar,660,Inhauma,20766200,-22.860194,-43.283807
Avenida,Rodolfo Amoedo,347,Barra da Tijuca,22620350,-23.008473,-43.316477
Avenida,Rodolfo Amoedo,287,Barra da Tijuca,22620350,-23.009393,-43.316740
Avenida,De Caxias,626,Vila Militar,21615220,-22.860489,-43.388261
Avenida,Pedro Segundo,250,Sao Cristovao,20941070,-22.903847,-43.216201
Rua,Samin,50,Iraja,21235210,-22.836782,-43.326073
Estrada,Do Cabucu,1970,Campo Grande,23017250,-22.915000,-43.541330
Estrada,Do Cabucu,2180,Campo Grande,23017250,-22.916160,-43.539722
Estrada,Do Cabucu,2290,Campo Grande,23017250,-22.916336,-43.539025
Rua,Da Frente,25,Complexo do Alemao,21061735,-22.858314,-43.268294
Estrada,Do Tindiba,316,Pechincha,22740360,-22.927993,-43.357956
Rua,Macieira,224,Madureira,21310020,-22.877708,-43.345400
Rua,Macieira,368,Madureira,21310020,-22.876902,-43.346562
Rua,Registro,21,Senador Camara,21832270,-22.894444,-43.491670
Rua,Registro,129,Senador Camara,21832270,-22.895379,-43.491354
Viela,Sadi Maia,28,Paciencia,23595115,-22.927427,-43.648503
Travessa,Ribeiro,14,Complexo do Alemao,21061240,-22.859341,-43.268590
Rua,Canitar,680,Inhauma,20766200,-22.861231,-43.285488
Rua,Artur Weiss,161,Campo Grande,23070480,-22.892295,-43.578151
Rua,Apia,779,Vila da Penha,21221250,-22.841319,-43.303881
Rua,Neusa Goulart Brizola,85,Pedreira,21530040,-22.824209,-43.355954
Rua,Egidio de Almeida,115,Penha Circular,21221150,-22.848657,-43.299547
Estrada,Do Cabucu,2166,Campo Grande,23017250,-22.916089,-43.540022
Avenida,Brasil,19770,Coelho Neto,21530000,-22.830199,-43.349449
Rua,Cisplatina,112,Iraja,21235070,-22.845099,-43.326997
Rua,Cisplatina,130,Iraja,21235070,-22.844759,-43.327365
Rua,Joao Gualberto da Silva,2,Bangu,21850007,-22.860002,-43.494474
Travessa,Agua Viva,22,Madureira,21360060,-22.865053,-43.334871
Rua,Ramon Franco,8,Urca,22290290,-22.954188,-43.167461
Avenida,De Nazare,1572,Ricardo de Albuquerque,21640010,-22.831441,-43.395897
Rua,Limites,1390,Realengo,21715150,-22.887517,-43.435435
Rua,Pedro Diniz,61,Iraja,21230810,-22.828973,-43.320041
Rua,Alcobaca,190,Ricardo de Albuquerque,21640001,-22.834103,-43.392087
Rua,Alcobaca,308,Ricardo de Albuquerque,21640001,-22.833075,-43.391894
Rua,Paulo,470,Anchieta,21635110,-22.829159,-43.410392
Rua,Samin,90,Iraja,21235210,-22.837088,-43.326251
Rua,Dores Lopes,42,Sepetiba,23535780,-22.975453,-43.686405
Beco,Travessa da Saudade,7,Providencia,20221310,-22.900272,-43.195192
Rua,Rego,177,Ramos,21073440,-22.853649,-43.270122
Rua,Maria de Lourdes Paes Barreto,24,Inhoaiba,23063150,-22.898277,-43.589420
Rua,Dantas,28,Centro,20031203,-22.911391,-43.176721
Rua,Martiniano,101,Sao Conrado,22610030,-22.993762,-43.257592
Rua,Macieira,308,Madureira,21310020,-22.877120,-43.346128
Rua,Aparecida,159,Penha,21072740,-22.850821,-43.287646
Rua,Verdier,13,Bangu,21862180,-22.865503,-43.464436
Rua,Ramon Franco,116,Urca,22290290,-22.951447,-43.167991
Avenida,De Nazare,1562,Ricardo de Albuquerque,21640010,-22.831434,-43.395708
Rua,Apia,795,Vila da Penha,21221250,-22.841194,-43.304042
Rua,Vicente Lima,2,Jardim Guaratiba,23032430,-22.974139,-43.648901
Rua,Andiras de Abreu,10,Jardim Palmares I,23066080,-22.884401,-43.640046
Rua,Alcobaca,122,Ricardo de Albuquerque,21640001,-22.834739,-43.391995
Avenida,De Caxias,590,Vila Militar,21615220,-22.857559,-43.389211
Avenida,De Caxias,806,Vila Militar,21615220,-22.860062,-43.391277
Rua,Samin,100,Iraja,21235210,-22.837120,-43.326311
Estrada,Do Cabucu,2390,Campo Grande,23017250,-22.916351,-43.538014
Rua,Rego,161,Ramos,21073440,-22.853847,-43.269759
Rua,Da Frente,33,Complexo do Alemao,21061735,-22.858589,-43.268422
Rua,Mearim,223,Grajau,20561070,-22.919747,-43.263532
Rua,Guilherme Veloso,437,Chacrinha,22733040,-22.900036,-43.361233
Rua,Dantas,42,Centro,20031203,-22.911130,-43.177032
Avenida,Brasil,19828,Coelho Neto,21530000,-22.830425,-43.350134
Avenida,Brasil,19842,Coelho Neto,21530000,-22.830459,-43.350238
Rua,Registro,1116,Senador Camara,21832270,-22.892584,-43.492151
Travessa,Agua Viva,13,Madureira,21360060,-22.865188,-43.335414
Rua,Do Manganes,42,Campo Grande,23087130,-22.889152,-43.561237
Rua,Coaraci Gentil Nunes,495,Guaratiba,23032180,-22.972993,-43.644186
Rua,Pedro Diniz,85,Iraja,21230810,-22.829073,-43.320238
Rua,Dos Amigos,15,Jacarepagua,22713552,-22.943880,-43.392571
Rua,Nelson Carneiro,11,Curicica,22780211,-22.957807,-43.394137
Travessa,44,14,Senador Camara,23010470,-22.879093,-43.501048
Avenida,De Caxias,950,Vila Militar,21615220,-22.860476,-43.391490
Avenida,Pedro Segundo,302,Sao Cristovao,20941070,-22.904362,-43.217494
Beco,Travessa da Saudade,5,Providencia,20221310,-22.900346,-43.195108
Rua,Rego,193,Ramos,21073440,-22.853358,-43.270441
Rua,Angelina,117,Encantado,20756090,-22.891570,-43.303174
Rua,Da Frente,20,Complexo do Alemao,21061735,-22.858097,-43.268431
Avenida,Brasil,19850,Coelho Neto,21530000,-22.830601,-43.350393
Rua,Registro,285,Senador Camara,21832270,-22.894930,-43.495405
Rua,Registro,29,Senador Camara,21832270,-22.892685,-43.492088
Rua,Registro,270,Senador Camara,21832270,-22.894697,-43.491311
Rua,Sem Denominacao 8,428,Santissimo,23098570,-22.866314,-43.525105
Rua,Maria Goncalves da Conceicao,8,Santissimo,21730110,-22.862644,-43.509041
Rua,Do Manganes,34,Campo Grande,23087130,-22.889729,-43.561581
Rua,Limites,1488,Realengo,21715150,-22.888177,-43.434888
Travessa,29,58,Nova Sepetiba,23535660,-22.956576,-43.690565
Rua,Acurua,29,Padre Miguel,21810170,-22.877228,-43.453699
Rua,Bellini,720,Iraja,21230215,-22.818176,-43.332124
Rua,Caneca,344,Cidade Nova,20211050,-22.914422,-43.198037
Rua,Caneca,350,Cidade Nova,20211050,-22.914449,-43.198221
Rua,Berilo,16,Jacarepagua,22710420,-22.952176,-43.388905
Beco,Travessa da Saudade,14,Providencia,20221310,-22.900047,-43.195582
Rua,Rego,183,Ramos,21073440,-22.853540,-43.270201
Rua,Registro,105,Senador Camara,21832270,-22.896118,-43.491247
Rua,Registro,69,Senador Camara,21832270,-22.894984,-43.495237
Rua,Registro,43,Senador Camara,21832270,-22.893362,-43.491909
Rua,Cecilia,454,Bangu,21810080,-22.881006,-43.460609
Rua,Sem Denominacao 8,11,Santissimo,23098570,-22.867094,-43.524857
Rua,Ramon Franco,56,Urca,22290290,-22.952946,-43.167128
Rua,Ramon Franco,126,Urca,22290290,-22.951274,-43.168072
Beco,Dimas,0,Morro do Dende,21910270,-22.802493,-43.183193
Rua,Canitar,574,Inhauma,20766200,-22.860344,-43.284063
Rua,Coaraci Gentil Nunes,31,Guaratiba,23032180,-22.976077,-43.644149
Rua,Itacava,4,Padre Miguel,21775510,-22.883918,-43.450535
Travessa,Antonio Marcos,15,Campo Grande,23071160,-22.876836,-43.581082
Rua,Samin,88,Iraja,21235210,-22.837035,-43.326291
Rua,Samin,34,Iraja,21235210,-22.836635,-43.326007
Estrada,Do Cabucu,1926,Campo Grande,23017250,-22.914560,-43.541549
Rua,Rego,135,Ramos,21073440,-22.854183,-43.269270
Rua,Angelina,123,Encantado,20756090,-22.891436,-43.303153
Avenida,Brasil,19778,Coelho Neto,21530000,-22.830265,-43.349551
Rua,Macieira,356,Madureira,21310020,-22.876942,-43.346471
Rua,Cisplatina,96,Iraja,21235070,-22.845103,-43.326734
Rua,Registro,25,Senador Camara,21832270,-22.895187,-43.491394
Rua,Sem Denominacao 8,18,Santissimo,23098570,-22.866926,-43.524905
Rua,Maria Goncalves da Conceicao,10,Santissimo,21730110,-22.862635,-43.509108
Rua,Cumata,236,Anchieta,21645160,-22.822933,-43.400395
Avenida,De Nazare,1552,Ricardo de Albuquerque,21640010,-22.831503,-43.395736
Rua,Apia,689,Vila da Penha,21221250,-22.842023,-43.303493
Rua,Elza Monnerat,21,Guaratiba,23030324,-22.981855,-43.585958
Rua,Nelson Carneiro,6,Curicica,22780211,-22.957617,-43.393939
Rua,Neusa Goulart Brizola,91,Pedreira,21530040,-22.824271,-43.355811
Rua,Samin,434,Iraja,21235210,-22.839173,-43.328644
Rua,Samin,364,Iraja,21235210,-22.838733,-43.328221
Rua,Egidio de Almeida,185,Penha Circular,21221150,-22.849073,-43.299760
Rua,Flamengo,1,Santissimo,23098370,-22.870529,-43.508193
Estrada,Do Tindiba,350,Pechincha,22740360,-22.927943,-43.358366
Rua,Macieira,260,Madureira,21310020,-22.877484,-43.345709
Rua,Cisplatina,0,Iraja,21235070,-22.844431,-43.327874
Rua,Ivan Serpa,360,Campo Grande,23075350,-22.880086,-43.569138
Rua,Registro,35,Senador Camara,21832270,-22.895878,-43.491225
Rua,Registro,13,Senador Camara,21832270,-22.894035,-43.491719
Rua,Sem Denominacao 8,20,Santissimo,23098570,-22.866780,-43.524898
Rua,Canitar,576,Inhauma,20766200,-22.860112,-43.283920
Rua,Coaraci Gentil Nunes,605,Guaratiba,23032180,-22.974572,-43.644151
Rua,Elza Monnerat,17,Guaratiba,23030324,-22.982017,-43.586502
Avenida,Rodolfo Amoedo,341,Barra da Tijuca,22620350,-23.008428,-43.316627
Rua,Alcobaca,34,Ricardo de Albuquerque,21640001,-22.835468,-43.392045
Rua,Alcobaca,84,Ricardo de Albuquerque,21640001,-22.835062,-43.391988
Rua,Alcobaca,166,Ricardo de Albuquerque,21640001,-22.834244,-43.392096
Rua,Acurua,11,Padre Miguel,21810170,-22.876932,-43.453742
Rua,Isaura,93,Anil,22753370,-22.964946,-43.339673
Rua,Paulo,490,Anchieta,21635110,-22.828931,-43.410615
Travessa,44,8,Senador Camara,23010470,-22.879310,-43.501042
Travessa,Antonio Marcos,3,Campo Grande,23071160,-22.876956,-43.580652
Rua,Samin,238,Iraja,21235210,-22.837994,-43.327412
Rua,Caroen,118,Penha Circular,21210340,-22.843247,-43.299173
Rua,Trajano Galvao,12,Guaratiba,23032660,-22.973388,-43.647478
Rua,Da Frente,18,Complexo do Alemao,21061735,-22.857890,-43.268612
Rua,Noventa e Seis,141,Tubiacanga,22710510,-22.785100,-43.227939
Rua,Noventa e Seis,151,Tubiacanga,22710510,-22.785716,-43.227472
Rua,Cisplatina,148,Iraja,21235070,-22.844636,-43.327628
Rua,Aparecida,155,Penha,21072740,-22.850744,-43.287814
Rua,Registro,41,Senador Camara,21832270,-22.896395,-43.491214
Rua,Ramon Franco,120,Urca,22290290,-22.952989,-43.167146
Rua,Do Manganes,80,Campo Grande,23087130,-22.889383,-43.561428
Rua,Coaraci Gentil Nunes,565,Guaratiba,23032180,-22.974167,-43.644104
Rua,Artur Weiss,151,Campo Grande,23070480,-22.892327,-43.577909
Rua,Pedro Diniz,105,Iraja,21230810,-22.829076,-43.320544
Rua,Alcobaca,242,Ricardo de Albuquerque,21640001,-22.833623,-43.391873
Rua,Neusa Goulart Brizola,75,Pedreira,21530040,-22.824480,-43.356049
Travessa,44,22,Senador Camara,23010470,-22.878942,-43.501108
Rua,Samin,308,Iraja,21235210,-22.838340,-43.327908
Estrada,Do Cabucu,2182,Campo Grande,23017250,-22.916259,-43.539677
Estrada,Do Cabucu,2350,Campo Grande,23017250,-22.916358,-43.538498
Rua,Maria de Lourdes Paes Barreto,27,Inhoaiba,23063150,-22.898784,-43.589392
Rua,Noventa e Seis,107,Tubiacanga,22710510,-22.785748,-43.227017
Avenida,Brasil,19728,Coelho Neto,21530000,-22.830069,-43.349078
Rua,Aparecida,139,Penha,21072740,-22.850838,-43.288471
Rua,Aparecida,147,Penha,21072740,-22.850928,-43.288094
Rua,Ramon Franco,102,Urca,22290290,-22.951991,-43.167604
Rua,Do Manganes,140,Campo Grande,23087130,-22.889917,-43.561775
Rua,5 de Janeiro,1,Itanhanga,22641196,-22.987765,-43.294083
Rua,Coaraci Gentil Nunes,575,Guaratiba,23032180,-22.974254,-43.644252
Rua,Apia,671,Vila da Penha,21221250,-22.842185,-43.303456
Rua,Apia,733,Vila da Penha,21221250,-22.841620,-43.303754
Rua,Nelson Carneiro,4,Curicica,22780211,-22.957425,-43.393911
Avenida,De Caxias,438,Vila Militar,21615220,-22.858492,-43.387867
Rua,Samin,80,Iraja,21235210,-22.836958,-43.326217
Rua,Samin,304,Iraja,21235210,-22.838352,-43.327748
Rua,Caroen,72,Penha Circular,21210340,-22.842984,-43.299393
Travessa,Giordano Vicenzo,465,Magarca,23036150,-22.939596,-43.582418
Rua,Maria de Lourdes Paes Barreto,14,Inhoaiba,23063150,-22.899187,-43.589478
Rua,Mearim,211,Grajau,20561070,-22.920021,-43.263526
Rua,Noventa e Seis,35,Tubiacanga,22710510,-22.785717,-43.227578
Rua,Macieira,188,Madureira,21310020,-22.877616,-43.344956
Rua,Macieira,254,Madureira,21310020,-22.877453,-43.345674
Rua,Registro,31,Senador Camara,21832270,-22.892928,-43.492096
Rua,Registro,19,Senador Camara,21832270,-22.892420,-43.492173
Rua,Registro,5,Senador Camara,21832270,-22.891570,-43.492475
Rua,Vinte de Maio,15,Complexo do Alemao,21061000,-22.866409,-43.278155
Travessa,Ribeiro,12,Complexo do Alemao,21061240,-22.859366,-43.268613
Travessa,Agua Viva,30,Madureira,21360060,-22.864827,-43.334663
Rua,Apia,651,Vila da Penha,21221250,-22.842254,-43.303409
Avenida,De Caxias,760,Vila Militar,21615220,-22.859815,-43.390541
Avenida,Pedro Segundo,270,Sao Cristovao,20941070,-22.904314,-43.217135
Rua,Samin,426,Iraja,21235210,-22.839152,-43.328599
Estrada,Do Cabucu,1950,Campo Grande,23017250,-22.914759,-43.541404
Rua,Angelina,75,Encantado,20756090,-22.892463,-43.303168
Rua,Maria de Lourdes Paes Barreto,9,Inhoaiba,23063150,-22.899230,-43.589488
Rua,Miguel Vieira Ferreira,450,Ramos,21060090,-22.856937,-43.261411
Rua,Maria Goncalves da Conceicao,49,Santissimo,21730110,-22.863124,-43.510777
Rua,Canitar,624,Inhauma,20766200,-22.861523,-43.285560
Rua,Canitar,700,Inhauma,20766200,-22.861197,-43.285434
Rua,Neusa Goulart Brizola,89,Pedreira,21530040,-22.824326,-43.355808
Rua,Bonfilio,85,Cidade de Deus,22763170,-22.943250,-43.354281
Rua,Caroen,62,Penha Circular,21210340,-22.842882,-43.299511
Rua,Antonio Ravaiole,33,Santa Cruz,23560120,-22.873361,-43.673393
Rua,Montevideu,728,Penha,21020290,-22.835109,-43.275285
Travessa,Agua Viva,38,Madureira,21360060,-22.864713,-43.334520
Avenida,De Nazare,1510,Ricardo de Albuquerque,21640010,-22.831836,-43.395622
Rua,Canitar,584,Inhauma,20766200,-22.860371,-43.284236
Rua,Dos Amigos,3,Jacarepagua,22713552,-22.943989,-43.392351
Avenida,Pedro Segundo,226,Sao Cristovao,20941070,-22.903711,-43.215680
Rua,Egidio de Almeida,105,Penha Circular,21221150,-22.848505,-43.299542
Alameda,Das Amendoeiras,13,Sepetiba,23535052,-22.975522,-43.691883
Beco,Travessa da Saudade,2,Providencia,20221310,-22.900362,-43.195042
Rua,Rego,169,Ramos,21073440,-22.853686,-43.270027
Rua,S,35,Campo Grande,23047160,-22.924313,-43.557191
Rua,Domingos Alves Meira,470,Praia da Brisa,23028030,-22.977058,-43.667109
Rua,Joao Gualberto da Silva,12,Bangu,21850007,-22.860451,-43.494919
Rua,Registro,55,Senador Camara,21832270,-22.891920,-43.492208
Rua,Registro,67,Senador Camara,21832270,-22.894488,-43.491604
Rua,Sem Denominacao 8,38,Santissimo,23098570,-22.866214,-43.525089
Rua,Limites,1446,Realengo,21715150,-22.887801,-43.435198
Travessa,Gola,5,Cidade de Deus,22773690,-22.950672,-43.365835
Rua,Coaraci Gentil Nunes,485,Guaratiba,23032180,-22.972858,-43.644236
Praca,Estado de Israel,26,Realengo,21715210,-22.877435,-43.440228
Rua,Samin,328,Iraja,21235210,-22.838491,-43.327987
Rua,Samin,390,Iraja,21235210,-22.838343,-43.327732
Alameda,Das Amendoeiras,11,Sepetiba,23535052,-22.975636,-43.691698
Estrada,Do Cabucu,2355,Campo Grande,23017250,-22.916396,-43.538313
Rua,Caroen,52,Penha Circular,21210340,-22.842851,-43.299602
Rua,Joao Gualberto da Silva,24,Bangu,21850007,-22.860815,-43.495346
Rua,Registro,45,Senador Camara,21832270,-22.893338,-43.491944
Rua,Cecilia,410,Bangu,21810080,-22.881024,-43.460104
Rua,Verdier,104,Bangu,21862180,-22.866369,-43.464409
Rua,Ramon Franco,74,Urca,22290290,-22.952274,-43.167570
Avenida,De Nazare,1592,Ricardo de Albuquerque,21640010,-22.831149,-43.395962
Rua,Coaraci Gentil Nunes,595,Guaratiba,23032180,-22.974502,-43.644126
Rua,Neusa Goulart Brizola,87,Pedreira,21530040,-22.824297,-43.355917
Rua,Samin,394,Iraja,21235210,-22.839411,-43.328880
Rua,Samin,256,Iraja,21235210,-22.838164,-43.327508
Rua,Bonfilio,105,Cidade de Deus,22763170,-22.943425,-43.354074
Estrada,Do Cabucu,2260,Campo Grande,23017250,-22.916328,-43.539421
Rua,Angelina,119,Encantado,20756090,-22.891540,-43.303174
Rua,Noventa e Seis,77,Tubiacanga,22710510,-22.784892,-43.228382
Rua,Dionisio Silveira,145,Taquara,22725310,-22.909506,-43.380837
Rua,Registro,23,Senador Camara,21832270,-22.893576,-43.491818
Rua,Registro,691,Senador Camara,21832270,-22.895055,-43.491420
Travessa,Agua Viva,12,Madureira,21360060,-22.865004,-43.335051
Rua,Ramon Franco,76,Urca,22290290,-22.952371,-43.167610
Rua,Do Manganes,32,Campo Grande,23087130,-22.889121,-43.561190
Rua,Coaraci Gentil Nunes,32,Guaratiba,23032180,-22.976179,-43.644291
Rua,Nelson Carneiro,9,Curicica,22780211,-22.957668,-43.393992
Rua,Alcobaca,228,Ricardo de Albuquerque,21640001,-22.833637,-43.391974
Travessa,44,28,Senador Camara,23010470,-22.878810,-43.501136
Avenida,Pedro Segundo,296,Sao Cristovao,20941070,-22.904267,-43.217272
Avenida,Pedro Segundo,308,Sao Cristovao,20941070,-22.904365,-43.217553
Rua,Samin,374,Iraja,21235210,-22.838838,-43.328304
Rua,Waldir Pereira Nascimento,653,Portuguesa,21932440,-22.800651,-43.210194
Rua,D,188,Cachoeira Grande,20725140,-22.919529,-43.285413
Alameda,Das Amendoeiras,2,Sepetiba,23535052,-22.975728,-43.691428
Estrada,Do Cabucu,1980,Campo Grande,23017250,-22.915048,-43.541271
Rua,Do Armisticio,415,Senador Camara,21831390,-22.889000,-43.478845
Rua,Maria de Lourdes Paes Barreto,13,Inhoaiba,23063150,-22.899115,-43.589475
Rua,Miguel Vieira Ferreira,532,Ramos,21060090,-22.857279,-43.261321
Rua,Verdier,109,Bangu,21862180,-22.866364,-43.464424
Travessa,Agua Viva,28,Madureira,21360060,-22.864937,-43.334693
Rua,Canitar,622,Inhauma,20766200,-22.861239,-43.285455
Rua,Alcobaca,202,Ricardo de Albuquerque,21640001,-22.834058,-43.391984
Rua,Isaura,109,Anil,22753370,-22.964870,-43.339624
Avenida,De Caxias,1410,Vila Militar,21615220,-22.863014,-43.396668
Rua,Bonfilio,75,Cidade de Deus,22763170,-22.943242,-43.354390
Rua,Waldir Pereira Nascimento,654,Portuguesa,21932440,-22.800768,-43.210194
Rua,Angelina,89,Encantado,20756090,-22.892140,-43.303549
Rua,Cisplatina,160,Iraja,21235070,-22.844365,-43.327977
Rua,Ramon Franco,30,Urca,22290290,-22.953574,-43.167126
Avenida,De Nazare,1520,Ricardo de Albuquerque,21640010,-22.831815,-43.395597
Rua,Coaraci Gentil Nunes,465,Guaratiba,23032180,-22.972703,-43.644152
Rua,Apia,763,Vila da Penha,21221250,-22.841520,-43.303848
Estrada,Do Morro Cavado,760,Mato Alto,23030360,-22.969419,-43.582871
Travessa,44,6,Senador Camara,23010470,-22.879300,-43.501040
Avenida,De Caxias,570,Vila Militar,21615220,-22.859342,-43.389299
Rua,Caneca,348,Cidade Nova,20211050,-22.914513,-43.198210
Rua,Samin,178,Iraja,21235210,-22.839278,-43.328861
Rua,Bonfilio,95,Cidade de Deus,22763170,-22.943275,-43.354158
Rua,Caroen,188,Penha Circular,21210340,-22.843480,-43.298955
Rua,Rego,165,Ramos,21073440,-22.853744,-43.269949
Estrada,Do Tindiba,374,Pechincha,22740360,-22.927747,-43.358484
Rua,Joao Gualberto da Silva,4,Bangu,21850007,-22.860095,-43.494613
Rua,Maria Goncalves da Conceicao,32,Santissimo,21730110,-22.862771,-43.510210
Travessa,Agua Viva,36,Madureira,21360060,-22.864757,-43.334535
Rua,Ramon Franco,34,Urca,22290290,-22.953495,-43.166984
Estrada,Do Itanhanga,2218,Itanhanga,22753005,-22.995300,-43.320139
Rua,Alcobaca,138,Ricardo de Albuquerque,21640001,-22.834504,-43.392013
Rua,Acurua,17,Padre Miguel,21810170,-22.877155,-43.453750
Travessa,44,20,Senador Camara,23010470,-22.878978,-43.501150
Rua,Artur Costa,502,Jardim America,21240120,-22.809176,-43.323820
Estrada,Do Cabucu,2380,Campo Grande,23017250,-22.916394,-43.538157
Estrada,Do Cabucu,2136,Campo Grande,23017250,-22.915970,-43.540339
Rua,Do Armisticio,70,Senador Camara,21831390,-22.890613,-43.480189
Rua,Aparecida,143,Penha,21072740,-22.850912,-43.288337
Rua,Ramon Franco,70,Urca,22290290,-22.950615,-43.171538
Rua,Do Manganes,106,Campo Grande,23087130,-22.889681,-43.561497
Rua,Canitar,618,Inhauma,20766200,-22.862868,-43.285642
Praca,Estado de Israel,47,Realengo,21715210,-22.877446,-43.440012
Rua,Alcobaca,72,Ricardo de Albuquerque,21640001,-22.835149,-43.391944
Rua,Bellini,712,Iraja,21230215,-22.818236,-43.332183
Rua,Samin,168,Iraja,21235210,-22.837632,-43.326848
Rua,Durvalino Espirito Santo,3,Campo Grande,23042440,-22.929084,-43.556963
Estrada,Do Cabucu,2248,Campo Grande,23017250,-22.916266,-43.539523
Estrada,Do Cabucu,2112,Campo Grande,23017250,-22.915865,-43.540434
Rua,Da Frente,15,Complexo do Alemao,21061735,-22.857928,-43.268556
Rua,Macieira,204,Madureira,21310020,-22.877919,-43.345242
Rua,Aparecida,149,Penha,21072740,-22.850938,-43.288039
Rua,Registro,59,Senador Camara,21832270,-22.894171,-43.491626
Rua,Vinte de Maio,5,Complexo do Alemao,21061000,-22.866226,-43.277893
Rua,Coaraci Gentil Nunes,525,Guaratiba,23032180,-22.973418,-43.644130
Rua,Elza Monnerat,1,Guaratiba,23030324,-22.981678,-43.585647
Rua,Neusa Goulart Brizola,81,Pedreira,21530040,-22.824393,-43.356014
Rua,Samin,208,Iraja,21235210,-22.837856,-43.327180
Rua,Samin,410,Iraja,21235210,-22.839050,-43.328516
Avenida,Brasil,19804,Coelho Neto,21530000,-22.830356,-43.349832
Rua,Joao Gualberto da Silva,22,Bangu,21850007,-22.860816,-43.495191
Rua,Ramon Franco,66,Urca,22290290,-22.952627,-43.167512
Rua,Do Manganes,130,Campo Grande,23087130,-22.889800,-43.561650
Rua,Samin,140,Iraja,21235210,-22.837359,-43.326725
Estrada,Do Cabucu,1940,Campo Grande,23017250,-22.914724,-43.541559
Rua,Trajano Galvao,14,Guaratiba,23032660,-22.973472,-43.647332
Rua,Da Frente,7,Complexo do Alemao,21061735,-22.857754,-43.268480
Avenida,Brasil,271,Coelho Neto,21530000,-22.830162,-43.348972
Rua,Cecilia,452,Bangu,21810080,-22.881009,-43.460501
Rua,Verdier,89,Bangu,21862180,-22.866076,-43.464399
Rua,Maria Goncalves da Conceicao,28,Santissimo,21730110,-22.862729,-43.510056
Rua,Do Manganes,25,Campo Grande,23087130,-22.889276,-43.561371
Rua,Pedro Diniz,95,Iraja,21230810,-22.829029,-43.320369
Rua,Alcobaca,164,Ricardo de Albuquerque,21640001,-22.834256,-43.392042
Rua,Samin,268,Iraja,21235210,-22.838187,-43.327636
Rua,Berilo,18,Jacarepagua,22710420,-22.952015,-43.388748
Rua,Egidio de Almeida,95,Penha Circular,21221150,-22.848571,-43.299451
Rua,Caroen,106,Penha Circular,21210340,-22.843268,-43.299165
Rua,Rego,117,Ramos,21073440,-22.854461,-43.268923
Rua,Macieira,162,Madureira,21310020,-22.877822,-43.345034
Rua,Montevideu,764,Penha,21020290,-22.835337,-43.275547
Rua,Do Manganes,142,Campo Grande,23087130,-22.890008,-43.561834
Rua,Apia,681,Vila da Penha,21221250,-22.842068,-43.303514
Rua,Neusa Goulart Brizola,93,Pedreira,21530040,-22.824086,-43.355673
Rua,Caneca,346,Cidade Nova,20211050,-22.914521,-43.197954
Beco,Bonfim,9,Morro do Timbau,21042021,-22.864158,-43.240044
Beco,Travessa da Saudade,12,Providencia,20221310,-22.900196,-43.195276
Rua,Do Manganes,96,Campo Grande,23087130,-22.889526,-43.561453
Rua,Coaraci Gentil Nunes,425,Guaratiba,23032180,-22.972453,-43.644153
Rua,Coaraci Gentil Nunes,615,Guaratiba,23032180,-22.974635,-43.644184
Rua,Nelson Carneiro,7,Curicica,22780211,-22.957653,-43.393981
Praca,Estado de Israel,44,Realengo,21715210,-22.877465,-43.440081
Rua,Samin,318,Iraja,21235210,-22.838505,-43.327887
Beco,Travessa da Saudade,6,Providencia,20221310,-22.900342,-43.195155
Rua,Caroen,138,Penha Circular,21210340,-22.843429,-43.299015
Rua,Registro,121,Senador Camara,21832270,-22.894979,-43.491466
Rua,Verdier,67,Bangu,21862180,-22.865938,-43.464392
Rua,Limites,1468,Realengo,21715150,-22.887835,-43.435116
Travessa,Gola,13,Cidade de Deus,22773690,-22.950738,-43.365954
Travessa,44,2,Senador Camara,23010470,-22.879322,-43.501017
Rua,Caneca,340,Cidade Nova,20211050,-22.914726,-43.197875
Estrada,Do Cabucu,2200,Campo Grande,23017250,-22.916364,-43.539523
Rua,Angelina,121,Encantado,20756090,-22.891515,-43.303152
Rua,Paulo da Silva,435,Senador Camara,21831200,-22.891137,-43.480588
Rua,Maria de Lourdes Paes Barreto,36,Inhoaiba,23063150,-22.899413,-43.589494
Rua,Macieira,198,Madureira,21310020,-22.877855,-43.345210
Rua,Antonio Ravaiole,35,Santa Cruz,23560120,-22.873467,-43.673311
Rua,Montevideu,710,Penha,21020290,-22.834958,-43.275191
Rua,Coaraci Gentil Nunes,35,Guaratiba,23032180,-22.976461,-43.644173
Rua,Paulo,516,Anchieta,21635110,-22.828905,-43.410870
Travessa,Antonio Marcos,5,Campo Grande,23071160,-22.876926,-43.580836
Avenida,Pedro Segundo,272,Sao Cristovao,20941070,-22.904229,-43.217059
Rua,Durvalino Espirito Santo,28,Campo Grande,23042440,-22.929123,-43.557303
Estrada,Do Cabucu,2340,Campo Grande,23017250,-22.916362,-43.538559
Rua,Angelina,81,Encantado,20756090,-22.892361,-43.303140
Rua,Sem Denominacao 8,39,Santissimo,23098570,-22.866192,-43.525107
Rua,Ramon Franco,112,Urca,22290290,-22.951513,-43.167837
Rua,Senador,218,Rio de Janeiro,23073585,-22.883986,-43.593363
Rua,Coaraci Gentil Nunes,415,Guaratiba,23032180,-22.972325,-43.644146
Rua,Apia,745,Vila da Penha,21221250,-22.841667,-43.303825
Rua,Caneca,338,Cidade Nova,20211050,-22.914353,-43.197932
Travessa,Antonio Marcos,6,Campo Grande,23071160,-22.876994,-43.580852
Avenida,Pedro Segundo,222,Sao Cristovao,20941070,-22.903668,-43.215727
Estrada,Do Cabucu,2016,Campo Grande,23017250,-22.915270,-43.541082
Rua,Angelina,127,Encantado,20756090,-22.891308,-43.303234
Rua,Angelina,111,Encantado,20756090,-22.891706,-43.303159
Rua,Alcobaca,270,Ricardo de Albuquerque,21640001,-22.833278,-43.391950
Rua,Bellini,702,Iraja,21230215,-22.818252,-43.332244
Rua,Samin,228,Iraja,21235210,-22.837926,-43.327295
Beco,Travessa da Saudade,8,Providencia,20221310,-22.900330,-43.195147
Rua,Martiniano,49,Sao Conrado,22610030,-22.993812,-43.257117
Rua,Montevideu,720,Penha,21020290,-22.835042,-43.275278
Rua,Vinte de Maio,16,Complexo do Alemao,21061000,-22.866124,-43.278331
Travessa,Gola,11,Cidade de Deus,22773690,-22.950739,-43.365960
Rua,Coaraci Gentil Nunes,665,Guaratiba,23032180,-22.975437,-43.644131
Rua,Pedro Diniz,41,Iraja,21230810,-22.828869,-43.319759
Rua,Dos Amigos,17,Jacarepagua,22713552,-22.943896,-43.392656
Rua,De Petropolis,29,Santa Cruz,23560130,-22.882035,-43.672463
Estrada,Do Cabucu,2328,Campo Grande,23017250,-22.916310,-43.538708
Rua,Rego,131,Ramos,21073440,-22.854291,-43.269180
Travessa,Agua Viva,18,Madureira,21360060,-22.864968,-43.334856
Avenida,De Caxias,580,Vila Militar,21615220,-22.859134,-43.388732
Avenida,Pedro Segundo,298,Sao Cristovao,20941070,-22.904331,-43.217389
Rua,Samin,130,Iraja,21235210,-22.837256,-43.326566
Rua,Samin,416,Iraja,21235210,-22.839138,-43.328475
Estrada,Do Cabucu,2274,Campo Grande,23017250,-22.916329,-43.539291
Rua,Paulo da Silva,439,Senador Camara,21831200,-22.891257,-43.480534
Rua,Cisplatina,122,Iraja,21235070,-22.844860,-43.327224
Beco,3395,6,Rio das Pedras,22753212,-22.973241,-43.330279
Viela,Sadi Maia,27,Paciencia,23595115,-22.927420,-43.648448
Rua,Sem Denominacao 8,27,Santissimo,23098570,-22.866746,-43.524888
Travessa,Agua Viva,16,Madureira,21360060,-22.865050,-43.334859
Rua,Do Manganes,27,Campo Grande,23087130,-22.889464,-43.561471
Rua,Coaraci Gentil Nunes,475,Guaratiba,23032180,-22.972828,-43.644163
Rua,Bellini,730,Iraja,21230215,-22.818201,-43.331982
Rua,Samin,188,Iraja,21235210,-22.837699,-43.327012
Estrada,Do Cabucu,2110,Campo Grande,23017250,-22.915883,-43.540430
Rua,Joao Gualberto da Silva,6,Bangu,21850007,-22.860210,-43.494786
Rua,Registro,235,Senador Camara,21832270,-22.892925,-43.492048
Rua,Cecilia,601,Bangu,21810080,-22.881000,-43.460921
Rua,Sem Denominacao 8,24,Santissimo,23098570,-22.866742,-43.524947
Travessa,Agua Viva,20,Madureira,21360060,-22.864994,-43.334767
Rua,Apia,665,Vila da Penha,21221250,-22.842180,-43.303439
Rua,Samin,158,Iraja,21235210,-22.837509,-43.326872
Rua,Samin,40,Iraja,21235210,-22.836717,-43.325974
Rua,Rego,187,Ramos,21073440,-22.853450,-43.270292
Rua,Trajano Galvao,16,Guaratiba,23032660,-22.973363,-43.647291
Estrada,Do Tindiba,410,Pechincha,22740360,-22.927591,-43.358794
Rua,Eduardo Botelho,109,Jardim Guanabara,21940200,-22.814532,-43.204475
Avenida,Brasil,19746,Coelho Neto,21530000,-22.830144,-43.349266
Rua,Martiniano,71,Sao Conrado,22610030,-22.993919,-43.257361
Estrada,Da Serrinha,1376,Campo Grande,23078560,-22.830337,-43.551021
Rua,Maria Goncalves da Conceicao,41,Santissimo,21730110,-22.862941,-43.510538
Travessa,Ribeiro,15,Complexo do Alemao,21061240,-22.859229,-43.268862
Rua,Do Manganes,52,Campo Grande,23087130,-22.889223,-43.561331
Avenida,Do Magisterio,48,Portuguesa,21920455,-22.794627,-43.201694
Rua,Neusa Goulart Brizola,83,Pedreira,21530040,-22.824345,-43.356004
Travessa,44,12,Senador Camara,23010470,-22.879123,-43.501074
Avenida,Pedro Segundo,282,Sao Cristovao,20941070,-22.904142,-43.216984
Rua,De Petropolis,28,Santa Cruz,23560130,-22.881641,-43.672876
Rua,D,172,Cachoeira Grande,20725140,-22.918457,-43.285347
Estrada,Do Cabucu,2002,Campo Grande,23017250,-22.915138,-43.541174
Rua,Da Frente,34,Complexo do Alemao,21061735,-22.858354,-43.268416
Rua,Miguel Vieira Ferreira,534,Ramos,21060090,-22.857288,-43.261172
Rua,Macieira,388,Madureira,21310020,-22.876705,-43.346818
Rua,Sem Denominacao 8,16,Santissimo,23098570,-22.866943,-43.524867
Rua,Coaraci Gentil Nunes,445,Guaratiba,23032180,-22.972681,-43.644200
Estrada,Do Morro Cavado,1202,Mato Alto,23030360,-22.971195,-43.579806
Rua,Bellini,684,Iraja,21230215,-22.818081,-43.332229
Travessa,Antonio Marcos,7,Campo Grande,23071160,-22.876978,-43.580920
Alameda,Das Amendoeiras,3,Sepetiba,23535052,-22.975757,-43.691466
Estrada,Do Cabucu,2310,Campo Grande,23017250,-22.916350,-43.538880
Rua,Macieira,400,Madureira,21310020,-22.876592,-43.346900
Rua,Do Manganes,26,Campo Grande,23087130,-22.889072,-43.561127
Rua,Artur Weiss,221,Campo Grande,23070480,-22.892319,-43.578291
Rua,Apia,771,Vila da Penha,21221250,-22.841387,-43.303852
Estrada,Do Morro Cavado,1198,Mato Alto,23030360,-22.970655,-43.579945
Rua,Samin,278,Iraja,21235210,-22.838206,-43.327607
Rua,Egidio de Almeida,165,Penha Circular,21221150,-22.849027,-43.299691
Rua,Da Frente,31,Complexo do Alemao,21061735,-22.858316,-43.268527
Rua,Registro,7197,Senador Camara,21832270,-22.893862,-43.491716
Rua,Cecilia,434,Bangu,21810080,-22.881042,-43.460375
Rua,Cecilia,438,Bangu,21810080,-22.881070,-43.460370
Rua,Senador,266,Rio de Janeiro,23073585,-22.884152,-43.593682
Rua,Samin,348,Iraja,21235210,-22.838658,-43.328070
Rua,Maria de Lourdes Paes Barreto,25,Inhoaiba,23063150,-22.898287,-43.589400
Rua,Joao Gualberto da Silva,16,Bangu,21850007,-22.860543,-43.495037
Rua,Senador,240,Rio de Janeiro,23073585,-22.884123,-43.593494
Rua,Caneca,312,Cidade Nova,20211050,-22.914537,-43.197786
Rua,Waldir Pereira Nascimento,655,Portuguesa,21932440,-22.800816,-43.210271
Estrada,Do Cabucu,2174,Campo Grande,23017250,-22.916204,-43.539929
Beco,Travessa da Saudade,3,Providencia,20221310,-22.900347,-43.195075
Estrada,Do Tindiba,282,Pechincha,22740360,-22.928031,-43.357613
Rua,Cisplatina,98,Iraja,21235070,-22.845069,-43.326817
Rua,Cisplatina,100,Iraja,21235070,-22.845031,-43.327001
Rua,Cisplatina,128,Iraja,21235070,-22.844799,-43.327279
Rua,Registro,288,Senador Camara,21832270,-22.894813,-43.491519
Rua,Cecilia,416,Bangu,21810080,-22.881065,-43.460160
Rua,Artur Weiss,181,Campo Grande,23070480,-22.892348,-43.578210
Rua,Elza Monnerat,3,Guaratiba,23030324,-22.981781,-43.585793
Estrada,Do Cabucu,2176,Campo Grande,23017250,-22.916190,-43.539875
Rua,Mearim,219,Grajau,20561070,-22.919811,-43.263515
Rua,Do Manganes,33,Campo Grande,23087130,-22.890092,-43.562011
Rua,Berilo,19,Jacarepagua,22710420,-22.952060,-43.388674
Rua,Egidio de Almeida,175,Penha Circular,21221150,-22.849032,-43.299776
Travessa,Gola,1,Cidade de Deus,22773690,-22.950736,-43.365506
Rua,Berilo,20,Jacarepagua,22710420,-22.952042,-43.388586
Rua,Teixeira Ribeiro,755,Mare,21044251,-22.855296,-43.242011
Beco,Dimas,5,Morro do Dende,21910270,-22.802727,-43.183019
Estrada,Do Cabucu,2400,Campo Grande,23017250,-22.916431,-43.538055
Rua,Eduardo Botelho,73,Jardim Guanabara,21940200,-22.814273,-43.204727
Rua,Maria Goncalves da Conceicao,33,Santissimo,21730110,-22.862720,-43.510254
Rua,Ramon Franco,72,Urca,22290290,-22.952573,-43.167501
Travessa,Gola,15,Cidade de Deus,22773690,-22.950720,-43.365956
Rua,Senador,19,Rio de Janeiro,23073585,-22.884040,-43.593268
Rua,Pedro Diniz,71,Iraja,21230810,-22.828909,-43.320097
Rua,Berilo,91,Jacarepagua,22710420,-22.952271,-43.389216
Rua,Egidio de Almeida,85,Penha Circular,21221150,-22.848469,-43.299451
Estrada,Do Cabucu,1952,Campo Grande,23017250,-22.915034,-43.541515
Rua,Macieira,346,Madureira,21310020,-22.876947,-43.346453
Rua,Aparecida,145,Penha,21072740,-22.850904,-43.288220
Rua,Verdier,33,Bangu,21862180,-22.865584,-43.464481
Rua,De Pombal,75,Centro,20230240,-22.909190,-43.194663
Rua,Ramon Franco,18,Urca,22290290,-22.954025,-43.167382
Rua,Da Frente,28,Complexo do Alemao,21061735,-22.858168,-43.268352
Ladeira,Dos Guararapes,585,Cosme Velho,22241220,-22.943131,-43.206062
Travessa,Vinte,55,Mare,21046675,-22.874771,-43.239524
Rua,Registro,37,Senador Camara,21832270,-22.893014,-43.492038
Rua,Registro,57,Senador Camara,21832270,-22.894083,-43.491701
Rua,Sem Denominacao 8,8,Santissimo,23098570,-22.867223,-43.524810
Rua,Do Manganes,30,Campo Grande,23087130,-22.889051,-43.561099
Rua,Coaraci Gentil Nunes,613,Guaratiba,23032180,-22.974524,-43.644141
Rua,Bellini,21,Iraja,21230215,-22.818197,-43.332231
Rua,Paulo,468,Anchieta,21635110,-22.829178,-43.410351
Avenida,De Caxias,600,Vila Militar,21615220,-22.859171,-43.389495
Avenida,Pedro Segundo,278,Sao Cristovao,20941070,-22.904110,-43.216929
Rua,De Petropolis,30,Santa Cruz,23560130,-22.881660,-43.672825
Rua,Paulo da Silva,451,Senador Camara,21831200,-22.891358,-43.480518
Rua,Maria de Lourdes Paes Barreto,40,Inhoaiba,23063150,-22.899738,-43.589614
Rua,Joao Gualberto da Silva,20,Bangu,21850007,-22.860727,-43.495185
Rua,Ramon Franco,96,Urca,22290290,-22.952267,-43.167452
Rua,Alcobaca,208,Ricardo de Albuquerque,21640001,-22.833889,-43.391998
Travessa,44,10,Senador Camara,23010470,-22.879179,-43.501023
Travessa,Antonio Marcos,2,Campo Grande,23071160,-22.876951,-43.580589
Avenida,Pedro Segundo,284,Sao Cristovao,20941070,-22.904255,-43.217081
Rua,Do Armisticio,80,Senador Camara,21831390,-22.890735,-43.480368
Rua,Dantas,38,Centro,20031203,-22.911099,-43.176840
Viela,Sadi Maia,26,Paciencia,23595115,-22.927506,-43.648584
Rua,Verdier,107,Bangu,21862180,-22.866369,-43.464383
Avenida,Pedro Segundo,260,Sao Cristovao,20941070,-22.904186,-43.216964
Beco,Travessa da Saudade,13,Providencia,20221310,-22.900884,-43.193949
Rua,Da Frente,43,Complexo do Alemao,21061735,-22.857992,-43.267152
Rua,Flamengo,8,Santissimo,23098370,-22.870521,-43.508348
Rua,Corrego Danta,34,Guaratiba,23026500,-22.985505,-43.633347
Rua,Ramon Franco,38,Urca,22290290,-22.953204,-43.167168
Rua,Portal do Jamelao,64,Paciencia,23587415,-22.926037,-43.624812
Rua,Itacava,6,Padre Miguel,21775510,-22.884064,-43.450493
Travessa,44,4,Senador Camara,23010470,-22.879304,-43.501030
Beco,Travessa da Saudade,1,Providencia,20221310,-22.900365,-43.195037
Rua,Maria de Lourdes Paes Barreto,12,Inhoaiba,23063150,-22.899016,-43.589494
Rua,Eduardo Botelho,37,Jardim Guanabara,21940200,-22.814162,-43.204852
Rua,Cisplatina,156,Iraja,21235070,-22.844404,-43.327935
Beco,3395,2,Rio das Pedras,22753212,-22.973074,-43.330466
Rua,Joao Gualberto da Silva,17,Bangu,21850007,-22.860500,-43.494975
Rua,Sem Denominacao 8,456,Santissimo,23098570,-22.866430,-43.525033
Rua,Alcobaca,216,Ricardo de Albuquerque,21640001,-22.833777,-43.392167
Rua,Samin,442,Iraja,21235210,-22.839292,-43.328686
Rua,Egidio de Almeida,155,Penha Circular,21221150,-22.848885,-43.299668
Rua,Caripare,186,Pavuna,21521350,-22.816693,-43.352039
Estrada,Do Cabucu,2416,Campo Grande,23017250,-22.916395,-43.537820
Rua,Miguel Vieira Ferreira,446,Ramos,21060090,-22.856855,-43.261513
Rua,Macieira,238,Madureira,21310020,-22.877573,-43.345532
Rua,Registro,61,Senador Camara,21832270,-22.894239,-43.491616
Avenida,De Caxias,1672,Vila Militar,21615220,-22.864049,-43.398875
Avenida,Pedro Segundo,290,Sao Cristovao,20941070,-22.904211,-43.217177
Avenida,Pedro Segundo,304,Sao Cristovao,20941070,-22.904322,-43.217552
Rua,Egidio de Almeida,135,Penha Circular,21221150,-22.848752,-43.299572
Rua,Cecilia,426,Bangu,21810080,-22.881044,-43.460311
Rua,Da Frente,35,Complexo do Alemao,21061735,-22.858585,-43.268313
Rua,Macieira,446,Madureira,21310020,-22.876428,-43.347152
Rua,Registro,845,Senador Camara,21832270,-22.895251,-43.491371
Rua,Ramon Franco,60,Urca,22290290,-22.952926,-43.167322
Rua,Ramon Franco,392,Urca,22290290,-22.951042,-43.168098
Avenida,De Caxias,700,Vila Militar,21615220,-22.859616,-43.389724
Rua,Macieira,172,Madureira,21310020,-22.877953,-43.345077
Rua,Antonio Ravaiole,34,Santa Cruz,23560120,-22.873474,-43.673274
Rua,Ramon Franco,48,Urca,22290290,-22.953192,-43.167261
Travessa,29,42,Nova Sepetiba,23535660,-22.956448,-43.690547
Rua,Neusa Goulart Brizola,77,Pedreira,21530040,-22.824453,-43.356050
Avenida,Pedro Segundo,276,Sao Cristovao,20941070,-22.904083,-43.216888
Travessa,Agua Viva,34,Madureira,21360060,-22.864836,-43.334587
Rua,Ramon Franco,98,Urca,22290290,-22.952028,-43.167698
Rua,Ramon Franco,64,Urca,22290290,-22.952792,-43.167310
Avenida,De Nazare,1532,Ricardo de Albuquerque,21640010,-22.831687,-43.395689
Rua,Coaraci Gentil Nunes,435,Guaratiba,23032180,-22.972615,-43.644033
Avenida,Pedro Segundo,292,Sao Cristovao,20941070,-22.904246,-43.217239
Rua,Samin,60,Iraja,21235210,-22.836828,-43.326203
Avenida,Brasil,30905,Padre Miguel,21720001,-22.861932,-43.447777
Rua,Cacapava,310,Grajau,20541350,-22.930215,-43.260162
Rua,Augusto Cardoso,87,Freguesia,22743620,-22.929655,-43.335293
Rua,Solon Ribeiro,55,Campo Grande,23082220,-22.888107,-43.568761
Rua,Haia,445,Taua,21920180,-22.798997,-43.190478
Rua,Ari Chagas,338,Sepetiba,23540000,-22.972944,-43.702710
Rua,Antenor da Silveira Junior,126,Parque Anchieta,21635060,-22.831696,-43.416795
Rua,Frederico de Albuquerque,70,Higienopolis,21050840,-22.875882,-43.259421
Rua,Frederico de Albuquerque,74,Higienopolis,21050840,-22.875829,-43.259348
Rua,Frederico de Albuquerque,94,Higienopolis,21050840,-22.875287,-43.259516
Rua,Frederico de Albuquerque,82,Higienopolis,21050840,-22.875620,-43.259426
Rua,Benedito,831,Santa Cruz,23520790,-22.935277,-43.679632
Rua,Roberto Oswaldo Cruz,31,Anil,22750380,-22.947228,-43.335535
Rua,Das Paineiras,575,Jacarepagua,22753992,-22.977801,-43.341662
Rua,Anequira,321,Cordovil,21215440,-22.824246,-43.296260
Rua,Anequira,263,Cordovil,21215440,-22.824869,-43.296296
Rua,Galia,25,Guadalupe,21675050,-22.845793,-43.366345
Rua,Galia,13,Guadalupe,21675050,-22.845844,-43.366495
Rua,Das Paineiras,525,Jacarepagua,22753992,-22.977891,-43.341522
Rua,Das Paineiras,517,Jacarepagua,22753992,-22.978039,-43.341510
Rua,Das Paineiras,505,Jacarepagua,22753992,-22.978031,-43.341523
Rua,Das Paineiras,455,Jacarepagua,22753992,-22.978535,-43.341652
Rua,Francisca Xavier,12,Santa Cruz,23550283,-22.937627,-43.691442
Rua,Francisca Xavier,14,Santa Cruz,23550283,-22.937691,-43.691509
Avenida,Ari Franco,1700,Bangu,21862005,-22.858489,-43.471424
Rua,Maranhao,173,Sepetiba,23545260,-22.963293,-43.705849
Rua,Maranhao,197,Sepetiba,23545260,-22.963286,-43.705788
Rua,Pinto Teles,933,Praca Seca,21341270,-22.885230,-43.353249
Rua,Luiz Gonzaga,653,Sao Cristovao,20910061,-22.899835,-43.227788
Rua,Latino Coelho,107,Penha,21070720,-22.842971,-43.273427
Rua,Latino Coelho,87,Penha,21070720,-22.843134,-43.272894
Rua,Latino Coelho,83,Penha,21070720,-22.843358,-43.273018
Rua,Latino Coelho,59,Penha,21070720,-22.843361,-43.272345
Rua,Latino Coelho,57,Penha,21070720,-22.843275,-43.272185
Rua,Latino Coelho,25,Penha,21070720,-22.843643,-43.271302
Rua,Latino Coelho,19,Penha,21070720,-22.843678,-43.271224
Rua,Pinto Teles,1025,Praca Seca,21341270,-22.884839,-43.353912
Rua,Latino Coelho,113,Penha,21070720,-22.843088,-43.273722
Rua,Mercedes Coelho,113,Santa Cruz,23525100,-22.943925,-43.680613
Rua,Rodolfo Teofilo,250,Rio de Janeiro,23073760,-22.888871,-43.594283
Rua,Baturite,31,Bonsucesso,21040310,-22.863581,-43.253280
Rua,Gustavo Viana Filho,94,Bela Vista,21511500,-22.836672,-43.360032
Rua,Gustavo Viana Filho,96,Bela Vista,21511500,-22.836583,-43.360118
Rua,Gustavo Viana Filho,98,Bela Vista,21511500,-22.836662,-43.360078
Rua,Joao Ribeiro,900,Tomas Coelho,22775812,-22.865467,-43.306611
Rua,Montreal,17,Bangu,23525020,-22.847831,-43.469336
Avenida,Mem de Sa,127,Centro,20230150,-22.912722,-43.184230
Avenida,Mem de Sa,117,Centro,20230150,-22.912793,-43.183782
Avenida,Mem de Sa,99,Centro,20230150,-22.912895,-43.183233
Rua,De Azambuja,1243,Maria da Graca,20785341,-22.884608,-43.268569
Rua,De Azambuja,1189,Maria da Graca,20785341,-22.885013,-43.268064
Rua,De Azambuja,1199,Maria da Graca,20785341,-22.884942,-43.268199
Rua,Monte Alegre,383,Santa Teresa,20240194,-22.922770,-43.189926
Rua,Monte Alegre,381,Santa Teresa,20240194,-22.922763,-43.189556
Rua,Monte Alegre,387,Santa Teresa,20240194,-22.923171,-43.189653
Rua,Frederico Quartarolli,420,Recreio dos Bandeirantes,22795400,-23.023994,-43.480346
Rua,Frederico Quartarolli,480,Recreio dos Bandeirantes,22795400,-23.024094,-43.480938
Rua,Frederico Quartarolli,374,Recreio dos Bandeirantes,22795400,-23.023576,-43.479783
Rua,Joao de Medeiros,98,Inhoaiba,23063270,-22.895779,-43.594620
Rua,Joao de Medeiros,96,Inhoaiba,23063270,-22.895746,-43.594712
Rua,Joao de Medeiros,891,Inhoaiba,23063270,-22.896413,-43.595547
Rua,Joao de Medeiros,18,Inhoaiba,23063270,-22.896097,-43.595401
Rua,Jaruva,200,Anchieta,21630220,-22.827033,-43.415693
Rua,Jaruva,230,Anchieta,21630220,-22.826658,-43.415877
Rua,Jaruva,260,Anchieta,21630220,-22.826542,-43.416086
Rua,Jaruva,304,Anchieta,21630220,-22.826407,-43.416153
Rua,Monte das Esmeralda,13,Pedreira,21532240,-22.820827,-43.355523
Rua,Monte das Esmeralda,3,Pedreira,21532240,-22.820846,-43.355550
Estrada,Sete Riachos,2054,Santissimo,23097710,-22.862504,-43.524716
Rua,B Quadra 7,37,Realengo,21735354,-22.872126,-43.431075
Rua,Manoel Pestana,27,Senador Vasconcelos,23010390,-22.891662,-43.518976
Rua,Manoel Pestana,37,Senador Vasconcelos,23010390,-22.892404,-43.518805
Rua,Manoel Pestana,95,Senador Vasconcelos,23010390,-22.892751,-43.518597
Rua,Lisboa,66,Penha Circular,21011540,-22.832533,-43.280699
Rua,Lisboa,126,Penha Circular,21011540,-22.832475,-43.281230
Rua,Lisboa,40,Penha Circular,21011540,-22.832769,-43.280673
Rua,Lisboa,54,Penha Circular,21011540,-22.832571,-43.280522
Rua,Lisboa,62,Penha Circular,21011540,-22.832808,-43.280698
Rua,Lisboa,138,Penha Circular,21011540,-22.832199,-43.281050
Rua,Marcelo Garcia,16,Itanhanga,22641574,-22.986061,-43.306343
Rua,Marcelo Garcia,56,Itanhanga,22641574,-22.986431,-43.306278
Rua,Atacama,60,Campo Grande,23078100,-22.879703,-43.581866
Rua,Pascal,529,Vila da Penha,21221440,-22.846134,-43.310705
Rua,Pascal,509,Vila da Penha,21221440,-22.846291,-43.310908
Rua,Pascal,469,Vila da Penha,21221440,-22.846568,-43.311135
Rua,Pascal,429,Vila da Penha,21221440,-22.846587,-43.311209
Rua,Rodrigo Cabral,86,Parque Columbia,21535420,-22.815253,-43.340679
Rua,Enio Silveira,24,Barra da Tijuca,22793341,-22.998475,-43.424718
Rua,Enio Silveira,80,Barra da Tijuca,22793341,-22.998006,-43.424894
Rua,Joaquim da Silveira,30,Recreio dos Bandeirantes,22795491,-23.019612,-43.467024
Rua,Joaquim da Silveira,70,Recreio dos Bandeirantes,22795491,-23.019551,-43.467416
Rua,Joaquim da Silveira,90,Recreio dos Bandeirantes,22795491,-23.019570,-43.467586
Rua,Joaquim da Silveira,110,Recreio dos Bandeirantes,22795491,-23.019582,-43.467739
Rua,Joaquim da Silveira,130,Recreio dos Bandeirantes,22795491,-23.019624,-43.467915
Rua,Joaquim da Silveira,188,Recreio dos Bandeirantes,22795491,-23.019777,-43.468598
Rua,Estrela do Sul,111,Curicica,22780798,-22.951741,-43.380699
Beco,1,32,Senador Camara,21832006,-22.887885,-43.488878
Beco,1,26,Senador Camara,21832006,-22.887884,-43.488783
Vila,I,33,Freguesia,21911270,-22.786812,-43.174327
Rua,Walter de Moraes,29,Guaratiba,23030446,-22.970871,-43.604723
Rua,Rodrigo Cabral,62,Parque Columbia,21535420,-22.815054,-43.340646
Rua,Rodrigo Cabral,122,Parque Columbia,21535420,-22.815626,-43.340527
Rua,Rodrigo Cabral,131,Parque Columbia,21535420,-22.815758,-43.340355
Rua,Felipe,67,Complexo do Alemao,21061610,-22.858132,-43.274532
Rua,Felipe,15,Complexo do Alemao,21061610,-22.858181,-43.274270
Rua,Saboia Lima,23,Tijuca,20521250,-22.931871,-43.234222
Rua,Saboia Lima,11,Tijuca,20521250,-22.931614,-43.234069
Rua,Djalma Ulrich,217,Copacabana,22071020,-22.978839,-43.191851
Rua,Djalma Ulrich,207,Copacabana,22071020,-22.978714,-43.191577
Rua,Djalma Ulrich,201,Copacabana,22071020,-22.979290,-43.191918
Rua,Anibal Benevolo,294,Cidade Nova,20211000,-22.913636,-43.198734
Rua,Anibal Benevolo,318,Cidade Nova,20211000,-22.913804,-43.198785
Rua,Anibal Benevolo,358,Cidade Nova,20211000,-22.914212,-43.198639
Rua,Anibal Benevolo,338,Cidade Nova,20211000,-22.914050,-43.198736
Rua,Ocaibi,563,Realengo,21765570,-22.896390,-43.443121
Rua,Leandro Joaquim,325,Cidade de Deus,22770650,-22.943935,-43.362667
Rua,Leandro Joaquim,329,Cidade de Deus,22770650,-22.943770,-43.362578
Rua,Pascal,479,Vila da Penha,21221440,-22.846392,-43.311129
Rua,Eufrasio Correa,270,Quintino Bocaiuva,21380180,-22.884706,-43.321077
Rua,Eufrasio Correa,66,Quintino Bocaiuva,21380180,-22.884972,-43.320756
Rua,Monte Alto,475,Bangu,21863010,-22.850569,-43.471538
Rua,Monte Alto,22,Bangu,21863010,-22.850774,-43.471445
Rua,Monte Alto,365,Bangu,21863010,-22.851508,-43.470985
Rua,Monte Alto,335,Bangu,21863010,-22.851674,-43.471015
Rua,Monte Alto,225,Bangu,21863010,-22.852164,-43.470910
Rua,Miguelinho,56,Santa Teresa,20240140,-22.917456,-43.192642
Rua,Miguelinho,76,Santa Teresa,20240140,-22.917794,-43.191891
Rua,Miguelinho,78,Santa Teresa,20240140,-22.918020,-43.191720
Rua,Miguelinho,64,Santa Teresa,20240140,-22.917385,-43.192336
Rua,Miguelinho,72,Santa Teresa,20240140,-22.917630,-43.192067
Rua,Monte Alto,485,Bangu,21863010,-22.850589,-43.471568
Rua,Monte Alto,375,Bangu,21863010,-22.851558,-43.470970
Rua,Dos Comerciarios,1,Inhoaiba Nova Cidade,23063610,-22.904499,-43.594157
Rua,Do Magistrado,241,Bangu,21840420,-22.872083,-43.475298
Rua,Dos Comerciarios,11,Inhoaiba Nova Cidade,23063610,-22.904995,-43.594185
Rua,Dos Comerciarios,9,Inhoaiba Nova Cidade,23063610,-22.904788,-43.594273
Rua,Dos Comerciarios,5,Inhoaiba Nova Cidade,23063610,-22.904612,-43.594237
Rua,Dos Comerciarios,19,Inhoaiba Nova Cidade,23063610,-22.905203,-43.594455
Rua,Lourival Saisse,95,Bangu,21830120,-22.882083,-43.480942
Rua,Lourival Saisse,55,Bangu,21830120,-22.881719,-43.480874
Rua,Lourival Saisse,85,Bangu,21830120,-22.882053,-43.480725
Rua,Jaruva,216,Anchieta,21630220,-22.826699,-43.415910
Rua,Dezessete,246,Mare,21046725,-22.873163,-43.239060
Rua,Dezessete,270,Mare,21046725,-22.873048,-43.238893
Rua,Luis Barbosa,69,Vila Isabel,20560010,-22.914529,-43.250463
Rua,Luis Barbosa,97,Vila Isabel,20560010,-22.913719,-43.250818
Rua,Luis Barbosa,89,Vila Isabel,20560010,-22.913898,-43.250718
Rua,Luis Barbosa,87,Vila Isabel,20560010,-22.914082,-43.251139
Rua,Luis Barbosa,83,Vila Isabel,20560010,-22.914161,-43.250743
Rua,Luis Barbosa,71,Vila Isabel,20560010,-22.914509,-43.250615
Rua,Do Caja,64,Penha,21070000,-22.840031,-43.283057
Rua,Do Caja,276,Penha,21070000,-22.841532,-43.284701
Rua,Do Caja,252,Penha,21070000,-22.841293,-43.284346
Rua,Do Caja,150,Penha,21070000,-22.840517,-43.283566
Rua,Do Caja,316,Penha,21070000,-22.841717,-43.284903
Rua,Do Caja,170,Penha,21070000,-22.840752,-43.283823
Rua,Do Caja,120,Penha,21070000,-22.840446,-43.283506
Rua,Do Caja,238,Penha,21070000,-22.840954,-43.284526
Rua,Do Caja,212,Penha,21070000,-22.840655,-43.284304
Rua,Grimaldo,6,Santa Cruz,23575270,-22.879425,-43.657854
Rua,Pinto Teles,955,Praca Seca,21341270,-22.885180,-43.353240
Rua,Das Paineiras,555,Jacarepagua,22753992,-22.977944,-43.341591
Rua,Das Paineiras,475,Jacarepagua,22753992,-22.978075,-43.341307
Rua,Miguelinho,84,Santa Teresa,20240140,-22.917841,-43.191645
Rua,Benedito,925,Santa Cruz,23520790,-22.935560,-43.680163
Rua,Anibal Benevolo,344,Cidade Nova,20211000,-22.914027,-43.198685
Rua,Jorge,99,Mare,21040000,-22.854793,-43.243122
Rua,B Quadra 7,59,Realengo,21735354,-22.871878,-43.431104
Rua,Rodrigo Cabral,113,Parque Columbia,21535420,-22.815661,-43.340561
Rua,Do Magistrado,253,Bangu,21840420,-22.872185,-43.475427
Rua,Mercedes Coelho,25,Santa Cruz,23525100,-22.944099,-43.680302
Rua,Frederico Quartarolli,400,Recreio dos Bandeirantes,22795400,-23.024170,-43.481236
Beco,2 20,15,Sete,22451400,-22.988496,-43.246193
Rua,Anibal Benevolo,280,Cidade Nova,20211000,-22.913458,-43.198779
Rua,Walter de Moraes,31,Guaratiba,23030446,-22.970865,-43.604576
Rua,Domingos Alves Meira,605,Praia da Brisa,23028030,-22.977732,-43.665835
Rua,Saboia Lima,29,Tijuca,20521250,-22.931992,-43.234138
Rua,Saboia Lima,17,Tijuca,20521250,-22.931792,-43.234459
Rua,Rodrigo Cabral,116,Parque Columbia,21535420,-22.815605,-43.340551
Rua,Gonzaga,26,Santa Cruz,23550170,-22.933200,-43.696859
Rua,Atacama,106,Campo Grande,23078100,-22.879211,-43.582180
Rua,Mercedes Coelho,75,Santa Cruz,23525100,-22.943513,-43.680902
Rua,Do Caja,218,Penha,21070000,-22.841050,-43.284077
Rua,Do Caja,232,Penha,21070000,-22.841144,-43.284210
Rua,Das Paineiras,485,Jacarepagua,22753992,-22.978203,-43.341442
Rua,Ebroino Uruguai,220,Santo Cristo,20220620,-22.902667,-43.198282
Praia,Das Pitangueiras,481,Pitangueiras,21930360,-22.813498,-43.176533
Rua,Antonio Ravaiole,22,Santa Cruz,23560120,-22.873079,-43.673631
Rua,Antenor da Silveira Junior,0,Parque Anchieta,21635060,-22.831806,-43.416934
Rua,B Quadra 7,15,Realengo,21735354,-22.872350,-43.431003
Rua,Jaruva,27,Anchieta,21630220,-22.826564,-43.416108
Rua,Monte Alto,435,Bangu,21863010,-22.850952,-43.471385
Avenida,Ari Franco,2085,Bangu,21862005,-22.858688,-43.471284
Vila,I,37,Freguesia,21911270,-22.786819,-43.174516
Rua,Portal do Jamelao,7,Paciencia,23587415,-22.926116,-43.624082
Rua,Eufrasio Correa,350,Quintino Bocaiuva,21380180,-22.884642,-43.321301
Rua,Lisboa,74,Penha Circular,21011540,-22.832582,-43.280746
Rua,Lisboa,90,Penha Circular,21011540,-22.832592,-43.281014
Rua,Atacama,142,Campo Grande,23078100,-22.878983,-43.582241
Rua,Atacama,166,Campo Grande,23078100,-22.879181,-43.582172
Rua,Frederico de Albuquerque,86,Higienopolis,21050840,-22.875664,-43.259378
Rua,Felipe,58,Complexo do Alemao,21061610,-22.857716,-43.274155
Beco,2 20,21,Sete,22451400,-22.988496,-43.246193
Rua,Miguelinho,68,Santa Teresa,20240140,-22.917559,-43.192399
Rua,Anibal Benevolo,324,Cidade Nova,20211000,-22.913849,-43.198774
Rua,Pascal,507,Vila da Penha,21221440,-22.845890,-43.310570
Rua,Maranhao,151,Sepetiba,23545260,-22.963433,-43.705681
Rua,Solon Ribeiro,13,Campo Grande,23082220,-22.887890,-43.568547
Rua,Leandro Joaquim,333,Cidade de Deus,22770650,-22.943618,-43.362481
Rua,Rodrigo Cabral,93,Parque Columbia,21535420,-22.815537,-43.340592
Rua,Luis Barbosa,79,Vila Isabel,20560010,-22.914276,-43.250764
Rua,Do Caja,258,Penha,21070000,-22.841367,-43.284430
Rua,Roberto Oswaldo Cruz,127,Anil,22750380,-22.947303,-43.334522
Praia,Das Pitangueiras,457,Pitangueiras,21930360,-22.813804,-43.176602
Rua,Latino Coelho,43,Penha,21070720,-22.843475,-43.271855
Rua,Walter de Moraes,33,Guaratiba,23030446,-22.970933,-43.604393
Rua,Solon Ribeiro,103,Campo Grande,23082220,-22.888293,-43.569265
Rua,Rodrigo Cabral,22,Parque Columbia,21535420,-22.814892,-43.340735
Rua,Monte Alto,465,Bangu,21863010,-22.850675,-43.471420
Rua,Gonzaga,24,Santa Cruz,23550170,-22.933120,-43.696737
Rua,Lisboa,118,Penha Circular,21011540,-22.832465,-43.281219
Rua,Cacapava,314,Grajau,20541350,-22.930282,-43.259837
Rua,Cacapava,316,Grajau,20541350,-22.930321,-43.259954
Rua,Luis Barbosa,85,Vila Isabel,20560010,-22.914130,-43.250796
Rua,Joao de Medeiros,102,Inhoaiba,23063270,-22.896130,-43.595233
Rua,Das Paineiras,585,Jacarepagua,22753992,-22.977804,-43.341710
Rua,Roberto Oswaldo Cruz,13,Anil,22750380,-22.947193,-43.335768
Rua,Baturite,9,Bonsucesso,21040310,-22.863715,-43.253762
Rua,Latino Coelho,55,Penha,21070720,-22.843313,-43.272123
Rua,Latino Coelho,29,Penha,21070720,-22.843545,-43.271663
Rua,Dezessete,252,Mare,21046725,-22.873214,-43.239039
Rua,Jaruva,220,Anchieta,21630220,-22.826764,-43.415905
Rua,Haia,463,Taua,21920180,-22.799126,-43.190455
Rua,De Azambuja,1209,Maria da Graca,20785341,-22.884883,-43.268202
Rua,Do Magistrado,247,Bangu,21840420,-22.872275,-43.475416
Rua,Felipe,31,Complexo do Alemao,21061610,-22.858089,-43.274306
Rua,Frederico Quartarolli,436,Recreio dos Bandeirantes,22795400,-23.024029,-43.480497
Rua,Dos Comerciarios,7,Inhoaiba Nova Cidade,23063610,-22.904717,-43.594239
Rua,Do Caja,304,Penha,21070000,-22.841645,-43.284788
Rua,Das Paineiras,535,Jacarepagua,22753992,-22.978070,-43.341534
Rua,Benedito,775,Santa Cruz,23520790,-22.935146,-43.679219
Rua,Benedito,933,Santa Cruz,23520790,-22.935732,-43.680173
Rua,Latino Coelho,117,Penha,21070720,-22.842958,-43.273594
Rua,Galia,43,Guadalupe,21675050,-22.845531,-43.366391
Rua,Francisca Xavier,16,Santa Cruz,23550283,-22.937751,-43.691716
Rua,Do Caja,110,Penha,21070000,-22.840379,-43.283389
Rua,Do Caja,300,Penha,21070000,-22.841600,-43.284753
Rua,Joao de Medeiros,92,Inhoaiba,23063270,-22.895561,-43.594570
Rua,Miguelinho,98,Santa Teresa,20240140,-22.918028,-43.191416
Rua,Baturite,17,Bonsucesso,21040310,-22.863728,-43.253579
Avenida,Brasil,30915,Padre Miguel,21720001,-22.861866,-43.447791
Rua,Pascal,519,Vila da Penha,21221440,-22.846176,-43.310756
Rua,Latino Coelho,47,Penha,21070720,-22.843406,-43.272053
Rua,Latino Coelho,33,Penha,21070720,-22.843602,-43.271726
Rua,Solon Ribeiro,45,Campo Grande,23082220,-22.888264,-43.568657
Rua,Rodrigo Cabral,146,Parque Columbia,21535420,-22.815711,-43.340448
Rua,Monte Alto,355,Bangu,21863010,-22.851549,-43.470994
Rua,Lisboa,172,Penha Circular,21011540,-22.832165,-43.281594
Rua,Montreal,21,Bangu,23525020,-22.847738,-43.469433
Rua,Miguelinho,74,Santa Teresa,20240140,-22.917633,-43.192085
Rua,Benedito,897,Santa Cruz,23520790,-22.935521,-43.680040
Praia,Das Pitangueiras,489,Pitangueiras,21930360,-22.813540,-43.176536
Rua,Latino Coelho,129,Penha,21070720,-22.842877,-43.273786
Rua,Latino Coelho,1,Penha,21070720,-22.843803,-43.270855
Rua,Saboia Lima,7,Tijuca,20521250,-22.931496,-43.234319
Rua,Leandro Joaquim,327,Cidade de Deus,22770650,-22.943823,-43.362586
Rua,Jaruva,210,Anchieta,21630220,-22.826895,-43.415784
Rua,Francisca Xavier,13,Santa Cruz,23550283,-22.937641,-43.691493
Rua,Frederico de Albuquerque,110,Higienopolis,21050840,-22.874934,-43.259660
Rua,Frederico Quartarolli,180,Recreio dos Bandeirantes,22795400,-23.024293,-43.481408
Rua,Do Caja,336,Penha,21070000,-22.841795,-43.285005
Rua,Das Paineiras,465,Jacarepagua,22753992,-22.978460,-43.341593
Rua,Benedito,893,Santa Cruz,23520790,-22.935553,-43.679973
Rua,Latino Coelho,121,Penha,21070720,-22.842961,-43.273658
Rua,Latino Coelho,7,Penha,21070720,-22.843643,-43.271036
Rua,Maranhao,153,Sepetiba,23545260,-22.963655,-43.705458
Condominio,Figueiras do Itanhanga,204,Muzema,22753030,-22.985541,-43.321508
Rua,Frederico de Albuquerque,90,Higienopolis,21050840,-22.875421,-43.259583
Rua,Ronerto Macedo,530,Campo Grande,23045300,-22.915447,-43.557526
Rua,Do Caja,326,Penha,21070000,-22.841567,-43.285140
Rua,Das Paineiras,495,Jacarepagua,22753992,-22.978168,-43.341357
Rua,Benedito,827,Santa Cruz,23520790,-22.935935,-43.680669
Rua,Lote Nove,26,Santissimo,23098006,-22.864919,-43.512358
Rua,Joaquim da Silveira,170,Recreio dos Bandeirantes,22795491,-23.019838,-43.468414
Rua,Latino Coelho,103,Penha,21070720,-22.842858,-43.273229
Avenida,Lusitania,210,Penha Circular,21011630,-22.829873,-43.279901
Rua,Francisca Xavier,11,Santa Cruz,23550283,-22.937552,-43.691293
Rua,Do Caja,130,Penha,21070000,-22.840495,-43.283493
Rua,Do Caja,208,Penha,21070000,-22.841028,-43.284015
Rua,Do Caja,180,Penha,21070000,-22.840826,-43.283870
Rua,Pinto Teles,923,Praca Seca,21341270,-22.885206,-43.352950
Rua,Maranhao,193,Sepetiba,23545260,-22.963556,-43.705518
Condominio,Figueiras do Itanhanga,200,Muzema,22753030,-22.985357,-43.321161
Condominio,Figueiras do Itanhanga,206,Muzema,22753030,-22.985660,-43.321600
Rua,Lourival Saisse,15,Bangu,21830120,-22.881365,-43.480973
Rua,Jaruva,190,Anchieta,21630220,-22.827174,-43.415630
Rua,Atacama,86,Campo Grande,23078100,-22.879471,-43.582007
Rua,Montreal,19,Bangu,23525020,-22.847805,-43.469348
Travessa,Dos Campeoes,85,Ramos,21040020,-22.854209,-43.253671
Rua,Monte Alegre,417,Santa Teresa,20240194,-22.923190,-43.189416
Rua,Do Caja,160,Penha,21070000,-22.840632,-43.283717
Avenida,Brasil,30885,Padre Miguel,21720001,-22.861911,-43.447683
Rua,Augusto Cardoso,17,Freguesia,22743620,-22.929148,-43.335385
Rua,Ricardo Kirk,63,Santa Cruz,23570180,-22.913303,-43.686328
Rua,Cacapava,306,Grajau,20541350,-22.930096,-43.260136
Rua,Camisao,675,Cordovil,21250290,-22.827016,-43.307527
Rua,Monte das Esmeralda,1,Pedreira,21532240,-22.820667,-43.355545
Rua,Do Caja,350,Penha,21070000,-22.841930,-43.285100
Rua,Miguelinho,54,Santa Teresa,20240140,-22.918283,-43.190845
Rua,Latino Coelho,75,Penha,21070720,-22.843236,-43.272645
Rua,Monte Alto,325,Bangu,21863010,-22.851756,-43.471037
Rua,Cacapava,305,Grajau,20541350,-22.930085,-43.260245
Rua,Estrela Nova,1,Cascadura,21311060,-22.886772,-43.329983
Rua,Do Caja,362,Penha,21070000,-22.842062,-43.285184
Rua,Miguelinho,82,Santa Teresa,20240140,-22.917725,-43.191902
Rua,Roberto Oswaldo Cruz,115,Anil,22750380,-22.947324,-43.334712
Rua,Benedito,863,Santa Cruz,23520790,-22.935418,-43.679762
Praca,Barbosa de Oliveira,1,Madureira,21360300,-22.865063,-43.328558
Beco,1,28,Senador Camara,21832006,-22.887865,-43.488823
Rua,Enio Silveira,42,Barra da Tijuca,22793341,-22.998238,-43.424825
Rua,Francisca Xavier,15,Santa Cruz,23550283,-22.937783,-43.691655
Rua,Cacapava,312,Grajau,20541350,-22.930271,-43.259870
Rua,Montreal,13,Bangu,23525020,-22.847981,-43.469313
Rua,Ceriaco Teixeira,2,Rua Cravolandia,23575060,-22.907965,-43.679678
Beco,1,18,Senador Camara,21832006,-22.887929,-43.488083
Rua,Leandro Joaquim,323,Cidade de Deus,22770650,-22.944010,-43.362684
Rua,Rodrigo Cabral,80,Parque Columbia,21535420,-22.815200,-43.340592
Rua,Jaruva,292,Anchieta,21630220,-22.826399,-43.416248
Rua,Haia,429,Taua,21920180,-22.798875,-43.190515
Rua,Atacama,137,Campo Grande,23078100,-22.879077,-43.582215
Rua,Frederico de Albuquerque,78,Higienopolis,21050840,-22.875703,-43.259395
Rua,Benedito,853,Santa Cruz,23520790,-22.935304,-43.679720
Avenida,Lusitania,216,Penha Circular,21011630,-22.829696,-43.279795
Rua,Dezessete,264,Mare,21046725,-22.873060,-43.239056
Rua,Gonzaga,22,Santa Cruz,23550170,-22.933004,-43.696713
Avenida,Mem de Sa,103,Centro,20230150,-22.912861,-43.183374
Rua,Felipe,45,Complexo do Alemao,21061610,-22.858107,-43.274459
Rua,Joao de Medeiros,90,Inhoaiba,23063270,-22.895534,-43.594510
Rua,Bocaiuva,33,Paciencia,23587610,-22.927153,-43.627631
Rua,Joaquim da Silveira,22,Recreio dos Bandeirantes,22795491,-23.019712,-43.468226
Rua,Antenor da Silveira Junior,128,Parque Anchieta,21635060,-22.831687,-43.416761
Rua,Lisboa,96,Penha Circular,21011540,-22.832401,-43.279509
Rua,Atacama,12,Campo Grande,23078100,-22.879339,-43.582059
Rua,Camisao,707,Cordovil,21250290,-22.827139,-43.307964
Rua,Mercedes Coelho,121,Santa Cruz,23525100,-22.943949,-43.680591
Rua,Monte Alegre,369,Santa Teresa,20240194,-22.922605,-43.189337
Rua,Joao de Medeiros,84,Inhoaiba,23063270,-22.894717,-43.593339
Rua,Roberto Oswaldo Cruz,55,Anil,22750380,-22.947228,-43.335292
Rua,Anibal Benevolo,274,Cidade Nova,20211000,-22.913412,-43.198811
Rua,Latino Coelho,51,Penha,21070720,-22.843398,-43.272160
Rua,Jaruva,25,Anchieta,21630220,-22.826477,-43.416135
Rua,Monte Alto,315,Bangu,21863010,-22.851848,-43.470948
Rua,Gustavo Barroso,0,Centro,20230220,-22.907058,-43.194045
Rua,Atacama,42,Campo Grande,23078100,-22.879800,-43.581866
Rua,Joao de Medeiros,88,Inhoaiba,23063270,-22.895430,-43.594445
Rua,Das Paineiras,545,Jacarepagua,22753992,-22.977949,-43.341689
Rua,Bocaiuva,29,Paciencia,23587610,-22.927135,-43.627581
Rua,Pascal,489,Vila da Penha,21221440,-22.846305,-43.311054
Avenida,Lusitania,212,Penha Circular,21011630,-22.829709,-43.279947
Rua,Cacapava,308,Grajau,20541350,-22.930175,-43.260271
1a Travessa da Rua,Sem Denominacao,33,Pedra de Guaratiba,23026280,-22.991649,-43.638613
Rua,Manoel Pestana,42,Senador Vasconcelos,23010390,-22.893114,-43.518488
Rua,Mercedes Coelho,89,Santa Cruz,23525100,-22.943711,-43.680797
Rua,Pinto,85,Campinho,21341370,-22.886438,-43.342412
Rua,Do Caja,280,Penha,21070000,-22.841483,-43.284642
Rua,Das Paineiras,567,Jacarepagua,22753992,-22.977815,-43.341969
Rua,Francisca Xavier,17,Santa Cruz,23550283,-22.937851,-43.691817
Vila,I,2,Freguesia,21911270,-22.787144,-43.174580
Rua,Camisao,717,Cordovil,21250290,-22.827221,-43.308054
Rua,Benedito,919,Santa Cruz,23520790,-22.935659,-43.680433
Rua,Ebroino Uruguai,218,Santo Cristo,20220620,-22.902650,-43.198276
Praia,Das Pitangueiras,461,Pitangueiras,21930360,-22.813738,-43.176586
Rua,Latino Coelho,11,Penha,21070720,-22.843637,-43.271160
Rua,Leandro Joaquim,331,Cidade de Deus,22770650,-22.943644,-43.362327
Rua,Atacama,98,Campo Grande,23078100,-22.879272,-43.582114
Rua,De Azambuja,1229,Maria da Graca,20785341,-22.884792,-43.268323
Rua,Do Magistrado,245,Bangu,21840420,-22.872199,-43.475359
Rua,Luis Barbosa,75,Vila Isabel,20560010,-22.914352,-43.250626
Rua,Mauro Freitas,40,Santa Cruz,23520367,-22.935496,-43.678647
Rua,Ebroino Uruguai,240,Santo Cristo,20220620,-22.902688,-43.198288
Rua,Latino Coelho,39,Penha,21070720,-22.843518,-43.271892
Rua,Maranhao,115,Sepetiba,23545260,-22.963955,-43.705097
Rua,Teixeira Ribeiro,772,Nova Holanda,21044252,-22.855095,-43.241812
Rua,Monte Alto,415,Bangu,21863010,-22.851129,-43.471327
Rua,Gustavo Barroso,1997,Centro,20230220,-22.906842,-43.193915
Rua,Lisboa,112,Penha Circular,21011540,-22.832484,-43.281073
Rua,De Azambuja,1225,Maria da Graca,20785341,-22.884772,-43.268302
Rua,Monte Alegre,373,Santa Teresa,20240194,-22.922525,-43.189799
Rua,Da Felicidade,58,Nova Conquista,21765680,-22.902273,-43.606228
Rua,Latino Coelho,95,Penha,21070720,-22.843116,-43.273063
Rua,Lourival Saisse,25,Bangu,21830120,-22.881634,-43.480940
Rua,Monte Alto,505,Bangu,21863010,-22.850418,-43.471692
Rua,Mercedes Coelho,61,Santa Cruz,23525100,-22.943411,-43.680953
Rua,Luis Barbosa,77,Vila Isabel,20560010,-22.914340,-43.250702
Rua,Monte das Esmeralda,5,Pedreira,21532240,-22.821059,-43.355530
Rua,Solon Ribeiro,75,Campo Grande,23082220,-22.888218,-43.569081
Rua,Augusto Cardoso,53,Freguesia,22743620,-22.929522,-43.335272
Vila,I,22,Freguesia,21911270,-22.787160,-43.174515
Rua,Anequira,331,Cordovil,21215440,-22.824146,-43.296271
Rua,Felipe,59,Complexo do Alemao,21061610,-22.857631,-43.274173
Rua,Mercedes Coelho,105,Santa Cruz,23525100,-22.943854,-43.680683
Rua,Luis Barbosa,93,Vila Isabel,20560010,-22.913769,-43.250824
Rua,Do Caja,140,Penha,21070000,-22.840770,-43.283636
Rua,Flamengo,73,Santissimo,23098370,-22.871116,-43.508761
Rua,Joao de Medeiros,124,Inhoaiba,23063270,-22.895932,-43.595024
Rua,Latino Coelho,81,Penha,21070720,-22.843045,-43.272909
Rua,Latino Coelho,77,Penha,21070720,-22.843220,-43.272683
Rua,Frederico de Albuquerque,106,Higienopolis,21050840,-22.874980,-43.259662
Rua,Frederico de Albuquerque,102,Higienopolis,21050840,-22.875047,-43.259669
Rua,Camisao,114,Cordovil,21250290,-22.826951,-43.307444
Rua,Mercedes Coelho,45,Santa Cruz,23525100,-22.943194,-43.681079
Rua,Mercedes Coelho,24,Santa Cruz,23525100,-22.944169,-43.680252
Rua,Roberto Oswaldo Cruz,175,Anil,22750380,-22.947380,-43.334257
Rua,Augusto Cardoso,45,Freguesia,22743620,-22.929378,-43.335296
Rua,Lisboa,130,Penha Circular,21011540,-22.832334,-43.281291
Rua,Frederico de Albuquerque,66,Higienopolis,21050840,-22.876071,-43.259214
Rua,Andiras de Abreu,8,Jardim Palmares I,23066080,-22.884105,-43.640501
Rua,Do Magistrado,255,Bangu,21840420,-22.872172,-43.475382
Avenida,Mem de Sa,101,Centro,20230150,-22.912880,-43.183356
Rua,Felipe,49,Complexo do Alemao,21061610,-22.858083,-43.274549
Rua,Mercedes Coelho,53,Santa Cruz,23525100,-22.943294,-43.680999
Travessa,Silverio Tome,52,Caju,20932280,-22.874840,-43.210755
Rua,Pinto,65,Campinho,21341370,-22.886555,-43.342271
Rua,Do Caja,224,Penha,21070000,-22.841120,-43.284179
Rua,Baturite,33,Bonsucesso,21040310,-22.863761,-43.253178
Rua,Anibal Benevolo,298,Cidade Nova,20211000,-22.913643,-43.198778
Rua,Solon Ribeiro,115,Campo Grande,23082220,-22.888351,-43.569379
Condominio,Figueiras do Itanhanga,207,Muzema,22753030,-22.985755,-43.321743
Rua,Rodolfo Teofilo,280,Rio de Janeiro,23073760,-22.888697,-43.594061
Rua,Luis Barbosa,81,Vila Isabel,20560010,-22.914254,-43.250714
Rua,Monte Alegre,395,Santa Teresa,20240194,-22.923222,-43.190151
Rua,Do Caja,244,Penha,21070000,-22.841195,-43.284359
Rua,Miguelinho,86,Santa Teresa,20240140,-22.917556,-43.191787
Praia,Das Pitangueiras,467,Pitangueiras,21930360,-22.813682,-43.176587
Rua,Anibal Benevolo,350,Cidade Nova,20211000,-22.914140,-43.198685
Rua,Maranhao,133,Sepetiba,23545260,-22.963738,-43.705346
Rua,Saboia Lima,3,Tijuca,20521250,-22.931381,-43.234356
Rua,Lourival Saisse,0,Bangu,21830120,-22.882284,-43.480845
Rua,Roberto Oswaldo Cruz,151,Anil,22750380,-22.947418,-43.334382
Rua,Benedito,889,Santa Cruz,23520790,-22.935494,-43.679938
Rua,Benedito,765,Santa Cruz,23520790,-22.935342,-43.679440
Beco,1,22,Senador Camara,21832006,-22.887906,-43.488745
Rua,Pascal,499,Vila da Penha,21221440,-22.846333,-43.310989
Rua,Walter de Moraes,0,Guaratiba,23030446,-22.970899,-43.604340
Rua,Monte Alto,345,Bangu,21863010,-22.851647,-43.470950
Rua,Alcatifa,305,Campo Grande,23082310,-22.885974,-43.570097
Rua,Benedito,785,Santa Cruz,23520790,-22.935124,-43.679540
Rua,Baturite,13,Bonsucesso,21040310,-22.863704,-43.253634
Rua,Pascal,539,Vila da Penha,21221440,-22.846015,-43.310797
Rua,Latino Coelho,89,Penha,21070720,-22.843096,-43.273042
Rua,Latino Coelho,21,Penha,21070720,-22.843580,-43.271546
Rua,Galia,0,Guadalupe,21675050,-22.845966,-43.366449
Rua,Ricardo Kirk,61,Santa Cruz,23570180,-22.913183,-43.685999
Rua,Montreal,23,Bangu,23525020,-22.847816,-43.469325
Rua,Dos Comerciarios,17,Inhoaiba Nova Cidade,23063610,-22.905145,-43.594404
Rua,Pinto,31,Campinho,21341370,-22.886690,-43.341983
Praia,Das Pitangueiras,451,Pitangueiras,21930360,-22.813841,-43.176522
Beco,1,12,Senador Camara,21832006,-22.887740,-43.488295
Rua,Anequira,227,Cordovil,21215440,-22.825217,-43.296401
Rua,Haia,423,Taua,21920180,-22.798892,-43.190573
Rua,Do Magistrado,217,Bangu,21840420,-22.872118,-43.474950
Rua,Ceriaco Teixeira,15,Rua Cravolandia,23575060,-22.907869,-43.679615
Rua,Roberto Oswaldo Cruz,79,Anil,22750380,-22.947296,-43.335039
Rua,Anibal Benevolo,304,Cidade Nova,20211000,-22.913715,-43.198769
Rua,Latino Coelho,101,Penha,21070720,-22.843098,-43.273195
Rua,Solon Ribeiro,65,Campo Grande,23082220,-22.888082,-43.568937
Rua,Lourival Saisse,45,Bangu,21830120,-22.881730,-43.480910
Rua,Augusto Cardoso,27,Freguesia,22743620,-22.929150,-43.335367
Rua,Monte Alto,285,Bangu,21863010,-22.852017,-43.470890
Rua,Monte Alto,495,Bangu,21863010,-22.850498,-43.471622
Rua,Atacama,24,Campo Grande,23078100,-22.880004,-43.581742
Rua,Do Magistrado,184,Bangu,21840420,-22.872270,-43.473574
Avenida,Mem de Sa,107,Centro,20230150,-22.912861,-43.183374
Rua,Felipe,46,Complexo do Alemao,21061610,-22.857612,-43.274141
Rua,Do Caja,266,Penha,21070000,-22.841427,-43.284670
Rua,Joao de Medeiros,86,Inhoaiba,23063270,-22.895397,-43.594369
Rua,Miguelinho,70,Santa Teresa,20240140,-22.917607,-43.192216
Rua,Bocaiuva,35,Paciencia,23587610,-22.927407,-43.627481
Rua,Augusto Cardoso,37,Freguesia,22743620,-22.929220,-43.335320
Rua,Monte Alto,385,Bangu,21863010,-22.851307,-43.471180
Rua,Joaquim da Silveira,315,Recreio dos Bandeirantes,22795491,-23.019753,-43.468127
Condominio,Figueiras do Itanhanga,64,Muzema,22753030,-22.985791,-43.321738
Rua,Marcelo Garcia,40,Itanhanga,22641574,-22.986305,-43.306262
Rua,Anequira,167,Cordovil,21215440,-22.825488,-43.296432
Rua,Monte Alegre,377,Santa Teresa,20240194,-22.922627,-43.189781
Rua,Benedito,911,Santa Cruz,23520790,-22.935651,-43.680092
Rua,Latino Coelho,71,Penha,21070720,-22.843289,-43.272608
Rua,Lourival Saisse,65,Bangu,21830120,-22.881872,-43.480848
Rua,Anequira,313,Cordovil,21215440,-22.824382,-43.296268
Rua,Manoel Pestana,40,Senador Vasconcelos,23010390,-22.892835,-43.518587
Rua,Frederico Quartarolli,466,Recreio dos Bandeirantes,22795400,-23.023972,-43.480750
Rua,Do Caja,190,Penha,21070000,-22.840881,-43.283939
Rua,Joao de Medeiros,94,Inhoaiba,23063270,-22.895648,-43.594574
Rua,Anibal Benevolo,278,Cidade Nova,20211000,-22.913428,-43.198788
Rua,Dezessete,258,Mare,21046725,-22.873126,-43.239048
Rua,Lourival Saisse,75,Bangu,21830120,-22.881909,-43.480966
Alameda,Das Hortencias,18,Parque da Cidade,22451250,-22.982172,-43.241123
Rua,Anequira,303,Cordovil,21215440,-22.824511,-43.296316
Rua,Haia,455,Taua,21920180,-22.799078,-43.190396
Rua,Ronerto Macedo,520,Campo Grande,23045300,-22.915196,-43.557900
Rua,Flamengo,4,Santissimo,23098370,-22.870859,-43.508636
Rua,Miguelinho,96,Santa Teresa,20240140,-22.918003,-43.191323
Praia,Das Pitangueiras,471,Pitangueiras,21930360,-22.813498,-43.176533
Rua,Maranhao,143,Sepetiba,23545260,-22.963701,-43.705320
Rua,Rodrigo Cabral,32,Parque Columbia,21535420,-22.814957,-43.340694
Rua,Augusto Cardoso,77,Freguesia,22743620,-22.929596,-43.335317
Rua,Do Caja,294,Penha,21070000,-22.841532,-43.284719
Rua,Das Paineiras,565,Jacarepagua,22753992,-22.977846,-43.341634
Rua,Roberto Oswaldo Cruz,139,Anil,22750380,-22.947439,-43.334449
Rua,Baturite,19,Bonsucesso,21040310,-22.863643,-43.253329
Rua,Latino Coelho,37,Penha,21070720,-22.843491,-43.271700
Rua,Teixeira Ribeiro,774,Nova Holanda,21044252,-22.855151,-43.241603
Rua,Leandro Joaquim,335,Cidade de Deus,22770650,-22.943516,-43.362559
Rua,Monte Alto,425,Bangu,21863010,-22.850984,-43.471346
Rua,Gonzaga,21,Santa Cruz,23550170,-22.932950,-43.696654
Rua,Manoel Pestana,34,Senador Vasconcelos,23010390,-22.892006,-43.518987
Beco,2 20,1,Sete,22451400,-22.988496,-43.246193
Rua,Do Caja,198,Penha,21070000,-22.840891,-43.283992
Rua,Do Caja,100,Penha,21070000,-22.840319,-43.283229
Rua,Ari Chagas,450,Sepetiba,23540000,-22.972870,-43.702518
Rua,Pinto Teles,989,Praca Seca,21341270,-22.884783,-43.353867
Rua,Das Paineiras,515,Jacarepagua,22753992,-22.978033,-43.341514
Rua,Lote Nove,70,Santissimo,23098006,-22.865361,-43.513293
Rua,Anibal Benevolo,288,Cidade Nova,20211000,-22.913564,-43.198724
Rua,Anequira,141,Cordovil,21215440,-22.825787,-43.296455
Rua,Lisboa,48,Penha Circular,21011540,-22.832766,-43.280563
Rua,Manoel Pestana,93,Senador Vasconcelos,23010390,-22.892614,-43.518765
Rua,Monte Alegre,393,Santa Teresa,20240194,-22.923068,-43.189948
Avenida,Brasil,30925,Padre Miguel,21720001,-22.861924,-43.447992
Rua,Anibal Benevolo,284,Cidade Nova,20211000,-22.913502,-43.198819
Rua,Solon Ribeiro,73,Campo Grande,23082220,-22.888208,-43.568961
Alameda,Das Hortencias,14,Parque da Cidade,22451250,-22.981512,-43.241179
Rua,Frederico de Albuquerque,98,Higienopolis,21050840,-22.875286,-43.259562
Rua,Mercedes Coelho,69,Santa Cruz,23525100,-22.943458,-43.680925
Rua,Luis Barbosa,95,Vila Isabel,20560010,-22.913687,-43.250817
Rua,Lote Nove,28,Santissimo,23098006,-22.865013,-43.512183
Rua,Enio Silveira,70,Barra da Tijuca,22793341,-22.998172,-43.424794
Rua,Francisca Xavier,10,Santa Cruz,23550283,-22.937560,-43.691215
Rua,Anequira,0,Cordovil,21215440,-22.824820,-43.296354
Rua,Lisboa,152,Penha Circular,21011540,-22.832285,-43.281453
Rua,Rodolfo Teofilo,8,Rio de Janeiro,23073760,-22.888747,-43.593743
Rua,Ari Chagas,452,Sepetiba,23540000,-22.972807,-43.702372
Rua,Miguelinho,88,Santa Teresa,20240140,-22.917817,-43.191780
Rua,Benedito,871,Santa Cruz,23520790,-22.935492,-43.679975
Rua,Domingos Alves Meira,603,Praia da Brisa,23028030,-22.977814,-43.665731
Rua,Jaruva,298,Anchieta,21630220,-22.826155,-43.416395
Rua,Camisao,699,Cordovil,21250290,-22.827085,-43.307810
Rua,Camisao,687,Cordovil,21250290,-22.827347,-43.307582
Rua,Monte Alegre,359,Santa Teresa,20240194,-22.922313,-43.189934
Rua,Monte Alegre,367,Santa Teresa,20240194,-22.922401,-43.189831
Rua,Frederico Quartarolli,394,Recreio dos Bandeirantes,22795400,-23.023917,-43.480115
Rua,Dos Comerciarios,15,Inhoaiba Nova Cidade,23063610,-22.905069,-43.594324
Rua,Miguelinho,58,Santa Teresa,20240140,-22.917397,-43.192448
Rua,Roberto Oswaldo Cruz,43,Anil,22750380,-22.947173,-43.335426
Rua,Benedito,977,Santa Cruz,23520790,-22.935933,-43.680681
Beco,1,20,Senador Camara,21832006,-22.888032,-43.488212
Rua,Anibal Benevolo,310,Cidade Nova,20211000,-22.913767,-43.198783
Rua,Latino Coelho,125,Penha,21070720,-22.842928,-43.273779
Condominio,Figueiras do Itanhanga,171,Muzema,22753030,-22.986265,-43.321422
Rua,Eufrasio Correa,68,Quintino Bocaiuva,21380180,-22.884948,-43.320900
Rua,Dos Comerciarios,13,Inhoaiba Nova Cidade,23063610,-22.904976,-43.594352
Rua,Joao de Medeiros,114,Inhoaiba,23063270,-22.896311,-43.595409
Rua,Anibal Benevolo,330,Cidade Nova,20211000,-22.913987,-43.198697
Rua,Rodrigo Cabral,68,Parque Columbia,21535420,-22.815025,-43.340681
Rua,Rodrigo Cabral,11,Parque Columbia,21535420,-22.814649,-43.340688
Rua,Atacama,76,Campo Grande,23078100,-22.879542,-43.581968
Rua,Felipe,52,Complexo do Alemao,21061610,-22.857729,-43.274033
Rua,Do Caja,76,Penha,21070000,-22.840139,-43.283226
Rua,Miguelinho,90,Santa Teresa,20240140,-22.917862,-43.191405
Rua,Roberto Oswaldo Cruz,91,Anil,22750380,-22.947331,-43.334969
Rua,Anibal Benevolo,316,Cidade Nova,20211000,-22.913832,-43.198708
Rua,Grimaldo,23,Santa Cruz,23575270,-22.879025,-43.657524
Rua,Portal do Jamelao,45,Paciencia,23587415,-22.926065,-43.624528
Rua,Mercedes Coelho,97,Santa Cruz,23525100,-22.943768,-43.680706
Rua,Lote Nove,27,Santissimo,23098006,-22.864796,-43.512469
Beco,2 20,9,Sete,22451400,-22.988496,-43.246193
Rua,Anequira,243,Cordovil,21215440,-22.824728,-43.296347
Rua,Senador,21,Rio de Janeiro,23075007,-22.883418,-43.591747
Rua,Lisboa,82,Penha Circular,21011540,-22.832418,-43.279501
Rua,Frederico Quartarolli,500,Recreio dos Bandeirantes,22795400,-23.024157,-43.481079
Rua,Pinto Teles,913,Praca Seca,21341270,-22.885383,-43.352870
Rua,Roberto Oswaldo Cruz,67,Anil,22750380,-22.947241,-43.335148
Rua,Walter de Moraes,34,Guaratiba,23030446,-22.970936,-43.604140
Rua,Godofredo Cunha,109,Vila da Penha,21211220,-22.839215,-43.307326
Rua,Mercedes Coelho,81,Santa Cruz,23525100,-22.943598,-43.680847
Rua,Mercedes Coelho,129,Santa Cruz,23525100,-22.944041,-43.680530
Rua,Do Caja,32,Penha,21070000,-22.839855,-43.282750
Rua,Baturite,128,Bonsucesso,21040310,-22.863633,-43.253909
Rua,Walter de Moraes,32,Guaratiba,23030446,-22.970917,-43.604453
Rua,Grimaldo,7,Santa Cruz,23575270,-22.879341,-43.657886
Rua,Atacama,20,Campo Grande,23078100,-22.878608,-43.582398
Rua,Ronerto Macedo,526,Campo Grande,23045300,-22.915402,-43.557992
Rua,Dos Comerciarios,3,Inhoaiba Nova Cidade,23063610,-22.904483,-43.594214
Rua,Monte Alegre,389,Santa Teresa,20240194,-22.923042,-43.189964
Rua,Frederico Quartarolli,408,Recreio dos Bandeirantes,22795400,-23.023960,-43.480225
Praia,Das Pitangueiras,499,Pitangueiras,21930360,-22.813456,-43.176411
Avenida,Bartolomeu Mitre,117,Rio de Janeiro,22431008,-22.980599,-43.224503
Rua,Latino Coelho,73,Penha,21070720,-22.843323,-43.272524
Rua,Do Caja,88,Penha,21070000,-22.840247,-43.283268
Rua,Gonzaga,20,Santa Cruz,23550170,-22.932948,-43.696599
Rua,Lisboa,104,Penha Circular,21011540,-22.832471,-43.281085
Rua,Felipe,18,Complexo do Alemao,21061610,-22.858037,-43.274323
Rua,Luis Barbosa,73,Vila Isabel,20560010,-22.914433,-43.250657
Rua,Solon Ribeiro,93,Campo Grande,23082220,-22.888266,-43.569116
Rua,Augusto Cardoso,47,Freguesia,22743620,-22.929325,-43.335326
Rua,Grimaldo,11,Santa Cruz,23575270,-22.878964,-43.657964
Alameda,Das Hortencias,0,Parque da Cidade,22451250,-22.982172,-43.241123
Rua,Atacama,32,Campo Grande,23078100,-22.880052,-43.581706
Rua,Rodolfo Teofilo,6,Rio de Janeiro,23073760,-22.888673,-43.593903
Rua,Roberto Oswaldo Cruz,103,Anil,22750380,-22.947294,-43.334777
Beco,1,6,Senador Camara,21832006,-22.887923,-43.488050
Rua,Latino Coelho,63,Penha,21070720,-22.843372,-43.272421
Alameda,Das Hortencias,16,Parque da Cidade,22451250,-22.981512,-43.241179
Rua,Ronerto Macedo,610,Campo Grande,23045300,-22.914960,-43.557692
Rua,Luis Barbosa,99,Vila Isabel,20560010,-22.913547,-43.250734
Rua,Julia Cortines,47,Engenho da Rainha,20761200,-22.869879,-43.294928
Rua,Lopes Trovao,494,Benfica,20920340,-22.893900,-43.232942
Rua,Octavio de Resende,1010,Freguesia,22743650,-22.930626,-43.334239
Rua,Airton Senna,40,Santa Cruz,23570000,-22.908299,-43.691697
Rua,Projetada,131,Penha Circular,20972480,-22.835569,-43.286956
Rua,Abageru,21,Vila Kosmos,21220160,-22.855571,-43.306740
Rua,Abageru,19,Vila Kosmos,21220160,-22.855615,-43.306672
Rua,Abageru,17,Vila Kosmos,21220160,-22.855644,-43.306835
Rua,Moises Santana,55,Turiacu,21540300,-22.860841,-43.341148
Rua,Moises Santana,299,Turiacu,21540300,-22.861581,-43.341648
Rua,Moises Santana,21,Turiacu,21540300,-22.861871,-43.342081
Estrada,Vitor Dumas,2006,Santa Cruz,23550570,-22.938671,-43.698816
Estrada,Vitor Dumas,2008,Santa Cruz,23550570,-22.938723,-43.698390
Rua,Chrisostomo Pimentel de Oliveira,1073,Anchieta,21645521,-22.816818,-43.390821
Rua,Aristides Caire,194,Meier,20775090,-22.897143,-43.275816
Rua,Aristides Caire,198,Meier,20775090,-22.897144,-43.275874
Rua,Aristides Caire,126,Meier,20775090,-22.898215,-43.277005
Rua,Iguaracu,504,Cosmos,23060430,-22.907531,-43.612532
Rua,Iguaracu,516,Cosmos,23060430,-22.907426,-43.612553
Rua,Iguaracu,630,Cosmos,23060430,-22.906311,-43.612382
Rua,Iguaracu,676,Cosmos,23060430,-22.905969,-43.612333
Rua,Iguaracu,748,Cosmos,23060430,-22.905350,-43.612273
Rua,Iguaracu,856,Cosmos,23060430,-22.903865,-43.612111
Rua,Iguaracu,1004,Cosmos,23060430,-22.903024,-43.612064
Rua,Iguaracu,1050,Cosmos,23060430,-22.902679,-43.612035
Rua,Iguaracu,1086,Cosmos,23060430,-22.902279,-43.612030
Rua,Iguaracu,1110,Cosmos,23060430,-22.902092,-43.611916
Rua,Iguaracu,1134,Cosmos,23060430,-22.901913,-43.611913
Rua,Iguaracu,1148,Cosmos,23060430,-22.901756,-43.611924
Rua,Camisao,2,Cordovil,21250290,-22.824165,-43.301759
Rua,Camisao,40,Cordovil,21250290,-22.824369,-43.302174
Rua,Camisao,48,Cordovil,21250290,-22.824394,-43.302222
Rua,Camisao,66,Cordovil,21250290,-22.824499,-43.302339
Rua,Camisao,94,Cordovil,21250290,-22.824578,-43.302636
Rua,Camisao,106,Cordovil,21250290,-22.824667,-43.302714
Rua,Camisao,130,Cordovil,21250290,-22.824723,-43.302976
Rua,Camisao,164,Cordovil,21250290,-22.824864,-43.303223
Rua,Chrisostomo Pimentel de Oliveira,1053,Anchieta,21645521,-22.815436,-43.391995
Rua,Calheiros da Graca,16,Todos Os Santos,20735190,-22.898136,-43.283921
Rua,Calheiros da Graca,6,Todos Os Santos,20735190,-22.898080,-43.283975
Rua,Calheiros da Graca,22,Todos Os Santos,20735190,-22.898272,-43.283976
Rua,Da Feira,191,Bangu,21820030,-22.880214,-43.468447
Estrada,Dos Gouveias,32,Paciencia,23587415,-22.925197,-43.625835
Travessa,Gola,2,Cidade de Deus,22773690,-22.950468,-43.365662
Rua,Muriaca,220,Costa Barros,21650340,-22.826065,-43.375394
Rua,Omar Fontoura,173,Coelho Neto,21530050,-22.830167,-43.351696
Travessa,Ururai,417,Parque Bela Vista,21511420,-22.837173,-43.358563
Travessa,Gola,14,Cidade de Deus,22773690,-22.950717,-43.366022
Travessa,Gola,18,Cidade de Deus,22773690,-22.950744,-43.366024
Rua,Bento Affonso Rubiao,1003,Vidigal,22452693,-22.995697,-43.243485
Rua,A,1212,Santa Cruz,23550570,-22.933214,-43.704667
Rua,Isolina,230,Meier,20710070,-22.906265,-43.279255
Rua,Isolina,236,Meier,20710070,-22.906223,-43.279296
Rua,Isolina,358,Meier,20710070,-22.907218,-43.280074
Rua,Isolina,348,Meier,20710070,-22.906384,-43.279467
Rua,Isolina,268,Meier,20710070,-22.906462,-43.279625
Rua,Isolina,354,Meier,20710070,-22.907145,-43.280075
Rua,Isolina,208,Meier,20710070,-22.906156,-43.279124
Rua,Isolina,244,Meier,20710070,-22.906361,-43.279343
Rua,Isolina,254,Meier,20710070,-22.906365,-43.279486
Rua,Bento Affonso Rubiao,881,Vidigal,22452693,-22.996048,-43.243938
Rua,Bento Affonso Rubiao,879,Vidigal,22452693,-22.996072,-43.244014
Rua,Bento Affonso Rubiao,875,Vidigal,22452693,-22.996243,-43.244388
Rua,Vale Verde,46,Guaratiba,23035200,-22.946534,-43.591949
Rua,Vale Verde,48,Guaratiba,23035200,-22.946405,-43.592215
Rua,Omar Fontoura,41,Coelho Neto,21530050,-22.830409,-43.352652
Rua,Omar Fontoura,69,Coelho Neto,21530050,-22.830341,-43.352497
Rua,Omar Fontoura,99,Coelho Neto,21530050,-22.830063,-43.352433
Rua,Omar Fontoura,131,Coelho Neto,21530050,-22.829959,-43.351726
Rua,Omar Fontoura,151,Coelho Neto,21530050,-22.830018,-43.351486
Rua,Frederico Quartarolli,211,Recreio dos Bandeirantes,22795400,-23.024244,-43.480906
Rua,Frederico Quartarolli,90,Recreio dos Bandeirantes,22795400,-23.023875,-43.479938
Travessa,Cinco,29,Senador Camara,23010720,-22.878785,-43.506151
Rua,Maniva,100,Morro do Cha,23570540,-22.911569,-43.674180
Rua,Maniva,0,Morro do Cha,23570540,-22.912136,-43.674297
Rua,Maniva,26,Morro do Cha,23570540,-22.911159,-43.674149
Rua,Roma,531,Lins de Vasconcelos,20710270,-22.907222,-43.276102
Rua,Roma,525,Lins de Vasconcelos,20710270,-22.908109,-43.275516
Rua,Roma,365,Lins de Vasconcelos,20710270,-22.908455,-43.275393
Rua,Roma,377,Lins de Vasconcelos,20710270,-22.908283,-43.275383
Rua,Pompeu Loureiro,68,Copacabana,22061000,-22.973900,-43.192750
Rua,Das Camelias,360,Vila Valqueire,21330200,-22.880660,-43.366788
Rua,Das Camelias,526,Vila Valqueire,21330200,-22.882281,-43.367401
Rua,Das Camelias,364,Vila Valqueire,21330200,-22.880800,-43.366876
Avenida,Joao Xxiii,7,Vidigal,22452340,-22.997041,-43.241521
Praia,De Botafogo,515,Botafogo,22250040,-22.950917,-43.181396
Rua,Marupiara,188,Rocha Miranda,21510210,-22.841351,-43.347372
Rua,Marupiara,248,Rocha Miranda,21510210,-22.841406,-43.346701
Rua,Marupiara,276,Rocha Miranda,21510210,-22.841365,-43.346529
Rua,Marupiara,366,Rocha Miranda,21510210,-22.841414,-43.345618
Rua,Marupiara,124,Rocha Miranda,21510210,-22.841397,-43.348042
Rua,Marupiara,410,Rocha Miranda,21510210,-22.841431,-43.345147
Condominio,Figueiras do Itanhanga,55,Muzema,22753030,-22.986553,-43.322224
Rua,Castro Rabelo,65,Campo Grande,23067440,-22.881701,-43.615732
Beco,Do N 220,220,Vila 199,22451262,-22.987311,-43.242587
Rua,Pedro Gomes,83,Realengo,21715050,-22.885089,-43.435147
Rua,Pedro Gomes,81,Realengo,21715050,-22.885078,-43.435091
Rua,Pedro Gomes,79,Realengo,21715050,-22.885189,-43.435136
Rua,De Bonfim,1318,Tijuca,20530003,-22.945704,-43.255481
Rua,De Bonfim,1322,Tijuca,20530003,-22.946017,-43.255761
Rua,De Bonfim,1326,Tijuca,20530003,-22.945357,-43.255947
Condominio,Figueiras do Itanhanga,59,Muzema,22753030,-22.986327,-43.321901
Condominio,Figueiras do Itanhanga,79,Muzema,22753030,-22.986368,-43.321957
Condominio,Figueiras do Itanhanga,78,Muzema,22753030,-22.985600,-43.321321
Condominio,Figueiras do Itanhanga,192,Muzema,22753030,-22.986861,-43.321538
Condominio,Figueiras do Itanhanga,189,Muzema,22753030,-22.986224,-43.321139
Condominio,Figueiras do Itanhanga,186,Muzema,22753030,-22.986137,-43.321006
Rua,Figueiredo Pimentel,219,Piedade,20751200,-22.882971,-43.306239
Rua,Figueiredo Pimentel,209,Piedade,20751200,-22.882973,-43.306072
Rua,Marupiara,52,Rocha Miranda,21510210,-22.841335,-43.348829
Rua,Marupiara,56,Rocha Miranda,21510210,-22.841317,-43.348705
Rua,Marupiara,60,Rocha Miranda,21510210,-22.841330,-43.348592
Rua,Marupiara,140,Rocha Miranda,21510210,-22.841334,-43.347872
Rua,De Bonfim,1328,Tijuca,20530003,-22.946240,-43.256066
Rua,Aguiar,11,Tijuca,20261120,-22.922440,-43.221612
Rua,Dezesseis,99,Liberdade Sta Cruz,23560590,-22.900246,-43.709659
Rua,Aguiar,47,Tijuca,20261120,-22.923686,-43.220889
Rua,Aguiar,33,Tijuca,20261120,-22.923384,-43.221263
Rua,Aguiar,15,Tijuca,20261120,-22.922352,-43.221766
Rua,De Bonfim,1304,Tijuca,20530003,-22.946342,-43.257578
Rua,De Bonfim,1306,Tijuca,20530003,-22.945449,-43.254799
Rua,De Bonfim,1310,Tijuca,20530003,-22.945552,-43.255312
Rua,Iriguacu,397,Bangu,21862030,-22.869877,-43.465777
Rua,Pedro Gomes,61,Realengo,21715050,-22.884720,-43.434638
Rua,Pedro Gomes,59,Realengo,21715050,-22.884349,-43.434404
Rua,Pedro Gomes,7,Realengo,21715050,-22.884515,-43.433106
Rua,Pedro Gomes,87,Realengo,21715050,-22.884950,-43.435352
Rua,Cordeiro do Rio,6,Taquara,22775450,-22.949371,-43.376297
Rua,Cordeiro do Rio,7,Taquara,22775450,-22.949351,-43.376321
Rua,Pedro Gomes,85,Realengo,21715050,-22.884943,-43.435230
Rua,Pedro Gomes,75,Realengo,21715050,-22.884293,-43.434720
Rua,Pedro Gomes,73,Realengo,21715050,-22.884460,-43.434561
Rua,Marape,38,Pedreira,21515240,-22.823706,-43.360362
Rua,Marape,36,Pedreira,21515240,-22.823902,-43.360508
Rua,Marape,40,Pedreira,21515240,-22.823909,-43.360571
Rua,Marape,50,Pedreira,21515240,-22.823550,-43.360844
Rua,Iriguacu,495,Bangu,21862030,-22.869056,-43.465925
Estrada,Dos Gouveias,29,Paciencia,23587415,-22.925054,-43.625698
Estrada,Dos Gouveias,20,Paciencia,23587415,-22.924557,-43.625306
Estrada,Dos Gouveias,37,Paciencia,23587415,-22.925569,-43.626079
Rua,Jujuba,63,Bangu,21865260,-22.849479,-43.462755
Rua,Jujuba,39,Bangu,21865260,-22.849690,-43.462805
Rua,Jujuba,21,Bangu,21865260,-22.849772,-43.462942
Beco,Esperanca Rua B,3,Rio da Prata,23595080,-22.921930,-43.512957
Rua,Tiboim,448,Bras de Pina,21011650,-22.827662,-43.283151
Rua,Tiboim,458,Bras de Pina,21011650,-22.827646,-43.282941
Rua,Tiboim,466,Bras de Pina,21011650,-22.827521,-43.282849
Quadra,Sete Travessa 6,148,Bangu,21863425,-22.849660,-43.468921
Rua,Jose Machado,29,Iraja,21361360,-22.853138,-43.329567
Rua,Raimundo Rufino,27,Botafogo,22260140,-22.948305,-43.193248
Rua,Jose Machado,57,Iraja,21361360,-22.852993,-43.330356
Rua,Jose Machado,55,Iraja,21361360,-22.853007,-43.330251
Rua,Jose Machado,37,Iraja,21361360,-22.853235,-43.329817
Rua,Jose Machado,33,Iraja,21361360,-22.853160,-43.329700
Lote,27 Quadra 3,42,Gardenia Azul,22763627,-22.964489,-43.348222
Lote,27 Quadra 3,41,Gardenia Azul,22763627,-22.964414,-43.348255
Lote,27 Quadra 3,40,Gardenia Azul,22763627,-22.964228,-43.348320
Lote,27 Quadra 3,39,Gardenia Azul,22763627,-22.964308,-43.348277
Lote,27 Quadra 3,36,Gardenia Azul,22763627,-22.964029,-43.348272
Lote,27 Quadra 3,35,Gardenia Azul,22763627,-22.963952,-43.348262
Lote,27 Quadra 3,3,Gardenia Azul,22763627,-22.963630,-43.348131
Rua,Iriguacu,675,Bangu,21862030,-22.867234,-43.465821
Rua,Iriguacu,687,Bangu,21862030,-22.867323,-43.465876
Rua,Iriguacu,661,Bangu,21862030,-22.867507,-43.465986
Rua,Iriguacu,641,Bangu,21862030,-22.867630,-43.465860
Rua,1,500,Mato Alto,23555240,-22.973509,-43.592889
Rua,Cajaiba,58,Padre Miguel,21715390,-22.877744,-43.445814
Rua,Mairink Veiga,11,Centro,20090050,-22.899388,-43.180411
Rua,Cordeiro do Rio,2,Taquara,22775450,-22.949276,-43.376482
Rua,Marupiara,150,Rocha Miranda,21510210,-22.841387,-43.347636
Rua,Marape,48,Pedreira,21515240,-22.823616,-43.360819
Rua,Dezesseis,131,Liberdade Sta Cruz,23560590,-22.900120,-43.709956
Rua,Iguaracu,1038,Cosmos,23060430,-22.902929,-43.611955
Rua,Iguaracu,818,Cosmos,23060430,-22.904687,-43.612190
Rua,Aristides Caire,158,Meier,20775090,-22.897739,-43.276531
Rua,Camisao,146,Cordovil,21250290,-22.824758,-43.303077
Rua,Da Feira,185,Bangu,21820030,-22.881021,-43.468596
Rua,Muriaca,230,Costa Barros,21650340,-22.826211,-43.375344
Rua,Abageru,25,Vila Kosmos,21220160,-22.855422,-43.306775
Rua,Iriguacu,631,Bangu,21862030,-22.867769,-43.465915
Rua,Marupiara,304,Rocha Miranda,21510210,-22.841388,-43.346220
Rua,Marupiara,348,Rocha Miranda,21510210,-22.841391,-43.345714
Rua,Marape,44,Pedreira,21515240,-22.823727,-43.360717
Condominio,Figueiras do Itanhanga,190,Muzema,22753030,-22.986321,-43.322061
Quadra,Sete Travessa 6,146,Bangu,21863425,-22.849756,-43.469004
Rua,Iguaracu,1064,Cosmos,23060430,-22.902513,-43.611949
Rua,Iguaracu,480,Cosmos,23060430,-22.907767,-43.612598
Rua,Iguaracu,610,Cosmos,23060430,-22.906578,-43.612620
Rua,Goeldi,278,Iraja,21230055,-22.820677,-43.331663
Rua,Camisao,369,Cordovil,21250290,-22.824947,-43.303570
Rua,Muriaca,240,Costa Barros,21650340,-22.826249,-43.375100
Rua,Raimundo Rufino,0,Botafogo,22260140,-22.948255,-43.193504
Rua,Flammarion,149,Guarabu,21921480,-22.803085,-43.190984
Rua,Pedro Gomes,317,Realengo,21715050,-22.884167,-43.435709
Rua,Marupiara,42,Rocha Miranda,21510210,-22.841378,-43.348816
Rua,Oliveira Alvares,3,Iraja,21235160,-22.843968,-43.330121
Rua,Das Camelias,490,Vila Valqueire,21330200,-22.881882,-43.366980
Beco,Esperanca Rua B,4,Rio da Prata,23595080,-22.921385,-43.512764
Rua,Odilio Bacelar,44,Urca,22290280,-22.953503,-43.167464
Travessa,Gola,10,Cidade de Deus,22773690,-22.950710,-43.365903
Rua,Marieta Neumann,125,Jardim Monteiro,23036170,-22.941263,-43.574363
Rua,Iguaracu,990,Cosmos,23060430,-22.903145,-43.612082
Rua,Iguaracu,808,Cosmos,23060430,-22.904743,-43.611992
Rua,Iguaracu,656,Cosmos,23060430,-22.906256,-43.612327
Rua,Aristides Caire,202,Meier,20775090,-22.897049,-43.275827
Rua,Bento Affonso Rubiao,885,Vidigal,22452693,-22.995937,-43.243655
Rua,Frederico Quartarolli,310,Recreio dos Bandeirantes,22795400,-23.023469,-43.480341
Lote,27 Quadra 3,44,Gardenia Azul,22763627,-22.964615,-43.348406
Rua,Pedro Gomes,9,Realengo,21715050,-22.884426,-43.433018
Rua,Iriguacu,613,Bangu,21862030,-22.867978,-43.465905
Rua,Iriguacu,451,Bangu,21862030,-22.869475,-43.465852
Rua,Castro Rabelo,115,Campo Grande,23067440,-22.881723,-43.615623
Rua,Das Camelias,498,Vila Valqueire,21330200,-22.882031,-43.367038
Rua,Iguaracu,1076,Cosmos,23060430,-22.902415,-43.611962
Rua,Iguaracu,576,Cosmos,23060430,-22.906922,-43.612479
Rua,Iguaracu,588,Cosmos,23060430,-22.906829,-43.612404
Praca,Charruas,211,Realengo,21765480,-22.893926,-43.435567
Lote,27 Quadra 3,43,Gardenia Azul,22763627,-22.964523,-43.348284
Lote,27 Quadra 3,38,Gardenia Azul,22763627,-22.964159,-43.348347
Rua,Muriaca,27,Costa Barros,21650340,-22.825631,-43.375671
Rua,Isolina,276,Meier,20710070,-22.906624,-43.279666
Rua,Pedro Gomes,57,Realengo,21715050,-22.884337,-43.434363
Rua,Fernandes Sampaio,211,Jardim Sulacap,21741200,-22.888579,-43.394421
Rua,Iriguacu,423,Bangu,21862030,-22.869657,-43.465798
Rua,Marupiara,258,Rocha Miranda,21510210,-22.841357,-43.346652
Condominio,Figueiras do Itanhanga,185,Muzema,22753030,-22.985246,-43.321024
Rua,Portal do Jamelao,28,Paciencia,23587415,-22.926562,-43.623811
Rua,Iguaracu,892,Cosmos,23060430,-22.903996,-43.612425
Rua,Iguaracu,540,Cosmos,23060430,-22.907034,-43.612442
Rua,Iguaracu,600,Cosmos,23060430,-22.906633,-43.612472
Estrada,Dos Gouveias,38,Paciencia,23587415,-22.925712,-43.626182
Rua,Aristides Caire,164,Meier,20775090,-22.897701,-43.276579
Rua,Tiboim,474,Bras de Pina,21011650,-22.827527,-43.282869
Rua,Tiboim,490,Bras de Pina,21011650,-22.827335,-43.282683
Rua,Frederico Quartarolli,411,Recreio dos Bandeirantes,22795400,-23.024214,-43.480894
Rua,Muriaca,210,Costa Barros,21650340,-22.825907,-43.375502
Rua,Das Camelias,398,Vila Valqueire,21330200,-22.881004,-43.366941
Rua,Odilio Bacelar,38,Urca,22290280,-22.953372,-43.167760
Rua,Cajaiba,68,Padre Miguel,21715390,-22.878524,-43.445784
Rua,Iguaracu,954,Cosmos,23060430,-22.903489,-43.612071
Estrada,Dos Gouveias,33,Paciencia,23587415,-22.925302,-43.625900
Rua,Aristides Caire,172,Meier,20775090,-22.897873,-43.276417
Rua,Camisao,136,Cordovil,21250290,-22.824764,-43.303016
Rua,Jujuba,33,Bangu,21865260,-22.849697,-43.462846
Rua,Frederico Quartarolli,300,Recreio dos Bandeirantes,22795400,-23.024105,-43.480564
Rua,Da Feira,233,Bangu,21820030,-22.880351,-43.468572
Avenida,Meriti,2,Cordovil,21250141,-22.828666,-43.309908
Rua,Marupiara,474,Rocha Miranda,21510210,-22.841348,-43.344646
Avenida,Lucio Costa,1976,Barra da Tijuca,22620172,-23.013148,-43.316157
Rua,Cajaiba,96,Padre Miguel,21715390,-22.878006,-43.445813
Rua,Iguaracu,1026,Cosmos,23060430,-22.902747,-43.612048
Rua,Aristides Caire,152,Meier,20775090,-22.897821,-43.276595
Rua,Jujuba,45,Bangu,21865260,-22.849615,-43.462758
Rua,Jujuba,27,Bangu,21865260,-22.849799,-43.462880
Rua,Raimundo Rufino,29,Botafogo,22260140,-22.947733,-43.193291
Rua,Isolina,204,Meier,20710070,-22.906138,-43.279125
Avenida,Dos Flamboyants da Peninsula,1180,Barra da Tijuca,22776070,-22.992492,-43.351427
Rua,Pedro Gomes,99,Realengo,21715050,-22.884142,-43.435664
Rua,Iriguacu,477,Bangu,21862030,-22.869124,-43.465872
Rua,Castro Rabelo,95,Campo Grande,23067440,-22.881797,-43.615566
Rua,Marupiara,90,Rocha Miranda,21510210,-22.841330,-43.348245
Rua,Marupiara,204,Rocha Miranda,21510210,-22.841332,-43.347148
Rua,Silvana,152,Piedade,20756140,-22.891531,-43.305640
Rua,Marape,28,Pedreira,21515240,-22.824113,-43.360247
Rua,Julia Cortines,19,Engenho da Rainha,20761200,-22.869271,-43.294771
Rua,Dezesseis,83,Liberdade Sta Cruz,23560590,-22.900304,-43.709623
Rua,Iguaracu,706,Cosmos,23060430,-22.905717,-43.612337
Rua,Iguaracu,880,Cosmos,23060430,-22.904139,-43.612152
Travessa,Cinco,35,Senador Camara,23010720,-22.878663,-43.506137
Rua,Camisao,34,Cordovil,21250290,-22.824316,-43.302106
Rua,Bento Affonso Rubiao,872,Vidigal,22452693,-22.996312,-43.244922
Rua,Moises Santana,74,Turiacu,21540300,-22.862662,-43.342030
Rua,Muriaca,250,Costa Barros,21650340,-22.826318,-43.375096
Avenida,Emile Roux,300,Rio de Janeiro,22740070,-22.931791,-43.365035
Rua,Fernandes Sampaio,199,Jardim Sulacap,21741200,-22.888452,-43.394384
Rua,Iriguacu,603,Bangu,21862030,-22.867994,-43.465912
Rua,Julia Cortines,39,Engenho da Rainha,20761200,-22.869804,-43.294892
Rua,Odilio Bacelar,40,Urca,22290280,-22.953382,-43.167921
Rua,Iguaracu,868,Cosmos,23060430,-22.904212,-43.612167
Rua,Iguaracu,916,Cosmos,23060430,-22.903866,-43.612135
Rua,Jose Machado,47,Iraja,21361360,-22.853070,-43.330085
Rua,Mairink Veiga,9,Centro,20090050,-22.899397,-43.180579
Rua,Calheiros da Graca,102,Todos Os Santos,20735190,-22.898257,-43.283987
Rua,Marupiara,240,Rocha Miranda,21510210,-22.841346,-43.346868
Rua,Tiboim,482,Bras de Pina,21011650,-22.827419,-43.282786
Rua,Fernandes Sampaio,237,Jardim Sulacap,21741200,-22.888898,-43.394441
Rua,Iriguacu,531,Bangu,21862030,-22.868704,-43.465876
Rua,Marupiara,134,Rocha Miranda,21510210,-22.841333,-43.347902
Rua,Marupiara,178,Rocha Miranda,21510210,-22.841341,-43.347299
Rua,Marupiara,338,Rocha Miranda,21510210,-22.841394,-43.345804
Rua,Das Camelias,514,Vila Valqueire,21330200,-22.882210,-43.366971
Travessa,Gola,8,Cidade de Deus,22773690,-22.950637,-43.365891
Rua,Iguaracu,770,Cosmos,23060430,-22.905154,-43.612237
Rua,Iguaracu,686,Cosmos,23060430,-22.905975,-43.612342
Rua,Benedita dos Santos,15,Sepetiba,23530075,-22.965220,-43.687267
Rua,Moises Santana,94,Turiacu,21540300,-22.862519,-43.342290
Rua,Muriaca,28,Costa Barros,21650340,-22.825699,-43.375662
Rua,Pedro Gomes,55,Realengo,21715050,-22.884807,-43.434329
Rua,Marupiara,312,Rocha Miranda,21510210,-22.841344,-43.346029
Rua,Marieta Neumann,135,Jardim Monteiro,23036170,-22.941208,-43.574218
Rua,Hugo Leal,4,Jardim Guanabara,21931250,-22.807289,-43.200243
Estrada,Dos Gouveias,34,Paciencia,23587415,-22.925352,-43.625818
Rua,Camisao,60,Cordovil,21250290,-22.824491,-43.302303
Rua,Jujuba,57,Bangu,21865260,-22.849553,-43.462635
Rua,Moises Santana,98,Turiacu,21540300,-22.862314,-43.342614
Rua,Raimundo Rufino,25,Botafogo,22260140,-22.948144,-43.193203
Rua,Raimundo Rufino,20,Botafogo,22260140,-22.948063,-43.193264
Rua,Pedro Gomes,101,Realengo,21715050,-22.884152,-43.435503
Rua,Iriguacu,413,Bangu,21862030,-22.869666,-43.466068
Rua,Iriguacu,407,Bangu,21862030,-22.869805,-43.465835
Rua,Dezesseis,147,Liberdade Sta Cruz,23560590,-22.900025,-43.710170
Quadra,Sete Travessa 6,149,Bangu,21863425,-22.849616,-43.468887
Rua,Iguaracu,776,Cosmos,23060430,-22.905084,-43.612258
Rua,Iguaracu,844,Cosmos,23060430,-22.904433,-43.612260
Rua,Iguaracu,541,Cosmos,23060430,-22.903231,-43.612102
Rua,Iguaracu,500,Cosmos,23060430,-22.907296,-43.612578
Rua,Aristides Caire,138,Meier,20775090,-22.897950,-43.276874
Rua,Maniva,130,Morro do Cha,23570540,-22.911787,-43.674269
Rua,Maniva,110,Morro do Cha,23570540,-22.911689,-43.674214
Rua,Mairink Veiga,13,Centro,20090050,-22.899329,-43.180426
Rua,Iriguacu,567,Bangu,21862030,-22.868382,-43.465892
Rua,Marupiara,356,Rocha Miranda,21510210,-22.841428,-43.345776
Condominio,Figueiras do Itanhanga,8,Muzema,22753030,-22.987212,-43.322970
Rua,Das Camelias,388,Vila Valqueire,21330200,-22.880866,-43.366821
Beco,Esperanca Rua B,6,Rio da Prata,23595080,-22.921711,-43.512883
Rua,Cajaiba,24,Padre Miguel,21715390,-22.877493,-43.445735
Rua,Iguaracu,796,Cosmos,23060430,-22.904973,-43.612276
Rua,Bento Affonso Rubiao,883,Vidigal,22452693,-22.995944,-43.243828
Rua,Moises Santana,84,Turiacu,21540300,-22.862541,-43.342211
Rua,Iriguacu,679,Bangu,21862030,-22.867352,-43.465907
Rua,Marupiara,428,Rocha Miranda,21510210,-22.841426,-43.344989
Rua,Marupiara,466,Rocha Miranda,21510210,-22.841312,-43.344698
Rua,Das Camelias,602,Vila Valqueire,21330200,-22.882693,-43.367004
Rua,Marieta Neumann,165,Jardim Monteiro,23036170,-22.941192,-43.574223
Rua,Iguaracu,620,Cosmos,23060430,-22.906418,-43.612436
Rua,Camisao,82,Cordovil,21250290,-22.824490,-43.302503
Rua,Camisao,122,Cordovil,21250290,-22.824694,-43.302882
Rua,Moises Santana,201,Turiacu,21540300,-22.861151,-43.341349
Rua,Isolina,216,Meier,20710070,-22.906231,-43.279204
Condominio,Figueiras do Itanhanga,188,Muzema,22753030,-22.986235,-43.321337
Travessa,Caldeia,4,Cidade de Deus,22772350,-22.951694,-43.359249
Lote,27 Quadra 3,33,Gardenia Azul,22763627,-22.963798,-43.348324
Rua,Chrisostomo Pimentel de Oliveira,11073,Anchieta,21645521,-22.816965,-43.390730
Rua,Pedro Gomes,67,Realengo,21715050,-22.884457,-43.433446
Rua,Iriguacu,513,Bangu,21862030,-22.868838,-43.465850
Rua,De Bonfim,1288,Tijuca,20530003,-22.945150,-43.254319
Quadra,Sete Travessa 6,154,Bangu,21863425,-22.849312,-43.469122
Estrada,Dos Gouveias,31,Paciencia,23587415,-22.925200,-43.625888
Rua,Aristides Caire,134,Meier,20775090,-22.898295,-43.276799
Rua,Maniva,65,Morro do Cha,23570540,-22.911135,-43.674148
Rua,Jose Machado,71,Iraja,21361360,-22.852988,-43.330702
Beco,Do N 220,240,Vila 199,22451262,-22.987311,-43.242587
Rua,Marupiara,494,Rocha Miranda,21510210,-22.841221,-43.344602
Rua,Julia Cortines,37,Engenho da Rainha,20761200,-22.869643,-43.294742
Rua,Das Camelias,466,Vila Valqueire,21330200,-22.881521,-43.366938
Rua,Dezesseis,103,Liberdade Sta Cruz,23560590,-22.900214,-43.709685
Rua,Cajaiba,88,Padre Miguel,21715390,-22.877895,-43.445805
Estrada,Do Morro Cavado,550,Mato Alto,23030360,-22.969244,-43.584450
Rua,Camisao,74,Cordovil,21250290,-22.824453,-43.302454
Rua,Maniva,74,Morro do Cha,23570540,-22.911006,-43.674202
Rua,Flammarion,147,Guarabu,21921480,-22.803257,-43.191340
Rua,Mairink Veiga,15,Centro,20090050,-22.899263,-43.180380
Rua,Cordeiro do Rio,22,Taquara,22775450,-22.949226,-43.375943
Rua,Marape,30,Pedreira,21515240,-22.824150,-43.360288
Rua,Julia Cortines,41,Engenho da Rainha,20761200,-22.869803,-43.294947
Rua,Das Camelias,478,Vila Valqueire,21330200,-22.881749,-43.366996
Rua,Iguaracu,722,Cosmos,23060430,-22.901729,-43.611806
Rua,Iguaracu,966,Cosmos,23060430,-22.903357,-43.612076
Rua,Vicente de Paula,50,Parque Proletario da Penha,21072190,-22.851799,-43.284004
Rua,Isolina,296,Meier,20710070,-22.906690,-43.279728
Rua,Artur Weiss,406,Campo Grande,23070480,-22.892334,-43.578933
Rua,Marupiara,308,Rocha Miranda,21510210,-22.841365,-43.346352
Rua,Silvana,156,Piedade,20756140,-22.891419,-43.305635
Rua,Iguaracu,710,Cosmos,23060430,-22.905716,-43.612331
Rua,Iguaracu,666,Cosmos,23060430,-22.906199,-43.612398
Estrada,Dos Gouveias,30,Paciencia,23587415,-22.925106,-43.625821
Rua,Luisa Prata,116,Parada de Lucas,21250400,-22.817393,-43.302500
Rua,Marupiara,430,Rocha Miranda,21510210,-22.841412,-43.345372
Condominio,Figueiras do Itanhanga,187,Muzema,22753030,-22.986135,-43.321324
Rua,Vicente de Paula,58,Parque Proletario da Penha,21072190,-22.851989,-43.283644
Avenida,Emile Roux,9,Rio de Janeiro,22740070,-22.932931,-43.365303
Rua,Iriguacu,595,Bangu,21862030,-22.868101,-43.465871
Rua,Marupiara,198,Rocha Miranda,21510210,-22.841356,-43.347270
Rua,Benedita dos Santos,11,Sepetiba,23530075,-22.965488,-43.687182
Rua,Maniva,106,Morro do Cha,23570540,-22.911325,-43.674163
Rua,Jujuba,75,Bangu,21865260,-22.849415,-43.462579
Rua,Iriguacu,485,Bangu,21862030,-22.869092,-43.465861
Rua,Marupiara,266,Rocha Miranda,21510210,-22.841383,-43.346584
Rua,Marupiara,170,Rocha Miranda,21510210,-22.841354,-43.347489
Rua,Das Camelias,354,Vila Valqueire,21330200,-22.880501,-43.366868
Rua,Trinta e Cinco,348,Cesarao,23595250,-22.935700,-43.656175
Rua,Iguaracu,904,Cosmos,23060430,-22.903846,-43.612131
Estrada,Dos Gouveias,21,Paciencia,23587415,-22.924850,-43.625122
Rua,Maniva,20,Morro do Cha,23570540,-22.910924,-43.674205
Lote,27 Quadra 3,45,Gardenia Azul,22763627,-22.964843,-43.348411
Lote,27 Quadra 3,34,Gardenia Azul,22763627,-22.963904,-43.348255
Rua,Vale Verde,43,Guaratiba,23035200,-22.946536,-43.591691
Rua,Artur Weiss,387,Campo Grande,23070480,-22.892321,-43.578925
Rua,Castro Rabelo,105,Campo Grande,23067440,-22.881824,-43.615451
Rua,Das Camelias,452,Vila Valqueire,21330200,-22.881432,-43.366920
Rua,Iguaracu,1016,Cosmos,23060430,-22.902962,-43.612034
Estrada,Do Morro Cavado,546,Mato Alto,23030360,-22.969244,-43.585135
Travessa,Cinco,31,Senador Camara,23010720,-22.878745,-43.506168
Avenida,Joao Xxiii,3,Vidigal,22452340,-22.996941,-43.241555
Rua,Iriguacu,671,Bangu,21862030,-22.867387,-43.465949
Rua,Iriguacu,461,Bangu,21862030,-22.869349,-43.465855
Rua,Marupiara,32,Rocha Miranda,21510210,-22.841307,-43.348938
Rua,Das Camelias,410,Vila Valqueire,21330200,-22.881036,-43.366916
Beco,Esperanca Rua B,333,Rio da Prata,23595080,-22.921789,-43.512834
Rua,Iguaracu,539,Cosmos,23060430,-22.903732,-43.612108
Estrada,Dos Gouveias,36,Paciencia,23587415,-22.925586,-43.626095
Rua,Bento Affonso Rubiao,877,Vidigal,22452693,-22.996224,-43.244337
Rua,Moises Santana,13,Turiacu,21540300,-22.861940,-43.342167
Rua,Muriaca,26,Costa Barros,21650340,-22.825533,-43.375737
Rua,Fernandes Sampaio,185,Jardim Sulacap,21741200,-22.888396,-43.394364
Rua,Marupiara,80,Rocha Miranda,21510210,-22.841372,-43.348017
Rua,Marupiara,456,Rocha Miranda,21510210,-22.841405,-43.344729
Rua,Marupiara,114,Rocha Miranda,21510210,-22.841309,-43.348066
Rua,Oliveira Alvares,7,Iraja,21235160,-22.844129,-43.330341
Rua,Dezesseis,67,Liberdade Sta Cruz,23560590,-22.900446,-43.709502
Quadra,Sete Travessa 6,145,Bangu,21863425,-22.849908,-43.468848
Avenida,Joao Xxiii,1,Vidigal,22452340,-22.996842,-43.241482
Rua,Isolina,286,Meier,20710070,-22.906551,-43.279543
Rua,Iriguacu,577,Bangu,21862030,-22.868267,-43.465893
Rua,Marupiara,360,Rocha Miranda,21510210,-22.841345,-43.345996
Estrada,Vitor Dumas,6,Santa Cruz,23550570,-22.937327,-43.700821
Travessa,Gola,12,Cidade de Deus,22773690,-22.950857,-43.365910
Rua,Raimundo Rufino,18,Botafogo,22260140,-22.948331,-43.192900
Rua,Iriguacu,441,Bangu,21862030,-22.869531,-43.465845
Rua,Marupiara,78,Rocha Miranda,21510210,-22.841371,-43.348494
Rua,Marape,46,Pedreira,21515240,-22.823697,-43.360776
Rua,Caiabu,98,Iraja,21361230,-22.851945,-43.324276
Rua,Frederico Quartarolli,100,Recreio dos Bandeirantes,22795400,-23.023984,-43.480174
Rua,Moises Santana,225,Turiacu,21540300,-22.860970,-43.341379
Beco,Esperanca Rua B,1,Rio da Prata,23595080,-22.921585,-43.512815
Estrada,Dos Gouveias,24,Paciencia,23587415,-22.924729,-43.625647
Lote,27 Quadra 3,37,Gardenia Azul,22763627,-22.964069,-43.348231
Rua,Francisco Jose Pinto,380,Copacabana,22290120,-22.961278,-43.179047
Rua,Iriguacu,651,Bangu,21862030,-22.867571,-43.465886
Rua,Marupiara,320,Rocha Miranda,21510210,-22.841431,-43.345762
Rua,Muriaca,200,Costa Barros,21650340,-22.825865,-43.375638
Rua,Isolina,340,Meier,20710070,-22.907072,-43.279948
Avenida,Guilherme Maxwell,26,Morro do Timbau,21040212,-22.865476,-43.241731
Rua,Iriguacu,469,Bangu,21862030,-22.869327,-43.465884
Estrada,Vitor Dumas,2086,Santa Cruz,23550570,-22.938736,-43.697921
Estrada,Dos Gouveias,22,Paciencia,23587415,-22.924640,-43.625494
Rua,Moises Santana,386,Turiacu,21540300,-22.861769,-43.341871
Rua,Paulino de Oliveira,200,Campo Grande,23080670,-22.895568,-43.572502
Rua,Pacheco Leao,612,Jardim Botanico,22460030,-22.965645,-43.224163
Rua,Marupiara,448,Rocha Miranda,21510210,-22.841418,-43.344925
Quadra,Sete Travessa 6,150,Bangu,21863425,-22.849497,-43.469010
Rua,Iguaracu,816,Cosmos,23060430,-22.904589,-43.612169
Rua,Iguaracu,547,Cosmos,23060430,-22.901966,-43.611891
Rua,Benedita dos Santos,10,Sepetiba,23530075,-22.965374,-43.687234
Rua,Maniva,108,Morro do Cha,23570540,-22.911425,-43.674204
Estrada,Da Urucanga,547,Anil,22750030,-22.948097,-43.333224
Rua,Marupiara,402,Rocha Miranda,21510210,-22.841375,-43.345274
Rua,Marupiara,460,Rocha Miranda,21510210,-22.841378,-43.345057
Rua,Julia Cortines,31,Engenho da Rainha,20761200,-22.869594,-43.294822
Rua,Jujuba,15,Bangu,21865260,-22.849842,-43.462983
Avenida,Joao Xxiii,4,Vidigal,22452340,-22.996870,-43.241333
Rua,Isolina,260,Meier,20710070,-22.906437,-43.279551
Rua,Iriguacu,102,Bangu,21862030,-22.868806,-43.465549
Rua,Marupiara,106,Rocha Miranda,21510210,-22.841386,-43.348214
Rua,Das Camelias,456,Vila Valqueire,21330200,-22.881493,-43.366940
Rua,Cajaiba,78,Padre Miguel,21715390,-22.878524,-43.445784
Rua,Isolina,226,Meier,20710070,-22.906278,-43.279135
Avenida,Emile Roux,400,Rio de Janeiro,22740070,-22.931723,-43.365696
Rua,Pedro Gomes,3,Realengo,21715050,-22.884533,-43.432810
Rua,Marupiara,222,Rocha Miranda,21510210,-22.841382,-43.347053
Rua,Julia Cortines,21,Engenho da Rainha,20761200,-22.869416,-43.294801
Travessa,Gola,4,Cidade de Deus,22773690,-22.950685,-43.365712
Rua,Jujuba,81,Bangu,21865260,-22.849287,-43.462530
Rua,Acai,32,Cavalcanti,21370300,-22.866928,-43.318165
Rua,Iriguacu,508,Bangu,21862030,-22.868903,-43.465867
Rua,Das Camelias,502,Vila Valqueire,21330200,-22.881948,-43.367007
Rua,Marupiara,172,Rocha Miranda,21510210,-22.841318,-43.347516
Rua,Marupiara,214,Rocha Miranda,21510210,-22.841359,-43.347099
Rua,Marupiara,484,Rocha Miranda,21510210,-22.841252,-43.344552
Rua,Jujuba,51,Bangu,21865260,-22.849571,-43.462709
Rua,Lopes Trovao,502,Benfica,20920340,-22.893915,-43.232917
Rua,Iriguacu,541,Bangu,21862030,-22.868539,-43.465855
Rua,Das Camelias,420,Vila Valqueire,21330200,-22.881222,-43.366891
Rua,Das Camelias,590,Vila Valqueire,21330200,-22.882598,-43.367124
Rua,Goeldi,290,Iraja,21230055,-22.820588,-43.331602
Rua,Camisao,154,Cordovil,21250290,-22.824771,-43.303138
Rua,Marupiara,438,Rocha Miranda,21510210,-22.841380,-43.344895
Rua,Isolina,332,Meier,20710070,-22.907024,-43.279901
Rua,Chrisostomo Pimentel de Oliveira,10773,Anchieta,21645521,-22.816360,-43.390823
Rua,Pedro Gomes,95,Realengo,21715050,-22.884510,-43.435290
Rua,Iriguacu,559,Bangu,21862030,-22.868455,-43.465844
Rua,Marupiara,232,Rocha Miranda,21510210,-22.841401,-43.346801
Rua,Das Camelias,578,Vila Valqueire,21330200,-22.882440,-43.367014
Rua,Raimundo Rufino,17,Botafogo,22260140,-22.948179,-43.193211
Rua,Cordeiro do Rio,4,Taquara,22775450,-22.949213,-43.376346
Rua,Marupiara,286,Rocha Miranda,21510210,-22.841358,-43.346394
Rua,Hugo Leal,8,Jardim Guanabara,21931250,-22.806562,-43.200700
Rua,Maniva,1132,Morro do Cha,23570540,-22.910856,-43.674200
Rua,Moises Santana,90,Turiacu,21540300,-22.862479,-43.342377
Rua,Iriguacu,433,Bangu,21862030,-22.869574,-43.465864
Quadra,Sete Travessa 6,147,Bangu,21863425,-22.849654,-43.468935
Rua,Iguaracu,556,Cosmos,23060430,-22.906995,-43.612485
Rua,Moises Santana,96,Turiacu,21540300,-22.862407,-43.342446
Rua,Raimundo Rufino,19,Botafogo,22260140,-22.948383,-43.192990
Rua,Trinta e Cinco,3384,Cesarao,23595250,-22.935693,-43.656173
Rua,Aristides Caire,176,Meier,20775090,-22.897395,-43.276396
Rua,Frederico Quartarolli,397,Recreio dos Bandeirantes,22795400,-23.024105,-43.481372
Rua,Moises Santana,220,Turiacu,21540300,-22.862009,-43.341963
Rua,Cordeiro do Rio,31,Taquara,22775450,-22.949169,-43.375807
Condominio,Figueiras do Itanhanga,58,Muzema,22753030,-22.986602,-43.322232
Rua,Iguaracu,906,Cosmos,23060430,-22.903618,-43.612101
Travessa,Cinco,37,Senador Camara,23010720,-22.878666,-43.506107
Rua,Paulino de Oliveira,204,Campo Grande,23080670,-22.895513,-43.572555
Rua,Fernandes Sampaio,225,Jardim Sulacap,21741200,-22.888673,-43.394363
Rua,Marupiara,146,Rocha Miranda,21510210,-22.841383,-43.347755
Travessa,Gola,6,Cidade de Deus,22773690,-22.950660,-43.365782
Rua,Aristides Caire,148,Meier,20775090,-22.897887,-43.276766
Praca,Charruas,58,Realengo,21765480,-22.893960,-43.435577
Rua,Iriguacu,549,Bangu,21862030,-22.868500,-43.465851
Rua,Marape,34,Pedreira,21515240,-22.824038,-43.360420
Alameda,Das Hortencias,4,Parque da Cidade,22451250,-22.981512,-43.241179
Rua,Goeldi,268,Iraja,21230055,-22.820757,-43.331587
Rua,Jujuba,69,Bangu,21865260,-22.849491,-43.462648
Beco,Esperanca Rua B,17,Rio da Prata,23595080,-22.922122,-43.512886
Rua,Odilio Bacelar,48,Urca,22290280,-22.953542,-43.167557
Rua,Trinta e Cinco,345,Cesarao,23595250,-22.935693,-43.656173
Travessa,Gola,16,Cidade de Deus,22773690,-22.950838,-43.365998
Rua,Goeldi,300,Iraja,21230055,-22.820465,-43.331568
Rua,Mairink Veiga,17,Centro,20090050,-22.899334,-43.180468
Rua,Iriguacu,523,Bangu,21862030,-22.868733,-43.465857
Rua,Das Camelias,292,Vila Valqueire,21330200,-22.880775,-43.366880
Rua,Aristides Caire,154,Meier,20775090,-22.897746,-43.276535
Rua,Frederico Quartarolli,195,Recreio dos Bandeirantes,22795400,-23.024091,-43.480638
Rua,Fernandes Sampaio,249,Jardim Sulacap,21741200,-22.888998,-43.394400
Rua,Cajaiba,48,Padre Miguel,21715390,-22.878023,-43.445813
Rua,Iguaracu,1098,Cosmos,23060430,-22.902196,-43.611952
Rua,Aristides Caire,168,Meier,20775090,-22.897668,-43.276552
Rua,Jose Machado,51,Iraja,21361360,-22.853048,-43.330151
Rua,Isolina,308,Meier,20710070,-22.906822,-43.279593
Rua,Oliveira Alvares,5,Iraja,21235160,-22.843988,-43.330220
Rua,Iriguacu,505,Bangu,21862030,-22.868987,-43.465919
Rua,Marupiara,394,Rocha Miranda,21510210,-22.841390,-43.345372
Rua,Iguaracu,736,Cosmos,23060430,-22.905402,-43.612266
Rua,Paulino de Oliveira,206,Campo Grande,23080670,-22.895489,-43.572590
Rua,Raimundo Rufino,22,Botafogo,22260140,-22.948357,-43.193037
Rua,Castro Rabelo,75,Campo Grande,23067440,-22.881704,-43.615664
Rua,Marupiara,376,Rocha Miranda,21510210,-22.841410,-43.345542
Rua,Aristides Caire,132,Meier,20775090,-22.898315,-43.276908
Rua,Raimundo Rufino,24,Botafogo,22260140,-22.948248,-43.193175
Rua,Octavio de Resende,20,Freguesia,22743650,-22.929865,-43.333256
Rua,Aristides Caire,218,Meier,20775090,-22.896996,-43.275745
Avenida,Emile Roux,388,Rio de Janeiro,22740070,-22.931532,-43.364928
Rua,Das Camelias,570,Vila Valqueire,21330200,-22.882476,-43.367151
Rua,Jose Machado,65,Iraja,21361360,-22.853009,-43.330513
Rua,Frederico Quartarolli,12,Recreio dos Bandeirantes,22795400,-23.024217,-43.481434
Beco,Sem Deniminacao,125,Piedade,20740180,-22.892486,-43.313398
Rua,Itaete,32,Colegio,21545220,-22.847132,-43.341345
Rua,Itaete,38,Colegio,21545220,-22.846736,-43.341161
Rua,Itaete,46,Colegio,21545220,-22.846905,-43.341002
Vila,11,13,Mare,21042000,-22.865977,-43.241103
Vila,11,1,Mare,21042000,-22.866274,-43.241245
Rua,Caranda,104,Piedade,20740580,-22.903848,-43.311735
Rua,Caranda,120,Piedade,20740580,-22.903752,-43.311887
Rua,Caranda,144,Piedade,20740580,-22.903614,-43.312118
Rua,Caranda,196,Piedade,20740580,-22.903562,-43.312226
Rua,Caranda,206,Piedade,20740580,-22.903527,-43.312456
Rua,Caranda,230,Piedade,20740580,-22.903394,-43.312698
Rua,Ari Chagas,150,Sepetiba,23540000,-22.974252,-43.704798
Rua,Ari Chagas,196,Sepetiba,23540000,-22.974140,-43.704624
Rua,Ari Chagas,164,Sepetiba,23540000,-22.973981,-43.704336
Rua,Ari Chagas,298,Sepetiba,23540000,-22.973671,-43.703792
Rua,Ari Chagas,262,Sepetiba,23540000,-22.973751,-43.704004
Rua,Ari Chagas,248,Sepetiba,23540000,-22.973975,-43.704263
Rua,Hilton Gama,457,Rio de Janeiro,21625150,-22.833635,-43.398148
Rua,Hilton Gama,557,Rio de Janeiro,21625150,-22.833115,-43.398829
Rua,Rio da Prata,690,Bangu,21820097,-22.885986,-43.469244
Rua,Hilton Gama,555,Rio de Janeiro,21625150,-22.832957,-43.398891
Rua,Hilton Gama,465,Rio de Janeiro,21625150,-22.833582,-43.398228
Rua,Costa Ribeiro,470,Jardim America,21240290,-22.807507,-43.327450
Rua,Costa Ribeiro,520,Jardim America,21240290,-22.807287,-43.327237
Rua,Geraldo Ramos,23,Parada de Lucas,21010000,-22.812613,-43.298347
Estrada,Dos Coqueiros,719,Bangu,21843000,-22.874704,-43.499152
Estrada,Dos Coqueiros,721,Bangu,21843000,-22.874571,-43.499410
Rua,Filomena Fragoso,193,Oswaldo Cruz,21340480,-22.873748,-43.346476
Rua,Filomena Fragoso,129,Oswaldo Cruz,21340480,-22.873297,-43.346062
Rua,Filomena Fragoso,187,Oswaldo Cruz,21340480,-22.873632,-43.346502
Rua,Filomena Fragoso,157,Oswaldo Cruz,21340480,-22.873582,-43.346368
Rua,Filomena Fragoso,139,Oswaldo Cruz,21340480,-22.873531,-43.345967
Rua,Filomena Fragoso,47,Oswaldo Cruz,21340480,-22.872790,-43.345492
Rua,Filomena Fragoso,11,Oswaldo Cruz,21340480,-22.872415,-43.345300
Rua,Lauro Evangelista,107,Santa Cruz,23510110,-22.914106,-43.677923
Rua,Lauro Evangelista,71,Santa Cruz,23510110,-22.914026,-43.678298
Rua,Paratinga,200,Vista Alegre,21230772,-22.830783,-43.316971
Rua,09,20,Paciencia,23580580,-22.913821,-43.630638
Rua,09,24,Paciencia,23580580,-22.913730,-43.630587
Estrada,De Sepetiba,4606,Nova Sepetiba,23545003,-22.959201,-43.694511
Rua,Bocaiuva,30,Paciencia,23587610,-22.927255,-43.627572
Estrada,De Sepetiba,116,Nova Sepetiba,23545003,-22.959863,-43.697163
Rua,Rinare,135,Realengo,21710200,-22.881080,-43.425960
Rua,Da Chita,503,Bangu,21862170,-22.870557,-43.463850
Rua,Da Chita,463,Bangu,21862170,-22.870718,-43.463831
Rua,Da Chita,399,Bangu,21862170,-22.871452,-43.463831
Rua,Da Chita,321,Bangu,21862170,-22.872176,-43.463806
Rua,Da Chita,269,Bangu,21862170,-22.872680,-43.463815
Rua,Da Chita,189,Bangu,21862170,-22.873321,-43.463848
Rua,Das Nogueiras,47,Bosque dos Palmares,23580250,-22.891304,-43.633418
Rua,Das Nogueiras,33,Bosque dos Palmares,23580250,-22.891771,-43.633411
Rua,Das Nogueiras,29,Bosque dos Palmares,23580250,-22.891975,-43.633379
Rua,Das Nogueiras,0,Bosque dos Palmares,23580250,-22.892787,-43.633454
Rua,Das Nogueiras,19,Bosque dos Palmares,23580250,-22.892325,-43.633443
Rua,Das Nogueiras,6,Bosque dos Palmares,23580250,-22.892713,-43.633421
Rua,Das Nogueiras,38,Bosque dos Palmares,23580250,-22.891493,-43.633348
Rua,Das Nogueiras,44,Bosque dos Palmares,23580250,-22.891347,-43.633376
Rua,Cybber Porto Mendonca,87,Antares,23510360,-22.919479,-43.652860
Rua,Cybber Porto Mendonca,88,Antares,23510360,-22.919491,-43.652927
Rua,Cybber Porto Mendonca,98,Antares,23510360,-22.919381,-43.653731
Rua,Hilton de Albuquerque,16,Bangu,21863850,-22.844986,-43.467891
Rua,Hilton de Albuquerque,10,Bangu,21863850,-22.844944,-43.467693
Rua,Andiras de Abreu,533,Palmares,23066080,-22.887347,-43.637575
Rua,Caminho da Torre,19,Senador Camara,21843187,-22.869220,-43.498588
Rua,Clarice Indio do Brasil,19,Botafogo,22230090,-22.939921,-43.179154
Rua,Clarice Indio do Brasil,11,Botafogo,22230090,-22.939986,-43.178927
Rua,De Abrantes,226,Botafogo,22230061,-22.940536,-43.178563
Rua,De Abrantes,218,Botafogo,22230061,-22.940533,-43.178570
Rua,De Abrantes,216,Botafogo,22230061,-22.940491,-43.178600
Rua,De Abrantes,222,Botafogo,22230061,-22.940627,-43.178540
Rua,Miguel,439,Realengo,21755080,-22.885180,-43.423398
Rua,Miguel,367,Realengo,21755080,-22.884805,-43.422776
Rua,Miguel,347,Realengo,21755080,-22.884659,-43.422698
Rua,Miguel,357,Realengo,21755080,-22.884978,-43.422499
Rua,Miguel,317,Realengo,21755080,-22.884558,-43.422487
Rua,Miguel,297,Realengo,21755080,-22.884390,-43.422369
Rua,Adolfo Porto,255,Portuguesa,21920310,-22.798087,-43.198775
Rua,Adolfo Porto,195,Portuguesa,21920310,-22.798145,-43.198776
Ladeira,Do Faria,78,Gamboa,20221380,-22.899576,-43.192981
Ladeira,Do Faria,80,Gamboa,20221380,-22.899646,-43.192835
Ladeira,Do Faria,82,Gamboa,20221380,-22.899632,-43.192988
Ladeira,Do Faria,88,Gamboa,20221380,-22.899617,-43.193047
Ladeira,Do Faria,98,Gamboa,20221380,-22.899626,-43.193278
Ladeira,Do Faria,104,Gamboa,20221380,-22.899582,-43.193339
Ladeira,Do Faria,102,Gamboa,20221380,-22.899606,-43.193402
Rua,Herculano Pena,256,Cavalcanti,21381410,-22.875529,-43.319499
Rua,Paissandu,258,Flamengo,22210080,-22.935601,-43.180477
Rua,Paissandu,264,Flamengo,22210080,-22.935718,-43.180541
Rua,Paissandu,248,Flamengo,22210080,-22.935467,-43.180056
Rua,Paissandu,270,Flamengo,22210080,-22.936052,-43.180512
Rua,Paissandu,256,Flamengo,22210080,-22.935772,-43.180176
Rua,Pequia,18,Cosmos,23060470,-22.911188,-43.611885
Travessa,Rita,35,Cosmos,21853026,-22.908222,-43.607304
Travessa,Rita,31,Cosmos,21853026,-22.908286,-43.607249
Rua,Rui da Cruz Almeida,105,Colegio,21235350,-22.834358,-43.328391
Rua,Rui da Cruz Almeida,63,Colegio,21235350,-22.834385,-43.328728
Rua,Rui da Cruz Almeida,45,Colegio,21235350,-22.834327,-43.328971
Travessa,Jose Lima,3,Vila Kennedy,21852630,-22.855152,-43.496725
Rua,Lourenco Filho,376,Barra da Tijuca,22630140,-23.006929,-43.351726
Rua,Lourenco Filho,170,Barra da Tijuca,22630140,-23.008298,-43.351383
Rua,102,1,Inhoaiba,23057124,-22.926988,-43.603361
Rua,Do Orador,8,Bangu,21842060,-22.872936,-43.479217
Rua,Do Orador,14,Bangu,21842060,-22.872998,-43.478912
Rua,Do Orador,26,Bangu,21842060,-22.872985,-43.478528
Rua,Do Orador,2,Bangu,21842060,-22.872844,-43.479458
Rua,Do Orador,30,Bangu,21842060,-22.872895,-43.478485
Rua,Atacama,203,Campo Grande,23078100,-22.878466,-43.582828
Rua,Barata Ribeiro,370,Copacabana,22040002,-22.968144,-43.185021
Rua,Caminho do Lucio,5,Bangu,21843000,-22.867556,-43.475329
Rua,Gustavo Sampaio,826,Leme,22010010,-22.964054,-43.172409
Rua,Gustavo Sampaio,876,Leme,22010010,-22.964057,-43.173119
Rua,Gustavo Sampaio,816,Leme,22010010,-22.963959,-43.172685
Rua,Ramon Franco,39,Urca,22290290,-22.953224,-43.166969
Rua,Ramon Franco,51,Urca,22290290,-22.952455,-43.167268
Rua,Ramon Franco,59,Urca,22290290,-22.952310,-43.167413
Rua,Ramon Franco,75,Urca,22290290,-22.952278,-43.167603
Rua,Francisco Muratori,114,Santa Teresa,20230080,-22.916323,-43.181715
Rua,Francisco Muratori,118,Santa Teresa,20230080,-22.916397,-43.181643
Rua,Francisco Muratori,136,Santa Teresa,20230080,-22.916046,-43.181492
Rua,Sambaiba,63,Leblon,22450140,-22.984709,-43.230087
Rua,Sambaiba,157,Leblon,22450140,-22.985643,-43.230340
Rua,Paulo Stuart Wright,166,Paciencia,23587260,-22.923003,-43.623589
Rua,Paulo Stuart Wright,182,Paciencia,23587260,-22.922913,-43.623264
Condominio,Figueiras do Itanhanga,370,Itanhanga,22753030,-22.987586,-43.322299
Estrada,Roser,1057,Iraja,21220560,-22.843673,-43.322280
Estrada,Roser,1051,Iraja,21220560,-22.843417,-43.322413
Rua,Otawa,312,Vigario Geral,21241220,-22.813849,-43.306639
Rua,Otawa,348,Vigario Geral,21241220,-22.813982,-43.306619
Rua,Otawa,340,Vigario Geral,21241220,-22.813969,-43.306604
Rua,Otawa,356,Vigario Geral,21241220,-22.814030,-43.306657
Rua,Otawa,380,Vigario Geral,21241220,-22.814305,-43.306733
Rua,Otawa,364,Vigario Geral,21241220,-22.814117,-43.306746
Rua,Otawa,398,Vigario Geral,21241220,-22.814486,-43.306713
Rua,Otawa,408,Vigario Geral,21241220,-22.814508,-43.306713
Rua,Jorge,277,Bangu,21820370,-22.882683,-43.481900
Rua,Fernandes Sampaio,483,Jardim Sulacap,21741200,-22.891382,-43.394287
Rua,Fernandes Sampaio,463,Jardim Sulacap,21741200,-22.890935,-43.394224
Rua,Fernandes Sampaio,391,Jardim Sulacap,21741200,-22.890069,-43.394238
Estrada,De Sepetiba,4570,Nova Sepetiba,23545003,-22.959620,-43.696370
Estrada,De Sepetiba,4716,Nova Sepetiba,23545003,-22.961059,-43.699521
Rua,Paula Matos,62,Santa Teresa,20251550,-22.912115,-43.194122
Rua,Paula Matos,76,Santa Teresa,20251550,-22.912402,-43.193985
Rua,Paula Matos,52,Santa Teresa,20251550,-22.911978,-43.194283
Rua,Paula Matos,32,Santa Teresa,20251550,-22.912672,-43.194651
Rua,Paula Matos,22,Santa Teresa,20251550,-22.913008,-43.194473
Rua,Paranhos da Silva,136,Jardim Guanabara,21931155,-22.815917,-43.193316
Rua,Paranhos da Silva,150,Jardim Guanabara,21931155,-22.815943,-43.193442
Rua,Paranhos da Silva,200,Jardim Guanabara,21931155,-22.815889,-43.193681
Rua,Paranhos da Silva,290,Jardim Guanabara,21931155,-22.815232,-43.194232
Rua,Paranhos da Silva,310,Jardim Guanabara,21931155,-22.814977,-43.193927
Rua,Paranhos da Silva,314,Jardim Guanabara,21931155,-22.814878,-43.193999
Rua,Paranhos da Silva,326,Jardim Guanabara,21931155,-22.814768,-43.193930
Rua,Paranhos da Silva,330,Jardim Guanabara,21931155,-22.814743,-43.193669
Rua,Paranhos da Silva,40,Jardim Guanabara,21931155,-22.816334,-43.192646
Rua,Paranhos da Silva,370,Jardim Guanabara,21931155,-22.814321,-43.193547
Rua,Paranhos da Silva,380,Jardim Guanabara,21931155,-22.814274,-43.193623
Rua,54,170,Santa Cruz,23595420,-22.935535,-43.663986
Avenida,Gastao Rangel,526,Santa Cruz,23550393,-22.930976,-43.681177
Rua,Joaquim Pinheiro,377,Freguesia,22743660,-22.935574,-43.331729
Rua,Saboia Lima,33,Tijuca,20521250,-22.932459,-43.234073
Rua,Saboia Lima,37,Tijuca,20521250,-22.932678,-43.234014
Rua,Paulo Antunes Ribeiro,190,Recreio dos Bandeirantes,22790450,-23.018629,-43.469376
Rua,Paulo Antunes Ribeiro,2552,Recreio dos Bandeirantes,22790450,-23.018951,-43.469209
Rua,Seis Ou Hortencia da Uniao,102,Cosmos,23065070,-22.908812,-43.624305
Rua,Seis Ou Hortencia da Uniao,104,Cosmos,23065070,-22.908980,-43.624485
Estrada,Pedro de Alcantara,8,Deodoro,21615310,-22.856675,-43.390423
Estrada,Pedro de Alcantara,5,Deodoro,21615310,-22.856660,-43.390434
Estrada,Pedro de Alcantara,1,Deodoro,21615310,-22.856690,-43.390436
Avenida,Gastao Rangel,520,Santa Cruz,23550393,-22.930916,-43.681304
Avenida,Gastao Rangel,488,Santa Cruz,23550393,-22.930820,-43.680870
Rua,Odette Fiuza,129,Bangu,21862200,-22.866800,-43.463444
Rua,Odette Fiuza,15,Bangu,21862200,-22.867912,-43.463463
Avenida,Gastao Rangel,430,Santa Cruz,23550393,-22.930489,-43.680589
Avenida,Gastao Rangel,440,Santa Cruz,23550393,-22.930566,-43.680621
Rua,Para,115,Engenho Novo,20715010,-22.912183,-43.269037
Rua,Para,93,Engenho Novo,20715010,-22.912055,-43.268794
Rua,Para,97,Engenho Novo,20715010,-22.912190,-43.268874
Rua,Para,55,Engenho Novo,20715010,-22.912481,-43.268108
Rua,Para,63,Engenho Novo,20715010,-22.912204,-43.268586
Rua,Paula Matos,40,Santa Teresa,20251550,-22.912656,-43.194570
Rua,Paula Matos,74,Santa Teresa,20251550,-22.912423,-43.193805
Escada,Afonso,6,Santa Teresa,20251320,-22.922693,-43.193498
Rua,Joaquim Pinheiro,311,Freguesia,22743660,-22.932594,-43.334148
Rua,Joaquim Pinheiro,301,Freguesia,22743660,-22.932367,-43.334797
Rua,Joaquim Pinheiro,281,Freguesia,22743660,-22.933039,-43.334243
Rua,Joaquim Pinheiro,215,Freguesia,22743660,-22.933096,-43.334865
Rua,Joaquim Pinheiro,205,Freguesia,22743660,-22.933206,-43.334792
Rua,Angra dos Reis,206,Penha,21070240,-22.847228,-43.289543
Rua,Das Nogueiras,2,Bosque dos Palmares,23580250,-22.892922,-43.633280
Rua,Das Gracas,79,Jacarezinho,20972000,-22.885561,-43.254975
Via,Seletiva,110,Mare,21046020,-22.865634,-43.233517
Rua,175,5,Realengo,21730240,-22.867810,-43.438988
Rua,175,1,Realengo,21730240,-22.867456,-43.438623
Rua,Andiras de Abreu,429,Palmares,23066080,-22.886447,-43.637999
Rua,Saturnino,335,Inhoaiba,23062190,-22.901868,-43.599135
Rua,Saturnino,325,Inhoaiba,23062190,-22.901981,-43.599163
Rua,Luiz Beltrao,1,Vila Valqueire,21321232,-22.890741,-43.358995
Rua,Luiz Beltrao,6,Vila Valqueire,21321232,-22.890437,-43.358700
Rua,Luiz Beltrao,7,Vila Valqueire,21321232,-22.890321,-43.358863
Rua,Luiz Beltrao,1127,Vila Valqueire,21321232,-22.890339,-43.358626
Rua,Luiz Beltrao,0,Vila Valqueire,21321232,-22.890089,-43.358655
Rua,Alcobaca,201,Ricardo de Albuquerque,21640001,-22.834800,-43.392023
Estrada,Dicurana,44,Inhoaiba,23057300,-22.922415,-43.599335
Rua,Hugo Barreto,109,Senador Camara,21831050,-22.883429,-43.484915
Rua,Edgardino Pinta,310,Freguesia,21911280,-22.790997,-43.175746
Rua,Edgardino Pinta,164,Freguesia,21911280,-22.791704,-43.176985
Rua,Bonsucesso,446,Bonsucesso,21040320,-22.862526,-43.255116
Rua,Bonsucesso,456,Bonsucesso,21040320,-22.862536,-43.255133
Rua,Bonsucesso,404,Bonsucesso,21040320,-22.862369,-43.254487
Rua,Bonsucesso,486,Bonsucesso,21040320,-22.862473,-43.255374
Rua,Bonsucesso,536,Bonsucesso,21040320,-22.862378,-43.255889
Rua,Bonsucesso,476,Bonsucesso,21040320,-22.862450,-43.255306
Rua,Bonsucesso,556,Bonsucesso,21040320,-22.862153,-43.256054
Rua,Bonsucesso,494,Bonsucesso,21040320,-22.862390,-43.255372
Rua,Bonsucesso,570,Bonsucesso,21040320,-22.862361,-43.256174
Rua,Bonsucesso,480,Bonsucesso,21040320,-22.862453,-43.255365
Rua,Piratuba,631,Rocha Miranda,21540570,-22.847899,-43.338863
Rua,Espirito Santo Cardoso,208,Tijuca,20530500,-22.930752,-43.244609
Rua,Espirito Santo Cardoso,230,Tijuca,20530500,-22.930893,-43.244892
Rua,Espirito Santo Cardoso,244,Tijuca,20530500,-22.931005,-43.244915
Rua,Espirito Santo Cardoso,272,Tijuca,20530500,-22.931205,-43.245018
Rua,Jardim Botanico,182,Jardim Botanico,22461000,-22.960526,-43.207523
Rua,Jardim Botanico,192,Jardim Botanico,22461000,-22.960636,-43.207625
Rua,Damiao Cosme de Lima,22,Campo Grande,23090500,-22.875801,-43.552900
Rua,Damiao Cosme de Lima,56,Campo Grande,23090500,-22.876152,-43.552803
Rua,Damiao Cosme de Lima,116,Campo Grande,23090500,-22.876661,-43.552608
Rua,De Sabara,109,Jardim Botanico,22460290,-22.966270,-43.233835
Lote,27 Quadra 3,21,Gardenia Azul,22763627,-22.963934,-43.348020
Lote,27 Quadra 3,22,Gardenia Azul,22763627,-22.963953,-43.348091
Lote,27 Quadra 3,24,Gardenia Azul,22763627,-22.964093,-43.348040
Lote,27 Quadra 3,25,Gardenia Azul,22763627,-22.964206,-43.348133
Lote,27 Quadra 3,26,Gardenia Azul,22763627,-22.964204,-43.348140
Lote,27 Quadra 3,29,Gardenia Azul,22763627,-22.964439,-43.348125
Lote,27 Quadra 3,32,Gardenia Azul,22763627,-22.964711,-43.348185
Rua,Joao de Almeida Pereira Filho,42,Senador Camara,21832070,-22.897410,-43.488624
Rua,Luiz Pimenta,33,Caju,20931004,-22.879762,-43.221340
Rua,Coleiro,1021,Bangu,21865080,-22.850502,-43.460144
Travessa,Souza,21,Inhoaiba,23059786,-22.911609,-43.605737
Travessa,Souza,20,Inhoaiba,23059786,-22.911674,-43.605665
Travessa,Souza,15,Inhoaiba,23059786,-22.911782,-43.605728
Rua,Hugo Barreto,129,Senador Camara,21831050,-22.883556,-43.485028
Rua,Hugo Barreto,85,Senador Camara,21831050,-22.883244,-43.485227
Rua,Hugo Barreto,73,Senador Camara,21831050,-22.883117,-43.485079
Rua,Joaquim Pinheiro,271,Freguesia,22743660,-22.932719,-43.335740
Rua,Adolfo Porto,201,Portuguesa,21920310,-22.798102,-43.198778
Rua,Adolfo Porto,203,Portuguesa,21920310,-22.798145,-43.198747
Rua,Paulo Stuart Wright,102,Paciencia,23587260,-22.923055,-43.624156
Rua,Saboia Lima,35,Tijuca,20521250,-22.932563,-43.233986
Rua,Hilton de Albuquerque,40,Bangu,21863850,-22.845296,-43.468449
Rua,Para,79,Engenho Novo,20715010,-22.912128,-43.268735
Rua,Para,145,Engenho Novo,20715010,-22.912202,-43.269354
Rua,09,26,Paciencia,23580580,-22.913689,-43.630583
Estrada,Roser,1065,Iraja,21220560,-22.843626,-43.322500
Rua,Lauro Evangelista,23,Santa Cruz,23510110,-22.914013,-43.678738
Estrada,De Sepetiba,3202,Nova Sepetiba,23545003,-22.960569,-43.698798
Rua,Edgardino Pinta,87,Freguesia,21911280,-22.791435,-43.176441
Travessa,5 de Novembro,9,Rocha Miranda,21510260,-22.838828,-43.346988
Rua,Pequia,20,Cosmos,23060470,-22.911115,-43.611990
Rua,Hilton Gama,497,Rio de Janeiro,21625150,-22.833377,-43.398494
Rua,Lourenco Filho,321,Barra da Tijuca,22630140,-23.007075,-43.351674
Rua,Lourenco Filho,316,Barra da Tijuca,22630140,-23.007086,-43.351666
Rua,Lourenco Filho,410,Barra da Tijuca,22630140,-23.006728,-43.351782
Rua,Das Nogueiras,9,Bosque dos Palmares,23580250,-22.892740,-43.633486
Rua,Para,103,Engenho Novo,20715010,-22.912126,-43.269056
Estrada,Roser,1081,Iraja,21220560,-22.843725,-43.322643
Travessa,Souza,22,Inhoaiba,23059786,-22.911373,-43.605718
Vila,11,2,Mare,21042000,-22.866033,-43.241216
Rua,Ramon Franco,45,Urca,22290290,-22.953043,-43.167192
Travessa,Dos Teixeiras,4,Taquara,22723205,-22.907090,-43.422685
Travessa,Dos Teixeiras,8,Taquara,22723205,-22.906813,-43.422666
Rua,Itapicuru Coelho,171,Tomas Coelho,21370550,-22.862552,-43.308950
Rua,175,7,Realengo,21730240,-22.867798,-43.439118
Rua,Da Chita,309,Bangu,21862170,-22.872122,-43.464126
Rua,Andiras de Abreu,473,Palmares,23066080,-22.886854,-43.637856
Rua,Rui da Cruz Almeida,85,Colegio,21235350,-22.834352,-43.328631
Lote,27 Quadra 3,27,Gardenia Azul,22763627,-22.964250,-43.348089
Ladeira,Do Faria,92,Gamboa,20221380,-22.899635,-43.193104
Rua,Costa Ribeiro,510,Jardim America,21240290,-22.807278,-43.327287
Travessa,Trinta e Seis,5,Santa Cruz Antares Planeta,23590450,-22.920862,-43.664188
Rua,Adolfo Porto,235,Portuguesa,21920310,-22.798088,-43.198746
Rua,Antonio Sousa,533,46,21240430,-22.812642,-43.318709
Rua,Do Orador,22,Bangu,21842060,-22.873016,-43.478556
Rua,Do Orador,18,Bangu,21842060,-22.873079,-43.478810
Rua,Do Orador,34,Bangu,21842060,-22.873007,-43.478205
Rua,Inimbe,1,Cachoeirinha,20715440,-22.914183,-43.280483
Rua,Paula Matos,38,Santa Teresa,20251550,-22.912613,-43.194587
Rua,Paula Matos,44,Santa Teresa,20251550,-22.912303,-43.194478
Rua,Miguel,469,Realengo,21755080,-22.885175,-43.423565
Rua,Caranda,132,Piedade,20740580,-22.903620,-43.312070
Rua,Hugo Barreto,95,Senador Camara,21831050,-22.883307,-43.485111
Rua,Andiras de Abreu,521,Palmares,23066080,-22.887286,-43.637588
Rua,Tamarindo,4174,Senador Camara,21840446,-22.875466,-43.487924
Rua,Pequia,635,Cosmos,23060470,-22.911141,-43.611823
Ladeira,Do Faria,94,Gamboa,20221380,-22.899610,-43.193227
Rua,Rio da Prata,694,Bangu,21820097,-22.885868,-43.469352
Rua,Das Nogueiras,28,Bosque dos Palmares,23580250,-22.891897,-43.633459
Rua,Joaquim Pinheiro,303,Freguesia,22743660,-22.932700,-43.334668
Via,Seletiva,114,Mare,21046020,-22.865791,-43.233517
Rua,Adolfo Porto,245,Portuguesa,21920310,-22.797077,-43.200385
Rua,Paulo Stuart Wright,38,Paciencia,23587260,-22.923085,-43.624703
Rua,Paulo Stuart Wright,118,Paciencia,23587260,-22.922988,-43.623935
Rua,09,28,Paciencia,23580580,-22.913721,-43.630542
Rua,Paula Matos,28,Santa Teresa,20251550,-22.912784,-43.194610
Rua,Miguel,327,Realengo,21755080,-22.884539,-43.422523
Rua,Lauro Evangelista,59,Santa Cruz,23510110,-22.914014,-43.678387
Rua,Otawa,438,Vigario Geral,21241220,-22.814816,-43.306713
Rua,Da Chita,361,Bangu,21862170,-22.871809,-43.463847
Rua,Caminho do Lucio,135,Bangu,21843000,-22.868358,-43.474457
Lote,27 Quadra 3,31,Gardenia Azul,22763627,-22.964638,-43.348131
Rua,Nilton Santos,100,Alto Kennedy,21850118,-22.859093,-43.477997
Rua,Rio da Prata,720,Bangu,21820097,-22.885884,-43.469555
Rua,Costa Ribeiro,560,Jardim America,21240290,-22.806994,-43.326875
Rua,Das Nogueiras,35,Bosque dos Palmares,23580250,-22.891717,-43.633430
Rua,Das Nogueiras,32,Bosque dos Palmares,23580250,-22.891704,-43.633411
Rua,Fernandes Sampaio,447,Jardim Sulacap,21741200,-22.890678,-43.394187
Rua,Fernandes Sampaio,419,Jardim Sulacap,21741200,-22.890344,-43.394177
Avenida,Lusitania,199,Penha Circular,21011630,-22.829731,-43.279899
Rua,Rodrigo Cabral,209,Parque Columbia,21535420,-22.815925,-43.340140
Travessa,Souza,23,Inhoaiba,23059786,-22.911248,-43.605730
Rua,Paula Matos,42,Santa Teresa,20251550,-22.912491,-43.194582
Rua,Caranda,218,Piedade,20740580,-22.903473,-43.312473
Rua,Lauro Evangelista,35,Santa Cruz,23510110,-22.913996,-43.678643
Rua,Da Chita,199,Bangu,21862170,-22.873197,-43.463743
Estrada,Dicurana,46,Inhoaiba,23057300,-22.922524,-43.599479
Rua,Bonsucesso,564,Bonsucesso,21040320,-22.862384,-43.256074
Rua,Rui da Cruz Almeida,95,Colegio,21235350,-22.834373,-43.328485
Rua,Paranhos da Silva,480,Jardim Guanabara,21931155,-22.813932,-43.193907
Ladeira,Do Faria,76,Gamboa,20221380,-22.899534,-43.192686
Rua,Seis Ou Hortencia da Uniao,107,Cosmos,23065070,-22.909107,-43.624661
Rua,Costa Ribeiro,530,Jardim America,21240290,-22.807407,-43.327378
Rua,Das Nogueiras,67,Bosque dos Palmares,23580250,-22.890565,-43.633377
Rua,Francisco Muratori,120,Santa Teresa,20230080,-22.916434,-43.181464
Rua,Filomena Fragoso,133,Oswaldo Cruz,21340480,-22.873617,-43.345769
Rua,Filomena Fragoso,31,Oswaldo Cruz,21340480,-22.872637,-43.345351
Rua,Barra do Pirai,38,Campo Grande,23082000,-22.893913,-43.570218
Rua,Paula Matos,92,Santa Teresa,20251550,-22.912637,-43.193457
Travessa,Dos Teixeiras,12,Taquara,22723205,-22.907053,-43.422591
Rua,Miguel,307,Realengo,21755080,-22.884356,-43.422275
Rua,Caranda,96,Piedade,20740580,-22.903713,-43.311711
Rua,Lauro Evangelista,95,Santa Cruz,23510110,-22.914104,-43.677995
Estrada,Dos Coqueiros,736,Bangu,21843000,-22.874531,-43.499568
Rua,Bonsucesso,460,Bonsucesso,21040320,-22.862146,-43.255175
Rua,Damiao Cosme de Lima,70,Campo Grande,23090500,-22.876226,-43.552727
Rua,Paranhos da Silva,320,Jardim Guanabara,21931155,-22.814790,-43.193889
Rua,Nova Vida,80,Anchieta,23064300,-22.827643,-43.382179
Rua,Das Gracas,72,Jacarezinho,20972000,-22.885418,-43.254976
Rua,Saboia Lima,31,Tijuca,20521250,-22.932318,-43.234195
Rua,Hilton de Albuquerque,14,Bangu,21863850,-22.844908,-43.467744
Rua,Para,109,Engenho Novo,20715010,-22.912184,-43.268957
Rua,Iv Centenario,19,Parada de Lucas,21010330,-22.811710,-43.298221
Rua,Geraldo Ramos,27,Parada de Lucas,21010000,-22.812558,-43.298513
Rua,Paratinga,210,Vista Alegre,21230772,-22.830784,-43.316909
Rua,Paratinga,214,Vista Alegre,21230772,-22.830792,-43.316887
Rua,Miguel,479,Realengo,21755080,-22.885506,-43.423609
Rua,Miguel,287,Realengo,21755080,-22.884438,-43.422097
Rua,Otawa,430,Vigario Geral,21241220,-22.814875,-43.306739
Estrada,Do Catonho,26,Sulacap,22725000,-22.905945,-43.380487
Rua,Damiao Cosme de Lima,36,Campo Grande,23090500,-22.876714,-43.552637
Rua,Rui da Cruz Almeida,55,Colegio,21235350,-22.834314,-43.328898
Rua,Rui da Cruz Almeida,15,Colegio,21235350,-22.834228,-43.329248
Lote,27 Quadra 3,23,Gardenia Azul,22763627,-22.964006,-43.348027
Rua,Da Feira,315,Bangu,21820030,-22.880117,-43.469507
Rua,Clarice Indio do Brasil,3,Botafogo,22230090,-22.940070,-43.178493
Rua,Das Nogueiras,64,Bosque dos Palmares,23580250,-22.890608,-43.633359
Rua,Das Nogueiras,11,Bosque dos Palmares,23580250,-22.892584,-43.633433
Rua,Francisco Muratori,132,Santa Teresa,20230080,-22.916284,-43.181402
Rua,Paulo Stuart Wright,70,Paciencia,23587260,-22.923061,-43.624351
Rua,Hilton de Albuquerque,6,Bangu,21863850,-22.844922,-43.467552
Rua,09,16,Paciencia,23580580,-22.913960,-43.630684
Rua,Rodrigo Cabral,219,Parque Columbia,21535420,-22.815936,-43.339956
Rua,Barra do Pirai,48,Campo Grande,23082000,-22.893999,-43.570134
Rua,Miguel,429,Realengo,21755080,-22.885109,-43.423299
Estrada,De Sepetiba,5486,Nova Sepetiba,23545003,-22.959186,-43.694517
Rua,Rinare,303,Realengo,21710200,-22.880803,-43.425549
Rua,Edgardino Pinta,224,Freguesia,21911280,-22.790991,-43.175600
Rua,Projetada 1,77,Santissimo,23097710,-22.863910,-43.523356
Rua,Itaete,60,Colegio,21545220,-22.847258,-43.341792
Rua,Itaete,62,Colegio,21545220,-22.847347,-43.341818
Beco,Das Palmeiras D,103,Santa Cruz,23550027,-22.921457,-43.694782
Beco,Das Palmeiras D,70,Santa Cruz,23550027,-22.921641,-43.694678
Rua,Paranhos da Silva,100,Jardim Guanabara,21931155,-22.816051,-43.192964
Rua,Da Feira,295,Bangu,21820030,-22.880080,-43.469404
Travessa,Liberdade,3,Urucania,23573000,-22.907580,-43.650160
Rua,Do Orador,28,Bangu,21842060,-22.872956,-43.478448
Rua,Grimaldo,50,Santa Cruz,23575270,-22.878133,-43.658111
Rua,175,8,Realengo,21730240,-22.867756,-43.439197
Rua,Joao de Almeida Pereira Filho,36,Senador Camara,21832070,-22.897721,-43.488971
Rua,Andiras de Abreu,457,Palmares,23066080,-22.886641,-43.637970
Ladeira,Do Faria,108,Gamboa,20221380,-22.899869,-43.193478
Rua,Hilton Gama,421,Rio de Janeiro,21625150,-22.833895,-43.397738
Rua,Rio da Prata,680,Bangu,21820097,-22.885952,-43.469120
Rua,Das Nogueiras,50,Bosque dos Palmares,23580250,-22.891022,-43.633406
Rua,Das Nogueiras,40,Bosque dos Palmares,23580250,-22.891453,-43.633429
Estrada,De Sepetiba,128,Nova Sepetiba,23545003,-22.959659,-43.696534
Rua,Otawa,418,Vigario Geral,21241220,-22.814585,-43.306693
Rua,Da Chita,223,Bangu,21862170,-22.873063,-43.463832
Beco,Do Pisca,313,Senador Camara,21831336,-22.893161,-43.486424
Estrada,Pedro de Alcantara,9,Deodoro,21615310,-22.856682,-43.390436
Estrada,Pedro de Alcantara,6,Deodoro,21615310,-22.856660,-43.390434
Travessa,5 de Novembro,11,Rocha Miranda,21510260,-22.838778,-43.347055
Rua,Paranhos da Silva,62,Jardim Guanabara,21931155,-22.816248,-43.192745
Rua,Hilton Gama,567,Rio de Janeiro,21625150,-22.833004,-43.399145
Rua,Hilton Gama,527,Rio de Janeiro,21625150,-22.833197,-43.398725
Rua,Luiz Beltrao,3,Vila Valqueire,21321232,-22.890649,-43.358933
Via,Seletiva,108,Mare,21046020,-22.865615,-43.233431
Rua,Filomena Fragoso,73,Oswaldo Cruz,21340480,-22.873043,-43.345682
Rua,Paulo Stuart Wright,134,Paciencia,23587260,-22.922999,-43.623780
Rua,Para,87,Engenho Novo,20715010,-22.912163,-43.268775
Rua,09,30,Paciencia,23580580,-22.913546,-43.630425
Rua,Do Orador,36,Bangu,21842060,-22.872980,-43.478130
Rua,Do Orador,24,Bangu,21842060,-22.872953,-43.478654
Rua,Ari Chagas,258,Sepetiba,23540000,-22.973781,-43.704109
Rua,Barra do Pirai,100,Campo Grande,23082000,-22.893694,-43.570415
Rua,Januario Barbosa,301,Taquara,22720390,-22.916805,-43.388209
Rua,Lauro Evangelista,83,Santa Cruz,23510110,-22.914030,-43.678231
Estrada,De Sepetiba,4600,Nova Sepetiba,23545003,-22.959216,-43.694914
Rua,Otawa,390,Vigario Geral,21241220,-22.814384,-43.306662
Rua,Edgardino Pinta,227,Freguesia,21911280,-22.791083,-43.175871
Rua,Itaete,56,Colegio,21545220,-22.846468,-43.340821
Rua,Itaete,30,Colegio,21545220,-22.847046,-43.341486
Rua,Damiao Cosme de Lima,10,Campo Grande,23090500,-22.875708,-43.552877
Rua,Hilton Gama,545,Rio de Janeiro,21625150,-22.833031,-43.398875
Rua,Hilton Gama,459,Rio de Janeiro,21625150,-22.833659,-43.398150
Rua,Luiz Beltrao,4,Vila Valqueire,21321232,-22.890563,-43.358851
Rua,Bocaiuva,28,Paciencia,23587610,-22.927067,-43.627701
Rua,Filomena Fragoso,199,Oswaldo Cruz,21340480,-22.873767,-43.346502
Rua,Hilton de Albuquerque,22,Bangu,21863850,-22.845064,-43.468032
Rua,Geraldo Ramos,35,Parada de Lucas,21010000,-22.812726,-43.298695
Estrada,Roser,1043,Iraja,21220560,-22.843377,-43.322365
Rua,Cybber Porto Mendonca,92,Antares,23510360,-22.919440,-43.653278
Rua,175,2,Realengo,21730240,-22.867670,-43.438600
Rua,Januario Barbosa,1080,Taquara,22720390,-22.917069,-43.388223
Rua,Gustavo Sampaio,840,Leme,22010010,-22.963934,-43.172487
Estrada,De Sepetiba,4576,Nova Sepetiba,23545003,-22.959347,-43.695181
Estrada,De Sepetiba,148,Nova Sepetiba,23545003,-22.959413,-43.695675
Rua,Da Chita,379,Bangu,21862170,-22.871556,-43.463791
Rua,Itaete,80,Colegio,21545220,-22.847445,-43.341823
Caminho,Da Mina,51,Senador Camara,21843000,-22.867373,-43.499190
Rua,Das Nogueiras,65,Bosque dos Palmares,23580250,-22.890663,-43.633326
Rua,Das Nogueiras,22,Bosque dos Palmares,23580250,-22.892061,-43.633414
Rua,Filomena Fragoso,175,Oswaldo Cruz,21340480,-22.873137,-43.347240
Rua,Filomena Fragoso,67,Oswaldo Cruz,21340480,-22.872966,-43.345634
Rua,Paulo Stuart Wright,54,Paciencia,23587260,-22.923214,-43.624446
Rua,Hilton de Albuquerque,30,Bangu,21863850,-22.845166,-43.468185
Rua,Do Orador,20,Bangu,21842060,-22.872982,-43.478750
Travessa,Souza,39,Inhoaiba,23059786,-22.911740,-43.605602
Rua,Paula Matos,72,Santa Teresa,20251550,-22.912253,-43.194054
Travessa,Dos Teixeiras,6,Taquara,22723205,-22.907088,-43.422658
Rua,Otawa,332,Vigario Geral,21241220,-22.813886,-43.306611
Rua,Da Chita,381,Bangu,21862170,-22.871836,-43.463816
Rua,Itaete,10,Colegio,21545220,-22.847499,-43.342057
Estrada,Dicurana,45,Inhoaiba,23057300,-22.922356,-43.599459
Rua,Bonsucesso,500,Bonsucesso,21040320,-22.862462,-43.255678
Rua,Damiao Cosme de Lima,86,Campo Grande,23090500,-22.876281,-43.552777
Rua,Paranhos da Silva,460,Jardim Guanabara,21931155,-22.814133,-43.193619
Rua,Seis Ou Hortencia da Uniao,110,Cosmos,23065070,-22.909175,-43.624927
Rua,Aparecida,178,Penha,21072740,-22.850715,-43.287818
Rua,Lourenco Filho,247,Barra da Tijuca,22630140,-23.007720,-43.351542
Rua,Filomena Fragoso,181,Oswaldo Cruz,21340480,-22.873638,-43.346431
Estrada,Roser,1091,Iraja,21220560,-22.843688,-43.322617
Rua,Diogenes Sampaio,3,Humaita,22261100,-22.956111,-43.202296
Rua,Do Orador,4,Bangu,21842060,-22.872895,-43.479340
Avenida,Gastao Rangel,510,Santa Cruz,23550393,-22.930947,-43.681009
Rua,Grimaldo,2,Santa Cruz,23575270,-22.879537,-43.657340
Rua,Paula Matos,68,Santa Teresa,20251550,-22.912192,-43.194020
Travessa,Dos Teixeiras,9,Taquara,22723205,-22.907358,-43.422704
Rua,Miguel,459,Realengo,21755080,-22.885444,-43.423439
Rua,Miguel,419,Realengo,21755080,-22.885198,-43.423380
Estrada,Pedro de Alcantara,2,Deodoro,21615310,-22.856678,-43.390401
Rua,Damiao Cosme de Lima,164,Campo Grande,23090500,-22.877112,-43.552529
Rua,Costa Ribeiro,580,Jardim America,21240290,-22.807048,-43.326754
Rua,Aparecida,176,Penha,21072740,-22.850790,-43.287736
Rua,Lourenco Filho,381,Barra da Tijuca,22630140,-23.006921,-43.351787
Beco,Xavante,1,Dende,21920000,-22.802141,-43.182965
Rua,Filomena Fragoso,43,Oswaldo Cruz,21340480,-22.872758,-43.345404
Rua,Para,125,Engenho Novo,20715010,-22.912177,-43.269103
Rua,Geraldo Ramos,21,Parada de Lucas,21010000,-22.812516,-43.298283
Rua,Do Orador,32,Bangu,21842060,-22.872969,-43.478368
Travessa,Rita,38,Cosmos,21853026,-22.908166,-43.607191
Rua,Paula Matos,36,Santa Teresa,20251550,-22.912634,-43.194627
Rua,Paula Matos,48,Santa Teresa,20251550,-22.912089,-43.194433
Travessa,Dos Teixeiras,20,Taquara,22723205,-22.907235,-43.421953
Rua,Caranda,62,Piedade,20740580,-22.903628,-43.311347
Rua,Lauro Evangelista,191,Santa Cruz,23510110,-22.914412,-43.677150
Rua,Rinare,291,Realengo,21710200,-22.881075,-43.425802
Rua,Da Chita,507,Bangu,21862170,-22.870462,-43.463867
Rua,Da Chita,209,Bangu,21862170,-22.873170,-43.463802
Rua,Edgardino Pinta,229,Freguesia,21911280,-22.791266,-43.176153
Rua,Paissandu,250,Flamengo,22210080,-22.935814,-43.180111
Rua,Paissandu,274,Flamengo,22210080,-22.936130,-43.180583
Travessa,Jose Lima,11,Vila Kennedy,21852630,-22.854819,-43.497036
Rua,Bonsucesso,440,Bonsucesso,21040320,-22.862573,-43.254951
Rua,Das Nogueiras,17,Bosque dos Palmares,23580250,-22.892377,-43.633425
Rua,Para,177,Engenho Novo,20715010,-22.912257,-43.269707
Rua,09,36,Paciencia,23580580,-22.913376,-43.630322
Rua,Do Orador,12,Bangu,21842060,-22.872946,-43.479144
Avenida,Gastao Rangel,480,Santa Cruz,23550393,-22.930768,-43.680962
Rua,Miguel,377,Realengo,21755080,-22.884851,-43.422876
Rua,Lauro Evangelista,143,Santa Cruz,23510110,-22.914149,-43.677619
Rua,Andiras de Abreu,461,Palmares,23066080,-22.886766,-43.637887
Rua,Caminho do Lucio,2,Bangu,21843000,-22.867204,-43.475326
Rua,Nova Vida,90,Anchieta,23064300,-22.827750,-43.382100
Via,Seletiva,112,Mare,21046020,-22.865807,-43.233646
Rua,Antonio Sousa,541,46,21240430,-22.812568,-43.318673
Rua,09,22,Paciencia,23580580,-22.913815,-43.630560
Rua,Do Orador,46,Bangu,21842060,-22.873024,-43.477696
Rua,Paula Matos,64,Santa Teresa,20251550,-22.912210,-43.194192
Rua,175,3,Realengo,21730240,-22.867525,-43.438746
Rua,Miguel,337,Realengo,21755080,-22.884568,-43.422647
Rua,Gustavo Sampaio,802,Leme,22010010,-22.963943,-43.172759
Rua,Otawa,422,Vigario Geral,21241220,-22.814647,-43.306700
Rua,Da Chita,527,Bangu,21862170,-22.870392,-43.463844
Rua,Da Chita,369,Bangu,21862170,-22.871537,-43.463820
Rua,Da Chita,235,Bangu,21862170,-22.872897,-43.463829
Avenida,Jose dos Campos,71,Jardim Maravilha,23031330,-22.962281,-43.612225
Rua,Nilton Santos,14,Alto Kennedy,21850118,-22.858938,-43.478099
Escada,Afonso,14,Santa Teresa,20251320,-22.922702,-43.193426
Rua,Hilton Gama,517,Rio de Janeiro,21625150,-22.833272,-43.398637
Rua,Hilton Gama,435,Rio de Janeiro,21625150,-22.833841,-43.397965
Rua,Lourenco Filho,227,Barra da Tijuca,22630140,-23.007842,-43.351423
Rua,Joaquim Pinheiro,307,Freguesia,22743660,-22.932615,-43.334133
Rua,Filomena Fragoso,117,Oswaldo Cruz,21340480,-22.873281,-43.345958
Rua,Filomena Fragoso,0,Oswaldo Cruz,21340480,-22.872854,-43.345502
Rua,Angra dos Reis,205,Penha,21070240,-22.847146,-43.289877
Rua,Do Orador,6,Bangu,21842060,-22.872990,-43.479310
Rua,Paula Matos,78,Santa Teresa,20251550,-22.912375,-43.193730
Rua,Lauro Evangelista,155,Santa Cruz,23510110,-22.914203,-43.677533
Rua,Da Chita,419,Bangu,21862170,-22.871256,-43.463842
Rua,Da Chita,229,Bangu,21862170,-22.872945,-43.463738
Rua,Andiras de Abreu,405,Palmares,23066080,-22.886258,-43.638161
Rua,Itaete,34,Colegio,21545220,-22.846754,-43.341287
Rua,Rui da Cruz Almeida,25,Colegio,21235350,-22.834253,-43.329188
Ladeira,Do Faria,96,Gamboa,20221380,-22.899627,-43.193241
Rua,Das Nogueiras,24,Bosque dos Palmares,23580250,-22.892072,-43.633424
Rua,Adolfo Porto,215,Portuguesa,21920310,-22.798088,-43.198753
Rua,09,4,Paciencia,23580580,-22.914301,-43.631082
Rua,09,12,Paciencia,23580580,-22.914092,-43.630871
Rua,09,14,Paciencia,23580580,-22.914007,-43.630766
Avenida,Gastao Rangel,478,Santa Cruz,23550393,-22.930711,-43.680845
Rua,Joao de Almeida Pereira Filho,127,Senador Camara,21832070,-22.897271,-43.488411
Rua,Da Chita,289,Bangu,21862170,-22.872475,-43.463774
Rua,Andiras de Abreu,417,Palmares,23066080,-22.886393,-43.638006
Rua,Bonsucesso,490,Bonsucesso,21040320,-22.862434,-43.255443
Rua,Saturnino,295,Inhoaiba,23062190,-22.902330,-43.599140
Rua,Rio da Prata,714,Bangu,21820097,-22.885987,-43.469363
Estrada,Roser,999,Iraja,21220560,-22.843208,-43.322012
Rua,Do Orador,38,Bangu,21842060,-22.873039,-43.478062
Rua,Paula Matos,26,Santa Teresa,20251550,-22.912962,-43.194492
Rua,Lauro Evangelista,179,Santa Cruz,23510110,-22.914335,-43.677278
Rua,Da Jaqueira,110,Vargem Grande,22785155,-22.967594,-43.498967
Rua,09,10,Paciencia,23580580,-22.914241,-43.630968
Rua,Geraldo Ramos,31,Parada de Lucas,21010000,-22.812687,-43.298499
Estrada,Roser,1009,Iraja,21220560,-22.843246,-43.322072
Rua,Miguel,449,Realengo,21755080,-22.885248,-43.423420
Estrada,Pedro de Alcantara,7,Deodoro,21615310,-22.856660,-43.390434
Rua,Damiao Cosme de Lima,100,Campo Grande,23090500,-22.876448,-43.552647
Rua,Paranhos da Silva,260,Jardim Guanabara,21931155,-22.815731,-43.194148
Rua,Seis Ou Hortencia da Uniao,109,Cosmos,23065070,-22.909198,-43.624806
Rua,Das Nogueiras,23,Bosque dos Palmares,23580250,-22.892150,-43.633422
Rua,Adolfo Porto,265,Portuguesa,21920310,-22.798093,-43.198745
Rua,Fernandes Sampaio,405,Jardim Sulacap,21741200,-22.889921,-43.394154
Rua,Filomena Fragoso,149,Oswaldo Cruz,21340480,-22.873484,-43.346192
Rua,Hilton de Albuquerque,38,Bangu,21863850,-22.845299,-43.468378
Rua,Para,187,Engenho Novo,20715010,-22.912279,-43.269824
Rua,Otawa,302,Vigario Geral,21241220,-22.813645,-43.306534
Rua,Da Chita,299,Bangu,21862170,-22.872340,-43.463757
Rua,Bonsucesso,520,Bonsucesso,21040320,-22.862420,-43.255764
Rua,Damiao Cosme de Lima,0,Campo Grande,23090500,-22.876769,-43.552524
Rua,Paranhos da Silva,470,Jardim Guanabara,21931155,-22.813916,-43.193686
Rua,Lourenco Filho,360,Barra da Tijuca,22630140,-23.007029,-43.351684
Rua,Lourenco Filho,430,Barra da Tijuca,22630140,-23.006560,-43.351798
Rua,Luiz Beltrao,5,Vila Valqueire,21321232,-22.890479,-43.358741
Rua,Das Nogueiras,8,Bosque dos Palmares,23580250,-22.892613,-43.633432
Rua,Das Nogueiras,45,Bosque dos Palmares,23580250,-22.891297,-43.633372
Via,Seletiva,106,Mare,21046020,-22.865493,-43.233510
Rua,Fernandes Sampaio,433,Jardim Sulacap,21741200,-22.890562,-43.394184
Rua,Das Gracas,66,Jacarezinho,20972000,-22.885307,-43.255022
Rua,09,34,Paciencia,23580580,-22.913436,-43.630376
Avenida,Gastao Rangel,508,Santa Cruz,23550393,-22.930811,-43.680887
Rua,Ari Chagas,152,Sepetiba,23540000,-22.973984,-43.704561
Rua,Da Chita,433,Bangu,21862170,-22.870994,-43.463771
Rua,Da Chita,43,Bangu,21862170,-22.870956,-43.463753
Estrada,Dos Coqueiros,733,Bangu,21843000,-22.874629,-43.499380
Rua,Edgardino Pinta,231,Freguesia,21911280,-22.791361,-43.176325
Rua,Itaete,70,Colegio,21545220,-22.847195,-43.341715
Estrada,Pedro de Alcantara,4,Deodoro,21615310,-22.856657,-43.390435
Rua,Paranhos da Silva,350,Jardim Guanabara,21931155,-22.814460,-43.193544
Ladeira,Do Faria,100,Gamboa,20221380,-22.899631,-43.193295
Rua,Das Nogueiras,15,Bosque dos Palmares,23580250,-22.892442,-43.633418
Rua,Paulo Stuart Wright,86,Paciencia,23587260,-22.923032,-43.624191
Rua,Ramon Franco,67,Urca,22290290,-22.951823,-43.169721
Rua,Paula Matos,90,Santa Teresa,20251550,-22.912466,-43.193659
Rua,Flora Rica,35,Engenho da Rainha,20766620,-22.864540,-43.296825
Estrada,De Sepetiba,118,Nova Sepetiba,23545003,-22.959738,-43.696677
Rua,Otawa,374,Vigario Geral,21241220,-22.814216,-43.306726
Rua,Galo da Serra,1,Inhoaiba Nova Cidade,23064540,-22.901665,-43.593264
Rua,Saturnino,305,Inhoaiba,23062190,-22.902232,-43.599174
Rua,Lourenco Filho,400,Barra da Tijuca,22630140,-23.006739,-43.351751
Rua,Filomena Fragoso,61,Oswaldo Cruz,21340480,-22.872839,-43.345666
Rua,Hilton de Albuquerque,4,Bangu,21863850,-22.844875,-43.467489
Estrada,Roser,1019,Iraja,21220560,-22.843242,-43.322163
Rua,Do Orador,10,Bangu,21842060,-22.872993,-43.479121
Rua,Ramon Franco,71,Urca,22290290,-22.952309,-43.167624
Rua,Ramon Franco,79,Urca,22290290,-22.952184,-43.167709
Rua,Joao de Almeida Pereira Filho,30,Senador Camara,21832070,-22.898077,-43.489187
Rua,Joao de Almeida Pereira Filho,44,Senador Camara,21832070,-22.897301,-43.488565
Rua,Da Chita,279,Bangu,21862170,-22.872496,-43.463827
Estrada,Dos Coqueiros,179,Bangu,21843000,-22.874857,-43.498933
Rua,Joaquim Lobo,123,Campo Grande,23042410,-22.927706,-43.556975
Travessa,Jose Lima,9,Vila Kennedy,21852630,-22.854733,-43.497028
Rua,Seis Ou Hortencia da Uniao,103,Cosmos,23065070,-22.908925,-43.624327
Rua,Das Nogueiras,13,Bosque dos Palmares,23580250,-22.892553,-43.633415
Rua,Para,135,Engenho Novo,20715010,-22.912194,-43.269203
Rua,Lauro Evangelista,167,Santa Cruz,23510110,-22.914261,-43.677450
Rua,Joaquim Lobo,22,Campo Grande,23042410,-22.927734,-43.556804
Rua,Luiz Beltrao,2,Vila Valqueire,21321232,-22.890658,-43.359000
Rua,Das Nogueiras,56,Bosque dos Palmares,23580250,-22.890861,-43.633367
Rua,09,18,Paciencia,23580580,-22.913925,-43.630657
Rua,Ari Chagas,140,Sepetiba,23540000,-22.974272,-43.704893
Rua,Ramon Franco,63,Urca,22290290,-22.952310,-43.167413
Rua,175,175,Realengo,21730240,-22.867654,-43.438910
Rua,Andiras de Abreu,497,Palmares,23066080,-22.887071,-43.637725
Rua,Caminho do Lucio,0,Bangu,21843000,-22.867307,-43.475457
Rua,Seis Ou Hortencia da Uniao,108,Cosmos,23065070,-22.909157,-43.624705
Rua,Lourenco Filho,230,Barra da Tijuca,22630140,-23.007881,-43.351383
Rua,Das Nogueiras,55,Bosque dos Palmares,23580250,-22.890954,-43.633413
Rua,Das Nogueiras,46,Bosque dos Palmares,23580250,-22.891229,-43.633401
Rua,Joaquim Pinheiro,255,Freguesia,22743660,-22.932909,-43.334383
Rua,Cecilia,226,Bangu,21810080,-22.881126,-43.458358
Travessa,Rita,42,Cosmos,21853026,-22.908115,-43.607292
Rua,Ari Chagas,346,Sepetiba,23540000,-22.973470,-43.703391
Rua,Barra do Pirai,80,Campo Grande,23082000,-22.893567,-43.570586
Rua,Miguel,409,Realengo,21755080,-22.885023,-43.423248
Rua,Gustavo Sampaio,854,Leme,22010010,-22.963977,-43.172468
Rua,Paranhos da Silva,270,Jardim Guanabara,21931155,-22.815512,-43.194228
Rua,Jardim Botanico,178,Jardim Botanico,22461000,-22.960605,-43.207140
Rua,Lourenco Filho,120,Barra da Tijuca,22630140,-23.008949,-43.351045
Rua,Paratinga,184,Vista Alegre,21230772,-22.830769,-43.317009
Rua,Paula Matos,46,Santa Teresa,20251550,-22.912357,-43.194605
Rua,Joao de Almeida Pereira Filho,29,Senador Camara,21832070,-22.898098,-43.489255
Rua,Lauro Evangelista,119,Santa Cruz,23510110,-22.914141,-43.677797
Avenida,Jose dos Campos,74,Jardim Maravilha,23031330,-22.962367,-43.612260
Rua,Espirito Santo Cardoso,260,Tijuca,20530500,-22.930967,-43.244960
Rua,Bonsucesso,466,Bonsucesso,21040320,-22.862553,-43.255230
Rua,Damiao Cosme de Lima,42,Campo Grande,23090500,-22.876983,-43.552627
Rua,Piratuba,155,Rocha Miranda,21540570,-22.848013,-43.338985
Ladeira,Do Faria,106,Gamboa,20221380,-22.899554,-43.193113
Rua,Hilton Gama,449,Rio de Janeiro,21625150,-22.833790,-43.398015
Rua,Paulo Stuart Wright,150,Paciencia,23587260,-22.922951,-43.623671
Rua,Do Orador,42,Bangu,21842060,-22.873003,-43.477948
Rua,Miguel,489,Realengo,21755080,-22.885523,-43.423712
Rua,Joao de Almeida Pereira Filho,24,Senador Camara,21832070,-22.898347,-43.489422
Estrada,De Sepetiba,3200,Nova Sepetiba,23545003,-22.960465,-43.698510
Rua,Rinare,285,Realengo,21710200,-22.881023,-43.425811
Rua,Damiao Cosme de Lima,40,Campo Grande,23090500,-22.877038,-43.552544
Rua,Paranhos da Silva,280,Jardim Guanabara,21931155,-22.815209,-43.194279
Rua,Costa Ribeiro,540,Jardim America,21240290,-22.807049,-43.327105
Rua,Lourenco Filho,126,Barra da Tijuca,22630140,-23.008639,-43.351380
Rua,Das Nogueiras,27,Bosque dos Palmares,23580250,-22.891972,-43.633407
Rua,Das Nogueiras,10,Bosque dos Palmares,23580250,-22.892548,-43.633432
Rua,Paulo Stuart Wright,22,Paciencia,23587260,-22.923121,-43.624740
Rua,Hilton de Albuquerque,12,Bangu,21863850,-22.844850,-43.467638
Rua,Inimbe,22,Cachoeirinha,20715440,-22.914244,-43.280745
Rua,Lauro Evangelista,11,Santa Cruz,23510110,-22.914018,-43.678879
Beco,Das Palmeiras D,0,Santa Cruz,23550027,-22.921476,-43.694800
Rua,Rui da Cruz Almeida,125,Colegio,21235350,-22.834378,-43.328236
Rua,Rui da Cruz Almeida,115,Colegio,21235350,-22.834428,-43.328355
Rua,Paranhos da Silva,300,Jardim Guanabara,21931155,-22.815150,-43.194187
Rua,Das Nogueiras,39,Bosque dos Palmares,23580250,-22.891638,-43.633401
Rua,Filomena Fragoso,39,Oswaldo Cruz,21340480,-22.872876,-43.345551
Rua,Rodrigo Cabral,229,Parque Columbia,21535420,-22.815959,-43.339891
Rua,Rinare,215,Realengo,21710200,-22.880591,-43.425532
Rua,Alcobaca,293,Ricardo de Albuquerque,21640001,-22.833136,-43.391973
Rua,Saturnino,285,Inhoaiba,23062190,-22.902420,-43.599154
Rua,Das Nogueiras,52,Bosque dos Palmares,23580250,-22.891063,-43.633375
Rua,Das Nogueiras,31,Bosque dos Palmares,23580250,-22.891889,-43.633407
Rua,Das Nogueiras,3,Bosque dos Palmares,23580250,-22.892873,-43.633480
Rua,Adolfo Porto,205,Portuguesa,21920310,-22.798088,-43.198753
Rua,Filomena Fragoso,93,Oswaldo Cruz,21340480,-22.873069,-43.345731
Rua,Geraldo Ramos,37,Parada de Lucas,21010000,-22.812766,-43.298683
Rua,Do Orador,16,Bangu,21842060,-22.872968,-43.478840
Rua,Bonsucesso,550,Bonsucesso,21040320,-22.862332,-43.255943
Rua,Bonsucesso,580,Bonsucesso,21040320,-22.862290,-43.256243
Rua,Damiao Cosme de Lima,76,Campo Grande,23090500,-22.876284,-43.552707
Rua,Geraldo Ramos,25,Parada de Lucas,21010000,-22.812460,-43.298343
Rua,Do Orador,44,Bangu,21842060,-22.872942,-43.477843
Rua,Ari Chagas,154,Sepetiba,23540000,-22.974040,-43.704394
Rua,Joao de Almeida Pereira Filho,33,Senador Camara,21832070,-22.897902,-43.489008
Rua,Caranda,84,Piedade,20740580,-22.903744,-43.311637
Rua,Itaete,36,Colegio,21545220,-22.846810,-43.341317
Beco,Das Palmeiras D,101,Santa Cruz,23550027,-22.921493,-43.694813
Estrada,Dicurana,68,Inhoaiba,23057300,-22.922332,-43.599127
Rua,Seis Ou Hortencia da Uniao,105,Cosmos,23065070,-22.908993,-43.624528
Rua,Bocaiuva,32,Paciencia,23587610,-22.927279,-43.627542
Rua,Das Nogueiras,54,Bosque dos Palmares,23580250,-22.891051,-43.633362
Rua,Hilton de Albuquerque,8,Bangu,21863850,-22.844960,-43.467578
Rua,Hilton de Albuquerque,24,Bangu,21863850,-22.845069,-43.468042
Rua,Galo da Serra,7,Inhoaiba Nova Cidade,23064540,-22.901342,-43.593322
Rua,Piratuba,635,Rocha Miranda,21540570,-22.847746,-43.338735
Rua,Lourenco Filho,450,Barra da Tijuca,22630140,-23.006363,-43.351867
Rua,Francisco de Assis,13,Cosmos,23066370,-22.888996,-43.615536
Rua,Filomena Fragoso,83,Oswaldo Cruz,21340480,-22.873041,-43.345730
Rua,Ari Chagas,180,Sepetiba,23540000,-22.974296,-43.704823
Rua,Flora Rica,157,Engenho da Rainha,20766620,-22.863778,-43.296661
Rua,Lauro Evangelista,47,Santa Cruz,23510110,-22.914043,-43.678516
Rua,Andiras de Abreu,503,Palmares,23066080,-22.887230,-43.637594
Estrada,Pedro de Alcantara,3,Deodoro,21615310,-22.856683,-43.390428
Rua,Espirito Santo Cardoso,220,Tijuca,20530500,-22.930815,-43.244713
Rua,Rui da Cruz Almeida,35,Colegio,21235350,-22.834364,-43.328990
Rua,Hilton Gama,487,Rio de Janeiro,21625150,-22.833482,-43.398423
Rua,Lourenco Filho,211,Barra da Tijuca,22630140,-23.008149,-43.351739
Rua,Flammarion,42,Guarabu,21921480,-22.803107,-43.191744
Rua,Das Nogueiras,21,Bosque dos Palmares,23580250,-22.892295,-43.633422
Rua,Das Nogueiras,30,Bosque dos Palmares,23580250,-22.891758,-43.633419
Rua,Iv Centenario,25,Parada de Lucas,21010330,-22.811390,-43.298406
Rua,Paula Matos,66,Santa Teresa,20251550,-22.912211,-43.194021
Rua,Rinare,305,Realengo,21710200,-22.880702,-43.425512
Rua,Andiras de Abreu,437,Palmares,23066080,-22.886572,-43.637966
Rua,Damiao Cosme de Lima,30,Campo Grande,23090500,-22.875952,-43.552860
Rua,Nilton Santos,16,Alto Kennedy,21850118,-22.859001,-43.478067
Beco,Nova Brasilia D,0,Cantagalo,22071055,-22.980148,-43.196561
Rua,Das Nogueiras,53,Bosque dos Palmares,23580250,-22.891056,-43.633416
Rua,Hilton de Albuquerque,42,Bangu,21863850,-22.845289,-43.468534
Rua,Ari Chagas,322,Sepetiba,23540000,-22.973585,-43.703610
Rua,Damiao Cosme de Lima,20,Campo Grande,23090500,-22.875703,-43.552863
Rua,Das Nogueiras,68,Bosque dos Palmares,23580250,-22.890566,-43.633400
Rua,Das Nogueiras,69,Bosque dos Palmares,23580250,-22.890469,-43.633387
Travessa,Souza,19,Inhoaiba,23059786,-22.911678,-43.605331
Rua,Barra do Pirai,40,Campo Grande,23082000,-22.893847,-43.570250
Estrada,De Sepetiba,3194,Nova Sepetiba,23545003,-22.960173,-43.697852
Rua,Da Chita,261,Bangu,21862170,-22.872711,-43.463877
Rua,Tamarindo,4282,Senador Camara,21840446,-22.875482,-43.487809
Rua,Alcobaca,455,Ricardo de Albuquerque,21640001,-22.831750,-43.391969
Rua,Seis Ou Hortencia da Uniao,106,Cosmos,23065070,-22.909026,-43.624564
Rua,Das Nogueiras,42,Bosque dos Palmares,23580250,-22.891420,-43.633408
Beco,Xavante,35,Dende,21920000,-22.801918,-43.183470
Rua,09,2,Paciencia,23580580,-22.914488,-43.631040
Avenida,Gastao Rangel,506,Santa Cruz,23550393,-22.931088,-43.681075
Rua,Rinare,315,Realengo,21710200,-22.880648,-43.425563
Rua,Andiras de Abreu,381,Palmares,23066080,-22.886085,-43.638157
Rua,Bonsucesso,544,Bonsucesso,21040320,-22.862349,-43.255913
Rua,Damiao Cosme de Lima,108,Campo Grande,23090500,-22.876579,-43.552723
Rua,Das Nogueiras,61,Bosque dos Palmares,23580250,-22.890820,-43.633417
Rua,Hilton de Albuquerque,34,Bangu,21863850,-22.845187,-43.468285
Rua,Andiras de Abreu,485,Palmares,23066080,-22.886958,-43.637757
Rua,Damiao Cosme de Lima,26,Campo Grande,23090500,-22.875912,-43.552819
Travessa,5 de Novembro,1,Rocha Miranda,21510260,-22.838778,-43.347055
Rua,Saturnino,345,Inhoaiba,23062190,-22.901828,-43.599153
Rua,Paranhos da Silva,120,Jardim Guanabara,21931155,-22.816016,-43.193116
Travessa,Silverio Tome,5,Caju,20932280,-22.874126,-43.211221
Rua,Aparecida,174,Penha,21072740,-22.850832,-43.287790
Rua,Clarice Indio do Brasil,23,Botafogo,22230090,-22.939730,-43.179345
Rua,Jaborandi,64,Vila Kosmos,21220220,-22.854092,-43.306012
Rua,Diogenes Sampaio,33,Humaita,22261100,-22.956500,-43.202645
Rua,Piratuba,145,Rocha Miranda,21540570,-22.847965,-43.338879
Rua,Seis Ou Hortencia da Uniao,111,Cosmos,23065070,-22.909306,-43.624934
Rua,Francisco Muratori,134,Santa Teresa,20230080,-22.916103,-43.181515
Rua,Cybber Porto Mendonca,112,Antares,23510360,-22.919225,-43.654893
Rua,Ari Chagas,17,Sepetiba,23540000,-22.973693,-43.703791
Rua,Paula Matos,70,Santa Teresa,20251550,-22.912337,-43.193949
Rua,Da Chita,453,Bangu,21862170,-22.872870,-43.463698
Rua,Manoel Moura Martins,14,Campo Grande,23095580,-22.871360,-43.556934
Rua,Damiao Cosme de Lima,140,Campo Grande,23090500,-22.876876,-43.552571
Rua,Hilton Gama,513,Rio de Janeiro,21625150,-22.833289,-43.398592
Rua,Das Nogueiras,58,Bosque dos Palmares,23580250,-22.890787,-43.633364
Rua,Das Nogueiras,34,Bosque dos Palmares,23580250,-22.891658,-43.633421
Rua,Das Nogueiras,36,Bosque dos Palmares,23580250,-22.891586,-43.633410
Rua,Hilton de Albuquerque,28,Bangu,21863850,-22.845120,-43.468242
Estrada,Roser,1033,Iraja,21220560,-22.843354,-43.322227
Rua,Joao de Almeida Pereira Filho,35,Senador Camara,21832070,-22.895004,-43.495222
Estrada,De Sepetiba,144,Nova Sepetiba,23545003,-22.959437,-43.696203
Rua,Paissandu,272,Flamengo,22210080,-22.936147,-43.180567
Rua,Damiao Cosme de Lima,148,Campo Grande,23090500,-22.876877,-43.552569
Rua,Saturnino,315,Inhoaiba,23062190,-22.901913,-43.599113
Rua,Nilton Santos,8,Alto Kennedy,21850118,-22.859044,-43.478062
Rua,De Abrantes,214,Botafogo,22230061,-22.940487,-43.178573
Rua,Hilton de Albuquerque,18,Bangu,21863850,-22.845008,-43.467987
Rua,Hilton de Albuquerque,26,Bangu,21863850,-22.845096,-43.468120
Rua,Hilton de Albuquerque,32,Bangu,21863850,-22.845265,-43.468217
Rua,Ramon Franco,55,Urca,22290290,-22.952217,-43.167235
Rua,Paula Matos,30,Santa Teresa,20251550,-22.912760,-43.194436
Rua,Joao de Almeida Pereira Filho,26,Senador Camara,21832070,-22.898295,-43.489404
Rua,Da Chita,511,Bangu,21862170,-22.870353,-43.463830
Rua,Da Chita,341,Bangu,21862170,-22.871863,-43.463773
Rua,Itaete,2,Colegio,21545220,-22.847712,-43.342165
Rua,Alcobaca,359,Ricardo de Albuquerque,21640001,-22.832472,-43.391971
Rua,Nilton Santos,12,Alto Kennedy,21850118,-22.858909,-43.478045
Rua,Lourenco Filho,280,Barra da Tijuca,22630140,-23.007556,-43.351521
Rua,Das Nogueiras,4,Bosque dos Palmares,23580250,-22.892725,-43.633399
Rua,Das Nogueiras,14,Bosque dos Palmares,23580250,-22.892339,-43.633398
Avenida,Gastao Rangel,456,Santa Cruz,23550393,-22.930599,-43.680785
Rua,Cybber Porto Mendonca,84,Antares,23510360,-22.919535,-43.652631
Rua,Barra do Pirai,26,Campo Grande,23082000,-22.894057,-43.570065
Rua,Flora Rica,79,Engenho da Rainha,20766620,-22.864341,-43.296797
Rua,Da Chita,537,Bangu,21862170,-22.870718,-43.463831
Rua,Paranhos da Silva,80,Jardim Guanabara,21931155,-22.816674,-43.192680
Rua,Lourenco Filho,242,Barra da Tijuca,22630140,-23.007747,-43.351421
Rua,Das Nogueiras,63,Bosque dos Palmares,23580250,-22.890725,-43.633409
Rua,Das Nogueiras,16,Bosque dos Palmares,23580250,-22.892318,-43.633401
Rua,Hilton de Albuquerque,20,Bangu,21863850,-22.845029,-43.467955
Avenida,Gastao Rangel,516,Santa Cruz,23550393,-22.931068,-43.681050
Rua,Cybber Porto Mendonca,89,Antares,23510360,-22.919521,-43.653051
Rua,Cybber Porto Mendonca,86,Antares,23510360,-22.919519,-43.652806
Rua,Ari Chagas,284,Sepetiba,23540000,-22.973778,-43.703932
Rua,Paula Matos,80,Santa Teresa,20251550,-22.912218,-43.193612
Rua,Edgardino Pinta,200,Freguesia,21911280,-22.791284,-43.176555
Beco,Das Palmeiras D,102,Santa Cruz,23550027,-22.921485,-43.694775
Rua,Das Nogueiras,12,Bosque dos Palmares,23580250,-22.892461,-43.633396
Rua,Para,157,Engenho Novo,20715010,-22.912189,-43.269455
Rua,Diogenes Sampaio,23,Humaita,22261100,-22.956146,-43.202415
Rua,Ari Chagas,310,Sepetiba,23540000,-22.973597,-43.703726
Rua,Andiras de Abreu,393,Palmares,23066080,-22.886152,-43.638132
Avenida,Jose dos Campos,75,Jardim Maravilha,23031330,-22.962392,-43.612270
Rua,Paranhos da Silva,220,Jardim Guanabara,21931155,-22.815811,-43.194007
Escada,Afonso,4,Santa Teresa,20251320,-22.922778,-43.193289
Campo,Cristovao,200,Sao Cristovao,20921430,-22.895612,-43.220500
Rua,De Abrantes,230,Botafogo,22230061,-22.940833,-43.178599
Rua,Lourenco Filho,134,Barra da Tijuca,22630140,-23.008584,-43.351371
Rua,Francisco Muratori,122,Santa Teresa,20230080,-22.916418,-43.181325
Rua,Para,205,Engenho Novo,20715010,-22.912303,-43.270015
Rua,Do Orador,40,Bangu,21842060,-22.872993,-43.477977
Estrada,Pedro de Alcantara,10,Deodoro,21615310,-22.856644,-43.390399
Rua,Rui da Cruz Almeida,75,Colegio,21235350,-22.834359,-43.328731
Rua,Lourenco Filho,196,Barra da Tijuca,22630140,-23.008189,-43.351352
Rua,Das Nogueiras,1,Bosque dos Palmares,23580250,-22.892934,-43.633469
Rua,09,32,Paciencia,23580580,-22.913503,-43.630393
Rua,Ramon Franco,49,Urca,22290290,-22.952971,-43.167507
Rua,Projetada 1,3476,Santissimo,23097710,-22.862564,-43.524278
Rua,Das Nogueiras,43,Bosque dos Palmares,23580250,-22.891436,-43.633409
Rua,Paranhos da Silva,110,Jardim Guanabara,21931155,-22.816088,-43.193031
Rua,De Abrantes,232,Botafogo,22230061,-22.940921,-43.178780
Rua,De Abrantes,234,Botafogo,22230061,-22.940946,-43.178769
Rua,Das Nogueiras,49,Bosque dos Palmares,23580250,-22.891193,-43.633395
Rua,Filomena Fragoso,105,Oswaldo Cruz,21340480,-22.873228,-43.345843
Rua,09,8,Paciencia,23580580,-22.914158,-43.630921
Rua,Barra do Pirai,44,Campo Grande,23082000,-22.893793,-43.570335
Rua,Odette Fiuza,508,Bangu,21862200,-22.867491,-43.463350
Rua,Edgardino Pinta,188,Freguesia,21911280,-22.791467,-43.176545
Estrada,Da Vendinha,34,Barra de Guaratiba,23020810,-23.062106,-43.564172
Rua,Hilton de Albuquerque,36,Bangu,21863850,-22.845333,-43.468369
Rua,Lauro Evangelista,131,Santa Cruz,23510110,-22.914161,-43.677732
Estrada,Dos Coqueiros,723,Bangu,21843000,-22.874419,-43.499424
Travessa,Jose Lima,5,Vila Kennedy,21852630,-22.854997,-43.497012
Estrada,De Sepetiba,3190,Nova Sepetiba,23545003,-22.959963,-43.697407
Rua,Para,171,Engenho Novo,20715010,-22.912240,-43.269462
Rua,09,6,Paciencia,23580580,-22.914283,-43.630950
Rua,Cybber Porto Mendonca,91,Antares,23510360,-22.919452,-43.653237
Rua,Ari Chagas,340,Sepetiba,23540000,-22.973484,-43.703460
Rua,Joao de Almeida Pereira Filho,34,Senador Camara,21832070,-22.894683,-43.492779
Rua,Joao de Almeida Pereira Filho,39,Senador Camara,21832070,-22.897588,-43.488748
Rua,Caranda,72,Piedade,20740580,-22.903712,-43.311387
